step,t_s,n_m,e_m,d_m,ax_body,ay_body,az_body,gx_body,gy_body,gz_body,m0,m1,m2,m3,imu_recv,navsat_recv,motor_send
0,0.000,0.0000,0.0000,0.0000,-0.0006,0.0019,-9.8025,0.0002,-0.0017,0.0014,0.660,0.643,0.648,0.653,51,0,1
1,0.010,0.0000,0.0000,-0.0200,-0.0004,0.0002,-9.7999,0.0002,-0.0009,-0.0010,0.492,0.506,0.497,0.502,53,2,2
2,0.020,0.0000,0.0000,-0.0200,0.0011,-0.0027,-9.7980,-0.0010,0.0010,0.0004,0.649,0.650,0.652,0.649,55,2,3
3,0.030,0.0000,0.0000,-0.0200,-0.0003,-0.0031,-10.0997,-0.0001,-0.0016,0.0001,0.652,0.650,0.649,0.651,58,3,4
4,0.040,0.0000,0.0000,-0.0200,0.0005,-0.0021,-14.9183,0.0053,-0.0069,0.0010,0.657,0.650,0.646,0.651,60,3,5
5,0.050,0.0000,-0.0000,-0.0204,-0.0011,0.0003,-17.4097,-0.0014,-0.0100,-0.0009,0.649,0.644,0.647,0.654,62,4,6
6,0.060,0.0000,-0.0000,-0.0204,-0.0013,0.0010,-18.5367,-0.0184,-0.0095,0.0001,0.646,0.642,0.659,0.662,64,4,7
7,0.070,-0.0000,0.0000,-0.0233,0.0017,0.0045,-19.2683,-0.0520,-0.0125,-0.0033,0.613,0.609,0.645,0.654,67,5,8
8,0.080,-0.0000,0.0000,-0.0298,-0.0047,0.0048,-19.0221,-0.0776,-0.0161,-0.0108,0.583,0.580,0.618,0.632,69,6,9
9,0.090,-0.0000,0.0000,-0.0298,-0.0029,0.0077,-18.4239,-0.1038,-0.0233,-0.0199,0.628,0.622,0.670,0.691,71,6,10
10,0.100,0.0000,0.0000,-0.0399,-0.0042,0.0138,-19.0706,-0.1672,-0.0515,-0.0455,0.534,0.516,0.599,0.656,74,7,11
11,0.110,0.0000,0.0000,-0.0399,-0.0099,0.0207,-17.9656,-0.2450,-0.0958,-0.0687,0.601,0.561,0.681,0.767,76,7,12
12,0.120,0.0000,0.0000,-0.0535,-0.0151,0.0334,-18.4877,-0.3806,-0.1668,-0.1061,0.471,0.399,0.591,0.737,78,8,13
13,0.130,0.0000,0.0000,-0.0535,-0.0253,0.0559,-18.1464,-0.6206,-0.2911,-0.1577,0.525,0.393,0.727,0.964,80,8,14
14,0.140,0.0001,0.0001,-0.0705,-0.0642,0.1187,-19.7558,-1.2865,-0.6457,-0.2863,0.002,0.000,0.428,1.000,83,9,15
15,0.150,0.0003,0.0001,-0.0910,-0.1501,0.1793,-17.2147,-2.1653,-1.3091,-0.4457,0.000,0.000,0.000,1.000,85,10,16
16,0.160,0.0003,0.0001,-0.0910,-0.2335,0.2567,-14.4635,-3.4573,-2.4869,-0.6279,0.000,0.000,0.000,1.000,87,10,17
17,0.170,0.0008,0.0003,-0.1143,-0.3003,0.3301,-12.4915,-6.0511,-4.9363,-0.8957,0.000,0.000,0.000,1.000,90,11,18
18,0.180,0.0008,0.0003,-0.1143,-0.3274,0.3623,-12.0782,-7.9805,-6.7307,-1.0744,0.000,0.000,0.000,1.000,92,11,19
19,0.190,0.0018,0.0008,-0.1388,-0.3379,0.3959,-11.9478,-9.9912,-8.5537,-1.2522,0.000,0.000,0.000,1.000,94,12,20
20,0.200,0.0018,0.0008,-0.1388,-0.3453,0.4193,-11.9547,-12.0642,-10.3617,-1.4297,0.000,0.000,0.000,1.000,96,12,21
21,0.210,0.0039,0.0021,-0.1641,-0.3537,0.4771,-12.0981,-15.2718,-12.9948,-1.6955,0.000,0.000,0.000,1.000,99,13,22
22,0.220,0.0083,0.0050,-0.1893,-0.3539,0.5101,-12.2419,-17.4802,-14.6801,-1.8701,0.000,0.000,0.000,1.000,101,14,23
23,0.230,0.0083,0.0050,-0.1893,-0.3563,0.5508,-12.4099,-19.7427,-16.2982,-2.0484,0.000,0.000,0.000,1.000,103,14,24
24,0.240,0.0159,0.0103,-0.2132,-0.3475,0.5998,-12.6098,-22.0666,-17.8358,-2.2225,0.000,0.000,0.000,1.000,105,15,25
25,0.250,0.0159,0.0103,-0.2132,-0.3433,0.6784,-12.9412,-25.6691,-19.9767,-2.4880,0.000,0.000,0.000,1.000,108,15,26
26,0.260,0.0275,0.0183,-0.2334,-0.3391,0.7474,-13.1947,-28.1569,-21.2746,-2.6655,0.000,0.000,0.000,1.000,110,16,27
27,0.270,0.0429,0.0285,-0.2470,-0.3415,0.8535,-13.6022,-32.0179,-23.0030,-2.9292,0.000,0.000,0.000,1.000,113,17,28
28,0.280,0.0429,0.0285,-0.2470,-0.3363,0.9401,-13.8998,-34.6797,-23.9965,-3.1070,0.000,0.000,0.000,1.000,115,17,29
29,0.290,0.0598,0.0388,-0.2517,-0.3291,1.0310,-14.2158,-37.4095,-24.8401,-3.2818,0.000,0.000,0.000,1.000,117,18,30
30,0.300,0.0598,0.0388,-0.2517,-0.3102,1.1739,-14.7219,-41.6319,-25.8166,-3.5521,0.000,0.000,0.000,1.000,120,18,31
31,0.310,0.0750,0.0463,-0.2482,-0.2940,1.2797,-15.0820,-44.5262,-26.2529,-3.7317,0.000,0.000,0.000,1.000,122,19,32
32,0.320,0.0750,0.0463,-0.2482,-0.2753,1.3901,-15.4587,-47.4801,-26.5012,-3.9128,0.000,0.000,0.000,1.000,124,19,33
33,0.330,0.0864,0.0499,-0.2408,-0.2240,1.5530,-16.0583,-52.0058,-26.4947,-4.1851,0.000,0.000,0.000,1.000,127,20,34
34,0.340,0.0958,0.0516,-0.2345,-0.1833,1.6470,-16.4701,-55.0762,-26.2189,-4.3685,0.000,0.000,0.000,1.000,129,21,35
35,0.350,0.0958,0.0516,-0.2345,-0.1176,1.7278,-16.9071,-58.1780,-25.7088,-4.5522,0.000,0.000,0.000,1.000,131,21,36
36,0.360,0.1080,0.0556,-0.2289,0.0094,1.8032,-17.5849,-62.8614,-24.4844,-4.8265,0.000,0.000,0.000,1.000,134,22,37
37,0.370,0.1080,0.0556,-0.2289,0.1174,1.8297,-18.0537,-65.9849,-23.3505,-5.0062,0.000,0.000,0.000,1.000,136,22,38
38,0.380,0.1250,0.0626,-0.2171,0.2236,1.8714,-18.5297,-69.0893,-21.9493,-5.1827,0.000,0.000,0.000,1.000,138,23,39
39,0.390,0.1250,0.0626,-0.2171,0.3306,1.9500,-19.0095,-72.1573,-20.2709,-5.3593,0.000,0.000,0.896,1.000,140,23,40
40,0.400,0.1416,0.0679,-0.1954,0.4595,2.1744,-20.5007,-75.1189,-18.2691,-5.5427,0.000,0.000,0.000,1.000,142,24,41
41,0.410,0.1537,0.0687,-0.1709,0.6380,2.5052,-21.6123,-78.8673,-14.2037,-5.8594,0.000,0.000,0.000,1.000,145,25,42
42,0.420,0.1537,0.0687,-0.1709,0.7519,2.5671,-21.2041,-81.4010,-11.3126,-6.0602,0.000,0.000,0.000,1.000,147,25,43
43,0.430,0.1723,0.0722,-0.1593,0.1411,0.7647,-13.8785,-31.0324,23.2263,0.7192,0.000,1.000,0.000,0.000,149,26,44
44,0.440,0.1723,0.0722,-0.1593,0.0141,0.3453,-10.8429,-33.2064,20.4039,0.5400,0.000,0.000,1.000,0.000,152,26,45
45,0.450,0.2137,0.0852,-0.1746,0.0933,0.1224,-9.7297,-33.1161,19.2856,0.5201,0.000,0.000,1.000,0.000,154,27,46
46,0.460,0.2137,0.0852,-0.1746,0.2409,0.0178,-11.1043,-32.2997,19.5196,0.4295,0.000,0.000,1.000,0.000,156,27,47
47,0.470,0.2586,0.0979,-0.1841,0.4092,-0.0357,-12.5701,-30.1395,21.3365,0.2050,0.000,0.000,1.000,0.000,159,28,48
48,0.480,0.3049,0.1081,-0.1861,0.5015,-0.0446,-12.9723,-28.3773,23.0213,0.0293,0.000,0.000,1.000,0.000,161,29,49
49,0.490,0.3049,0.1081,-0.1861,0.5861,-0.0390,-13.1592,-26.4848,24.8878,-0.1570,0.000,0.000,1.000,0.000,163,29,50
50,0.500,0.3495,0.1149,-0.1812,0.7260,-0.0291,-13.2844,-23.4789,27.8700,-0.4232,0.000,0.000,1.000,0.000,166,30,51
51,0.510,0.3495,0.1149,-0.1812,0.8258,-0.0265,-13.3387,-21.3839,29.9236,-0.5945,0.000,0.000,1.000,0.000,168,30,52
52,0.520,0.3900,0.1186,-0.1719,0.9677,-0.0404,-13.4377,-18.1096,33.0603,-0.8388,0.000,1.000,0.000,0.000,171,31,53
53,0.530,0.4263,0.1211,-0.1612,0.8047,-0.0349,-10.6951,-16.1292,34.5344,-0.9248,0.000,0.000,1.000,0.000,173,32,54
54,0.540,0.4263,0.1211,-0.1612,0.8905,-0.0416,-11.4178,-14.2557,34.9907,-0.9239,0.000,0.000,1.000,0.000,175,32,55
55,0.550,0.4610,0.1243,-0.1507,1.0672,-0.1094,-12.7773,-11.1009,36.9851,-1.0419,0.000,0.882,1.000,0.000,178,33,56
56,0.560,0.4610,0.1243,-0.1507,1616.2837,48.0728,-526.3497,4.7192,17.7865,17.3281,1.000,0.000,0.000,0.000,180,33,57
57,0.570,0.4940,0.1337,-0.1488,0.4110,0.5756,-13.0530,3.9551,19.6247,17.1988,0.000,1.000,0.087,0.000,182,34,58
58,0.580,0.4940,0.1337,-0.1488,0.2565,0.8545,-10.9862,1.4950,20.9722,17.1645,0.000,0.163,1.000,0.000,184,34,59
59,0.590,0.5235,0.1549,-0.1655,0.0314,0.8585,-11.4891,-1.8683,21.0421,17.1478,0.000,0.000,1.000,0.000,187,35,60
60,0.600,0.5574,0.1767,-0.1786,0.0340,0.8392,-11.8318,-3.7398,21.5892,17.0270,0.000,0.000,1.000,0.000,189,36,61
61,0.610,0.5574,0.1767,-0.1786,-0.0134,0.8711,-12.1551,-6.4984,22.7234,16.7633,0.000,0.000,1.000,0.000,192,36,62
62,0.620,0.5956,0.1993,-0.1862,-0.0744,0.8993,-12.3075,-8.3690,23.3532,16.5671,0.000,0.000,1.000,0.000,194,37,63
63,0.630,0.5956,0.1993,-0.1862,-0.1490,0.9260,-12.4206,-10.2645,23.7712,16.3636,0.000,0.000,1.000,0.000,196,37,64
64,0.640,0.6369,0.2239,-0.1867,-0.2344,0.9430,-12.5062,-12.1490,23.9350,16.1598,0.000,0.000,1.000,0.000,198,38,65
65,0.650,0.6369,0.2239,-0.1867,-0.3221,0.9523,-12.5735,-13.9939,23.8439,15.9523,0.000,0.000,1.000,0.000,200,38,66
66,0.660,0.6791,0.2520,-0.1800,0.2618,-0.1294,-11.6517,7.2076,5.3936,12.3920,1.000,0.000,0.000,0.000,202,39,67
67,0.670,0.7239,0.2712,-0.1848,0.3569,0.2567,-8.9319,8.0415,9.4580,12.1806,0.000,1.000,0.000,0.000,205,40,68
68,0.680,0.7239,0.2712,-0.1848,0.1492,0.4740,-7.5524,7.0733,11.3653,12.1770,0.000,1.000,0.164,0.000,207,40,69
69,0.690,0.7676,0.2937,-0.1844,0.0002,0.4769,-9.4008,6.5989,11.8818,12.2203,0.000,0.639,1.000,0.000,209,41,70
70,0.700,0.7676,0.2937,-0.1844,0.1273,0.3733,-13.2334,6.9977,12.1936,12.2617,0.000,1.000,0.755,0.000,212,41,71
71,0.710,0.8090,0.3191,-0.1792,0.1733,0.3421,-15.8809,7.9018,12.8824,12.2517,0.000,0.371,1.000,0.000,214,42,72
72,0.720,0.8090,0.3191,-0.1792,0.3612,0.3139,-15.8597,8.9783,13.7528,12.2293,0.000,1.000,0.097,0.000,216,42,73
73,0.730,0.8461,0.3483,-0.1699,0.3368,0.4106,-13.7854,10.0034,15.4035,12.1998,0.000,1.000,0.000,0.000,219,43,74
74,0.740,0.8784,0.3807,-0.1580,0.3006,0.4355,-12.8064,10.3152,15.4602,12.2811,0.000,1.000,0.000,0.000,221,44,75
75,0.750,0.8784,0.3807,-0.1580,0.3089,0.4196,-12.3611,10.5231,15.1250,12.4012,1.000,0.022,0.000,0.000,223,44,76
76,0.760,0.9067,0.4148,-0.1448,0.6570,0.5832,-9.4311,9.8441,15.2504,12.5891,0.000,0.000,1.000,0.000,226,45,77
77,0.770,0.9067,0.4148,-0.1448,0.7431,0.5564,-8.5348,8.0161,16.6481,12.6517,1.000,0.270,0.000,0.000,228,45,78
78,0.780,0.9325,0.4495,-0.1309,0.8684,0.6073,-9.5332,6.3801,18.4526,12.6443,0.000,0.000,1.000,0.000,230,46,79
79,0.790,0.9572,0.4843,-0.1166,0.8871,0.6017,-10.4359,2.6441,21.2171,12.6625,0.000,0.000,1.000,0.000,233,47,80
80,0.800,0.9572,0.4843,-0.1166,0.8661,0.5269,-11.2568,0.9332,23.0366,12.5684,0.000,0.000,1.000,0.000,235,47,81
81,0.810,0.9823,0.5196,-0.1025,0.8041,0.5141,-12.0863,-1.1635,25.7220,12.3483,0.000,0.000,1.000,0.000,238,48,82
82,0.820,0.9823,0.5196,-0.1025,-2.5485,-0.1526,-17.5069,-4.6380,13.0475,-2.9154,1.000,0.000,0.000,0.000,240,48,83
83,0.830,0.9969,0.5451,-0.1122,0.3085,0.0164,-9.3894,-0.8250,11.2550,-0.7632,0.000,0.000,1.000,0.000,243,49,84
84,0.840,1.0081,0.5694,-0.1337,0.3417,-0.0835,-10.1593,-0.3002,12.7515,-0.8235,0.000,0.633,1.000,0.000,245,50,85
85,0.850,1.0081,0.5694,-0.1337,0.3609,-0.2011,-11.7197,1.0308,14.4867,-0.9235,1.000,0.000,0.000,0.000,247,50,86
86,0.860,1.0218,0.5968,-0.1527,0.3111,-0.1388,-11.2236,2.6769,16.0372,-1.0115,0.000,0.000,1.000,0.000,249,51,87
87,0.870,1.0218,0.5968,-0.1527,0.3344,-0.1513,-11.0340,3.5251,18.3674,-1.0340,1.000,0.927,0.000,0.000,252,51,88
88,0.880,1.0383,0.6278,-0.1680,0.2737,-0.0959,-13.2532,4.4811,19.8631,-1.0554,0.000,1.000,0.000,0.000,254,52,89
89,0.890,1.0579,0.6620,-0.1780,-0.0136,-0.1928,-13.2381,5.5778,20.3673,-0.8568,0.000,1.000,0.000,0.000,257,53,90
90,0.900,1.0579,0.6620,-0.1780,-0.1524,-0.2644,-12.5360,7.1024,19.2848,-0.7012,0.000,1.000,0.000,0.000,259,53,91
91,0.910,1.0808,0.6987,-0.1806,-0.2296,-0.3088,-12.2616,8.9145,17.6981,-0.5444,0.000,1.000,0.000,0.000,261,54,92
92,0.920,1.0808,0.6987,-0.1806,-0.2765,-0.3369,-12.1288,10.8369,15.8835,-0.3857,0.000,1.000,0.000,0.000,263,54,93
93,0.930,1.1061,0.7361,-0.1752,-0.3127,-0.3479,-12.0750,12.7990,13.9708,-0.2267,0.000,1.000,0.000,0.000,265,55,94
94,0.940,1.1061,0.7361,-0.1752,-0.3516,-0.3769,-12.0635,15.7448,11.0549,0.0109,0.000,1.000,0.000,0.000,268,55,95
95,0.950,1.1332,0.7722,-0.1616,-0.3633,-0.3941,-12.0915,17.6999,9.1194,0.1644,0.000,1.000,0.000,0.000,270,56,96
96,0.960,1.1567,0.8021,-0.1498,-2.5507,-0.6346,-7.8905,6.5627,-0.8462,-5.2869,0.000,0.000,0.000,1.000,273,57,97
97,0.970,1.1567,0.8021,-0.1498,-1.8822,1.4759,-8.2970,7.0913,-3.1308,-5.3591,1.000,0.738,0.000,0.000,275,57,98
98,0.980,1.1654,0.8182,-0.1600,-3.8446,3.5043,-8.8177,6.8710,-4.8611,-5.3747,1.000,0.641,0.000,0.013,277,58,99
99,0.990,1.1654,0.8182,-0.1600,-4.7974,6.2293,-11.7941,5.7297,-5.8533,-5.5499,1.000,0.798,0.000,0.000,280,58,100
100,1.000,1.1751,0.8302,-0.1667,-5.0218,7.2575,-13.6509,4.4012,-5.9068,-5.2729,0.684,1.000,0.000,0.388,282,59,101
101,1.010,1.1751,0.8302,-0.1667,-5.4805,7.4774,-14.8927,3.0645,-6.0032,-4.9324,1.000,0.974,0.000,0.510,284,59,102
102,1.020,1.1872,0.8366,-0.1712,-5.4440,7.3655,-19.0164,1.6072,-7.1342,-4.4414,1.000,0.196,0.000,0.758,287,60,103
103,1.030,1.2037,0.8374,-0.1735,-3.4440,7.1586,-19.7740,0.1525,-7.4437,-3.9773,1.000,0.433,0.000,0.773,289,61,104
104,1.040,1.2037,0.8374,-0.1735,-1.7903,5.8343,-21.1822,-1.7945,-7.1363,-3.4248,0.285,0.000,0.000,1.000,291,61,105
105,1.050,1.2269,0.8329,-0.1726,-0.2804,0.3472,-18.0855,-3.9598,-6.9413,-3.0519,0.000,0.000,0.000,1.000,293,62,106
106,1.060,1.2269,0.8329,-0.1726,-0.3407,0.3941,-13.9583,-7.6507,-8.1928,-3.1151,0.000,0.000,0.000,1.000,296,62,107
107,1.070,1.2562,0.8252,-0.1660,-0.3440,0.4181,-12.7993,-9.9960,-9.5352,-3.2384,0.000,0.000,0.000,1.000,298,63,108
108,1.080,1.2562,0.8252,-0.1660,-0.3266,0.4468,-12.3516,-12.3448,-10.9833,-3.3870,0.000,0.000,0.000,1.000,300,63,109
109,1.090,1.2898,0.8155,-0.1528,-0.2835,0.4908,-12.2426,-15.9492,-13.1230,-3.6306,0.000,0.000,0.000,1.000,303,64,110
110,1.100,1.3266,0.8049,-0.1322,-0.2443,0.5173,-12.3319,-18.4274,-14.4524,-3.7997,0.000,0.000,0.000,1.000,305,65,111
111,1.110,1.3266,0.8049,-0.1322,-0.1728,0.5644,-12.5679,-22.2770,-16.2337,-4.0540,0.000,0.000,0.000,1.000,308,65,112
112,1.120,1.3651,0.7943,-0.1031,-0.1195,0.5992,-12.7706,-24.9327,-17.2572,-4.2261,0.000,0.000,0.000,1.000,310,66,113
113,1.130,1.3651,0.7943,-0.1031,3.3944,7.6648,-6.3176,-1.6154,2.2670,-22.5138,0.000,1.000,0.000,0.000,312,66,114
114,1.140,1.3997,0.8007,-0.0865,1.8481,-6.0198,-4.9794,-1.7096,2.0821,-22.9270,0.000,1.000,0.000,0.010,314,67,115
115,1.150,1.3997,0.8007,-0.0865,2.4224,-4.4823,-6.2429,-0.9936,1.6898,-22.4336,0.000,1.000,0.000,0.000,316,67,116
116,1.160,1.4309,0.8143,-0.0733,6.6522,-9.1757,-4.9620,-4.4174,5.4046,-15.3864,0.000,0.000,1.000,0.000,318,68,117
117,1.170,1.4548,0.8222,-0.0588,5.1951,-5.0014,-4.5851,-2.9838,6.0844,-12.7459,0.000,1.000,0.000,0.000,321,69,118
118,1.180,1.4548,0.8222,-0.0588,7.2615,-6.0152,-3.8592,-1.7406,6.9691,-11.5588,0.000,1.000,0.000,0.000,323,69,119
119,1.190,1.4755,0.8280,-0.0393,9.8882,-7.1712,-2.3876,-0.8430,7.5363,-9.7523,0.000,1.000,0.000,0.000,325,70,120
120,1.200,1.4755,0.8280,-0.0393,10.8134,3.6027,11.4288,0.0037,-0.1170,-2.8365,1.000,0.000,0.000,0.000,328,70,121
121,1.210,1.4888,0.8292,-0.0266,17.4366,-0.3459,9.8094,0.0017,-0.0013,-1.7196,0.427,1.000,0.000,0.000,330,71,122
122,1.220,1.4888,0.8292,-0.0266,9.3398,12.1156,9.7847,-0.0003,-0.0013,-0.3769,0.114,1.000,0.000,0.000,332,71,123
123,1.230,1.4929,0.8280,-0.0267,2.9438,1.2763,9.7974,-0.0008,-0.0011,0.1338,0.461,1.000,0.000,0.000,335,72,124
124,1.240,1.4941,0.8281,-0.0267,2.2986,1.6305,9.7976,0.0008,-0.0002,0.2713,0.098,1.000,0.000,0.000,337,73,125
125,1.250,1.4941,0.8281,-0.0267,1.9193,2.0561,9.7963,0.0005,0.0012,0.4676,0.227,1.000,0.000,0.000,339,73,126
126,1.260,1.4943,0.8288,-0.0267,1.6597,2.3539,9.7963,-0.0008,0.0009,0.7383,0.397,1.000,0.000,0.000,341,74,127
127,1.270,1.4943,0.8288,-0.0267,1.2600,2.3547,9.7973,0.0008,0.0004,1.1942,0.581,1.000,0.000,0.000,344,74,128
128,1.280,1.4936,0.8301,-0.0267,0.9299,2.0245,9.7976,-0.0005,0.0033,1.4758,0.565,1.000,0.000,0.000,346,75,129
129,1.290,1.4922,0.8322,-0.0267,1.6580,1.6343,9.8014,0.0005,0.0042,1.7798,0.662,1.000,0.000,0.000,349,76,130
130,1.300,1.4922,0.8322,-0.0267,-0.8742,-0.0248,9.7980,-0.0011,0.0028,1.9054,0.730,1.000,0.000,0.000,351,76,131
131,1.310,1.4902,0.8348,-0.0268,1.8037,5.5863,9.7917,0.0001,0.0030,2.6481,0.996,1.000,0.310,0.000,354,77,132
132,1.320,1.4902,0.8348,-0.0268,4.2165,13.2301,9.7850,-0.0025,0.0068,4.1281,1.000,0.372,0.144,0.000,356,77,133
133,1.330,1.4875,0.8396,-0.0268,4.5361,14.7789,9.7791,-0.0020,0.0094,6.8974,1.000,0.605,0.376,0.000,359,78,134
134,1.340,1.4829,0.8498,-0.0268,3.0373,12.0024,9.7886,-0.0040,0.0101,8.5593,1.000,0.652,0.424,0.000,361,79,135
135,1.350,1.4829,0.8498,-0.0268,4.6193,10.6894,9.7816,-0.0026,0.0128,9.8460,1.000,0.186,0.000,0.000,363,79,136
136,1.360,1.4769,0.8649,-0.0268,5.4717,8.2215,9.7911,-0.0041,0.0158,10.9571,0.995,1.000,0.772,0.000,365,80,137
137,1.370,1.4769,0.8649,-0.0268,5.9992,5.8271,9.7955,-0.0034,0.0161,11.8972,1.000,0.000,0.000,0.000,367,80,138
138,1.380,1.4694,0.8839,-0.0268,7.6714,3.7027,9.7854,-0.0055,0.0160,13.4325,0.705,1.000,0.773,0.000,370,81,139
139,1.390,1.4694,0.8839,-0.0268,8.8932,6.8693,9.7793,-0.0062,0.0172,13.5315,1.000,0.000,0.000,0.000,372,81,140
140,1.400,1.4597,0.9064,-0.0269,0.8331,-0.2680,9.7922,-0.0074,0.0183,12.6458,0.377,1.000,0.773,0.000,375,82,141
141,1.410,1.4498,0.9305,-0.0269,-13.8122,3.1117,9.7912,-0.0043,0.0142,11.7510,1.000,0.978,0.748,0.000,377,83,142
142,1.420,1.4498,0.9305,-0.0269,-4.1510,8.3784,9.7874,-0.0036,0.0125,9.6162,1.000,0.000,0.000,0.000,380,83,143
143,1.430,1.4430,0.9524,-0.0269,0.8488,-2.9213,9.8017,-0.0030,0.0108,7.9544,0.322,1.000,0.771,0.000,382,84,144
144,1.440,1.4430,0.9524,-0.0269,-0.5973,-1.3463,9.8010,-0.0008,0.0070,6.0685,1.000,0.391,0.000,0.000,384,84,145
145,1.450,1.4379,0.9738,-0.0269,-5.4408,20.3662,9.7715,-0.0023,0.0041,4.7972,0.000,1.000,0.359,0.000,386,85,146
146,1.460,1.4360,0.9948,-0.0269,-4.7073,8.1559,9.7847,-0.0004,0.0049,4.3278,0.786,1.000,0.480,0.000,389,86,147
147,1.470,1.4360,0.9948,-0.0269,-5.9371,19.8498,9.7726,-0.0026,0.0057,3.9005,1.000,0.446,0.000,0.000,391,86,148
148,1.480,1.4400,1.0144,-0.0270,-3.2347,7.7643,9.7919,-0.0019,0.0070,4.8918,0.454,1.000,0.770,0.000,394,87,149
149,1.490,1.4400,1.0144,-0.0270,-2.2198,6.9910,9.7905,-0.0004,0.0079,5.7982,1.000,0.275,0.045,0.000,396,87,150
150,1.500,1.4480,1.0325,-0.0270,-1.3398,6.8592,9.7930,-0.0030,0.0091,6.5304,0.391,1.000,0.772,0.000,398,88,151
151,1.510,1.4586,1.0497,-0.0270,-1.8333,5.1621,9.7921,-0.0028,0.0105,7.5136,0.814,1.000,0.771,0.000,401,89,152
152,1.520,1.4586,1.0497,-0.0270,-2.3283,4.5506,9.7902,-0.0032,0.0081,7.9448,1.000,0.482,0.253,0.000,403,89,153
153,1.530,1.4711,1.0658,-0.0270,14.5248,5.6232,9.7822,-0.0035,0.0090,9.3443,0.071,1.000,0.771,0.000,406,90,154
154,1.540,1.4711,1.0658,-0.0270,20.3200,7.1757,9.7781,-0.0037,0.0114,11.0439,1.000,0.587,0.358,0.000,408,90,155
155,1.550,1.4870,1.0837,-0.0270,-20.0224,1.4451,9.7848,-0.0048,0.0140,10.4722,0.325,1.000,0.772,0.000,410,91,156
156,1.560,1.5029,1.0996,-0.0271,-7.0802,-0.0412,9.7932,-0.0014,0.0111,9.9649,0.768,1.000,0.768,0.000,413,92,157
157,1.570,1.5029,1.0996,-0.0271,-6.3567,1.8837,9.7975,-0.0017,0.0124,9.9931,0.771,1.000,0.771,0.000,415,92,158
158,1.580,1.5169,1.1131,-0.0271,-11.3956,10.6970,9.7796,-0.0046,0.0111,9.5701,0.764,1.000,0.773,0.000,417,93,159
159,1.590,1.5169,1.1131,-0.0271,-10.9488,11.8112,9.7821,-0.0017,0.0102,8.0222,0.766,1.000,0.768,0.000,419,93,160
160,1.600,1.5294,1.1218,-0.0271,14.5068,12.3963,9.7779,-0.0055,0.0031,5.7305,0.040,1.000,0.041,0.000,422,94,161
161,1.610,1.5294,1.1218,-0.0271,7.4462,13.3280,9.7796,-0.0035,0.0032,4.6083,0.274,1.000,0.275,0.000,424,94,162
162,1.620,1.5441,1.1259,-0.0271,4.4916,13.8922,9.7806,-0.0028,0.0026,3.9351,0.320,1.000,0.321,0.000,426,95,163
163,1.630,1.5630,1.1257,-0.0271,4.0713,13.8333,9.7791,-0.0002,0.0037,3.1411,0.105,1.000,0.106,0.000,429,96,164
164,1.640,1.5630,1.1257,-0.0271,-13.8813,-4.3561,9.8059,-0.0002,0.0029,2.7535,0.215,1.000,0.447,0.000,431,96,165
165,1.650,1.5823,1.1223,-0.0272,-13.4694,-4.0365,9.8092,-0.0006,0.0019,2.5277,0.193,1.000,0.039,0.000,433,97,166
166,1.660,1.5823,1.1223,-0.0272,-13.2559,-3.6474,9.8036,-0.0000,0.0020,2.2331,0.151,1.000,0.631,0.000,435,97,167
167,1.670,1.5962,1.1192,-0.0272,-13.6565,-4.1451,9.8031,0.0003,0.0006,2.0042,0.096,1.000,0.000,0.000,437,98,168
168,1.680,1.5962,1.1192,-0.0272,-13.0079,-3.4545,9.8000,0.0021,0.0011,1.4039,0.000,1.000,0.499,0.000,440,98,169
169,1.690,1.6044,1.1169,-0.0272,-13.2955,-4.0247,9.8029,0.0004,-0.0003,1.1351,0.000,1.000,0.000,0.000,442,99,170
170,1.700,1.6072,1.1155,-0.0272,-1.5938,-3.5720,9.8033,0.0013,0.0020,0.6148,0.000,1.000,0.139,0.000,445,100,171
171,1.710,1.6072,1.1155,-0.0272,-1.0766,-2.9612,9.7996,0.0025,-0.0012,0.2205,0.000,1.000,0.142,0.000,447,100,172
172,1.720,1.6073,1.1151,-0.0273,-0.9599,-2.6867,9.8022,0.0004,-0.0024,-0.1304,0.000,1.000,0.000,0.000,449,101,173
173,1.730,1.6073,1.1151,-0.0273,0.1039,0.3009,9.7980,0.0012,-0.0007,-0.0548,0.000,1.000,0.181,0.000,452,101,174
174,1.740,1.6073,1.1153,-0.0273,0.0058,0.0390,9.7997,-0.0004,-0.0031,-0.0533,0.000,1.000,0.158,0.000,454,102,175
175,1.750,1.6073,1.1153,-0.0273,0.0240,0.0886,9.7995,0.0005,-0.0009,-0.0432,0.000,1.000,0.159,0.000,456,102,176
176,1.760,1.6073,1.1153,-0.0273,0.0220,0.0706,9.8004,0.0006,-0.0001,-0.0295,0.000,1.000,0.189,0.000,459,103,177
177,1.770,1.6072,1.1154,-0.0273,0.0129,0.0447,9.8010,0.0011,-0.0000,-0.0254,0.000,1.000,0.193,0.000,461,104,178
178,1.780,1.6072,1.1154,-0.0273,0.0144,0.0481,9.7974,0.0002,-0.0014,-0.0223,0.000,1.000,0.204,0.000,463,104,179
179,1.790,1.6072,1.1154,-0.0273,0.0061,0.0392,9.8002,-0.0006,-0.0008,-0.0187,0.000,1.000,0.223,0.000,465,105,180
180,1.800,1.6072,1.1154,-0.0273,0.0058,0.0359,9.8031,0.0003,-0.0004,-0.0142,0.000,1.000,0.231,0.000,467,105,181
181,1.810,1.6072,1.1154,-0.0274,1.1039,3.6031,9.7915,0.0004,0.0002,0.1761,0.000,1.000,0.374,0.000,470,106,182
182,1.820,1.6072,1.1154,-0.0274,1.1607,3.4397,9.7957,-0.0019,0.0005,0.6049,0.098,1.000,0.580,0.000,472,106,183
183,1.830,1.6075,1.1148,-0.0274,9.4933,3.3753,9.7924,-0.0022,-0.0009,0.9676,0.144,1.000,0.554,0.000,474,107,184
184,1.840,1.6075,1.1148,-0.0274,11.8199,2.7593,9.7936,-0.0020,-0.0016,1.2068,0.145,1.000,0.644,0.000,476,107,185
185,1.850,1.6104,1.1130,-0.0274,14.6521,1.8343,9.7891,-0.0043,0.0005,1.4283,0.172,1.000,0.412,0.000,479,108,186
186,1.860,1.6184,1.1107,-0.0274,13.6421,1.8753,9.7961,-0.0022,0.0005,1.5299,0.144,1.000,0.304,0.000,481,109,187
187,1.870,1.6184,1.1107,-0.0274,-17.0756,-6.9215,9.7978,-0.0022,0.0003,0.7990,0.000,1.000,0.514,0.000,483,109,188
188,1.880,1.6261,1.1094,-0.0274,-16.9381,-1.3221,9.7939,-0.0028,-0.0011,-0.2294,0.000,1.000,0.000,0.000,486,110,189
189,1.890,1.6261,1.1094,-0.0274,9.2180,3.1252,9.7917,-0.0013,-0.0005,0.1238,0.000,1.000,0.741,0.000,488,110,190
190,1.900,1.6285,1.1094,-0.0274,-17.0862,-7.4291,9.8062,-0.0042,-0.0019,0.0198,0.000,1.000,0.211,0.000,490,111,191
191,1.910,1.6285,1.1094,-0.0274,12.2759,2.3123,9.7917,-0.0055,0.0013,0.1309,0.000,1.000,0.450,0.000,492,111,192
192,1.920,1.6310,1.1092,-0.0274,-2.3578,3.8837,9.7902,-0.0048,0.0010,0.5718,0.090,1.000,0.564,0.000,494,112,193
193,1.930,1.6326,1.1087,-0.0274,0.0422,0.2218,9.7956,-0.0039,-0.0016,-0.1550,0.000,1.000,0.027,0.000,497,113,194
194,1.940,1.6326,1.1087,-0.0274,10.5543,2.7253,9.7949,-0.0049,-0.0016,0.1215,0.000,1.000,0.554,0.000,499,113,195
195,1.950,1.6337,1.1085,-0.0275,-15.6908,-5.6589,9.8044,-0.0034,-0.0011,0.2589,0.000,1.000,0.444,0.000,501,114,196
196,1.960,1.6337,1.1085,-0.0275,12.0177,2.3040,9.7968,-0.0058,0.0005,0.1456,0.000,1.000,0.386,0.000,504,114,197
197,1.970,1.6348,1.1083,-0.0275,0.6692,0.0100,9.7957,-0.0046,-0.0011,0.0020,0.000,1.000,0.282,0.000,506,115,198
198,1.980,1.6348,1.1083,-0.0275,-14.0293,-4.8456,9.8012,-0.0058,-0.0009,0.1589,0.000,1.000,0.554,0.000,508,115,199
199,1.990,1.6355,1.1082,-0.0275,-0.0103,0.0017,9.7973,-0.0053,0.0001,0.0005,0.000,1.000,0.314,0.000,511,116,200
200,2.000,1.6357,1.1081,-0.0275,-1.0446,-0.9928,9.7984,-0.0051,-0.0015,0.1671,0.000,1.000,0.555,0.000,513,117,201
201,2.010,1.6357,1.1081,-0.0275,0.0579,0.1877,9.7959,-0.0042,-0.0003,-0.0961,0.000,1.000,0.322,0.000,516,117,202
202,2.020,1.6357,1.1082,-0.0275,0.0827,0.2464,9.7932,-0.0066,0.0006,-0.0615,0.000,1.000,0.462,0.000,518,118,203
203,2.030,1.6357,1.1082,-0.0275,0.0417,0.1270,9.7992,-0.0024,0.0003,-0.0447,0.000,1.000,0.450,0.000,520,118,204
204,2.040,1.6356,1.1083,-0.0275,0.0274,0.0788,9.7958,-0.0046,0.0004,-0.0263,0.000,1.000,0.480,0.000,523,119,205
205,2.050,1.6356,1.1084,-0.0275,0.0165,0.0562,9.7986,-0.0028,0.0008,-0.0204,0.000,1.000,0.475,0.000,525,120,206
206,2.060,1.6356,1.1084,-0.0275,0.0117,0.0412,9.8014,-0.0008,-0.0019,-0.0140,0.000,1.000,0.483,0.000,527,120,207
207,2.070,1.6356,1.1084,-0.0275,0.0031,0.0334,9.7975,-0.0022,0.0003,-0.0109,0.000,1.000,0.498,0.000,529,121,208
208,2.080,1.6356,1.1084,-0.0275,0.0055,0.0203,9.7994,-0.0020,0.0008,-0.0084,0.000,1.000,0.503,0.000,531,121,209
209,2.090,1.6356,1.1084,-0.0275,0.0179,0.0115,9.7977,-0.0025,0.0005,-0.0073,0.000,1.000,0.514,0.000,534,122,210
210,2.100,1.6356,1.1084,-0.0275,0.0462,0.0151,9.7990,-0.0026,-0.0004,-0.0060,0.000,1.000,0.520,0.000,536,122,211
211,2.110,1.6356,1.1084,-0.0275,0.0193,0.0091,9.7993,-0.0009,0.0008,-0.0010,0.000,1.000,0.531,0.000,539,123,212
212,2.120,1.6356,1.1084,-0.0275,0.0015,0.0073,9.7994,-0.0016,-0.0006,-0.0016,0.000,1.000,0.538,0.000,541,124,213
213,2.130,1.6356,1.1084,-0.0275,-0.0077,-0.0014,9.7985,-0.0016,0.0010,-0.0003,0.000,1.000,0.546,0.000,544,124,214
214,2.140,1.6356,1.1084,-0.0275,-0.0067,-0.0030,9.7992,-0.0015,-0.0003,-0.0016,0.000,1.000,0.553,0.000,546,125,215
215,2.150,1.6356,1.1084,-0.0275,0.0066,-0.0015,9.7993,0.0003,0.0006,0.0017,0.000,1.000,0.561,0.000,548,125,216
216,2.160,1.6356,1.1084,-0.0275,0.0115,-0.0039,9.7972,-0.0006,-0.0007,0.0041,0.000,1.000,0.571,0.000,551,126,217
217,2.170,1.6356,1.1084,-0.0275,0.0107,-0.0026,9.8000,-0.0004,0.0018,0.0050,0.000,1.000,0.577,0.000,553,127,218
218,2.180,1.6356,1.1084,-0.0275,0.0038,-0.0045,9.8008,-0.0002,0.0008,0.0082,0.000,1.000,0.586,0.000,555,127,219
219,2.190,1.6356,1.1084,-0.0275,-0.0138,0.0045,9.7996,-0.0013,-0.0009,0.0080,0.000,1.000,0.593,0.000,557,128,220
220,2.200,1.6356,1.1084,-0.0275,-0.0087,0.0014,9.7972,-0.0018,0.0004,0.0142,0.000,1.000,0.604,0.000,560,128,221
221,2.210,1.6356,1.1084,-0.0275,0.0078,-0.0027,9.8026,-0.0023,-0.0004,0.0162,0.000,1.000,0.609,0.000,562,129,222
222,2.220,1.6356,1.1084,-0.0275,-0.0060,0.0013,9.8003,0.0003,-0.0016,0.0166,0.000,1.000,0.614,0.000,564,129,223
223,2.230,1.6356,1.1084,-0.0275,0.0145,0.0008,9.7988,-0.0003,-0.0017,0.0182,0.000,1.000,0.623,0.000,567,130,224
224,2.240,1.6356,1.1084,-0.0275,0.0078,0.0036,9.7970,-0.0009,-0.0004,0.0208,0.000,1.000,0.631,0.000,569,131,225
225,2.250,1.6356,1.1084,-0.0275,0.1371,0.0040,9.8004,0.0006,-0.0005,0.0206,0.004,1.000,0.634,0.000,571,131,226
226,2.260,1.6356,1.1084,-0.0275,1.7109,0.0335,9.8038,-0.0009,0.0000,0.0245,0.000,1.000,0.634,0.000,574,132,227
227,2.270,1.6356,1.1084,-0.0275,0.0291,0.0351,9.7995,0.0001,0.0002,0.0110,0.001,1.000,0.638,0.000,576,132,228
228,2.280,1.6357,1.1084,-0.0275,0.0116,0.0377,9.7973,-0.0002,0.0017,0.0113,0.008,1.000,0.649,0.000,578,133,229
229,2.290,1.6357,1.1084,-0.0275,-0.0648,0.0573,9.8002,0.0014,0.0009,0.0150,0.016,1.000,0.656,0.000,581,134,230
230,2.300,1.6357,1.1084,-0.0275,1.0467,0.0253,9.7999,0.0002,-0.0005,0.0411,0.029,1.000,0.674,0.000,583,134,231
231,2.310,1.6358,1.1084,-0.0275,-4.7752,0.4354,9.7971,-0.0004,0.0001,0.0296,0.043,1.000,0.688,0.000,586,135,232
232,2.320,1.6358,1.1084,-0.0275,-4.1513,0.1517,9.7988,-0.0008,0.0002,0.0280,0.065,1.000,0.710,0.000,588,135,233
233,2.330,1.6361,1.1084,-0.0275,11.3875,-1.8849,9.7995,-0.0002,-0.0001,0.0421,0.000,1.000,0.628,0.000,591,136,234
234,2.340,1.6362,1.1083,-0.0275,-6.3589,5.9416,14.0336,0.1529,-0.0015,-0.5570,0.000,1.000,0.233,0.000,593,137,235
235,2.350,1.6362,1.1083,-0.0275,4.4662,2.9808,9.8009,0.0005,0.0002,0.2789,0.194,0.821,1.000,0.000,595,137,236
236,2.360,1.6388,1.1085,-0.0275,21.7971,-1.0286,9.7988,-0.0005,0.0008,0.3581,0.000,1.000,0.625,0.000,598,138,237
237,2.370,1.6388,1.1085,-0.0275,-1.4216,2.1911,9.7954,-0.0005,0.0009,0.2135,0.083,1.000,0.778,0.000,600,138,238
238,2.380,1.6471,1.1083,-0.0275,-7.0103,-1.7824,9.8003,0.0007,-0.0014,0.1771,0.000,1.000,0.381,0.000,602,139,239
239,2.390,1.6471,1.1083,-0.0275,-9.0143,-0.0431,9.8028,0.0002,0.0008,0.0416,0.293,1.000,0.944,0.269,604,139,240
240,2.400,1.6557,1.1082,-0.0275,2.4491,0.0480,9.7994,-0.0004,0.0001,0.0356,0.000,1.000,0.365,0.000,606,140,241
241,2.410,1.6628,1.1082,-0.0275,0.9159,-0.0155,9.7982,0.0005,0.0002,0.0262,0.000,1.000,0.624,0.000,609,141,242
242,2.420,1.6628,1.1082,-0.0275,-2.0616,-0.6306,9.8003,0.0012,-0.0003,0.0236,0.319,1.000,0.959,0.212,611,141,243
243,2.430,1.6697,1.1082,-0.0275,-4.2081,1.2834,9.8012,0.0014,0.0002,0.0119,0.000,1.000,0.446,0.000,613,142,244
244,2.440,1.6697,1.1082,-0.0275,0.7026,-0.0079,9.7991,0.0002,0.0008,0.0232,0.305,1.000,0.965,0.194,616,142,245
245,2.450,1.6758,1.1082,-0.0275,-3.7482,1.3729,9.8001,0.0002,0.0019,0.0102,0.000,1.000,0.489,0.000,618,143,246
246,2.460,1.6758,1.1082,-0.0275,-3.0804,0.7992,9.8002,-0.0001,-0.0002,0.0136,0.309,1.000,0.983,0.234,620,143,247
247,2.470,1.6815,1.1082,-0.0275,3.8103,-1.6171,9.7973,0.0010,-0.0002,0.0271,0.000,1.000,0.483,0.000,623,144,248
248,2.480,1.6870,1.1082,-0.0275,0.7206,-0.0156,9.8024,-0.0012,-0.0005,0.0256,0.000,1.000,0.686,0.000,625,145,249
249,2.490,1.6870,1.1082,-0.0275,6.0845,-1.5390,9.7983,-0.0001,-0.0000,0.0287,0.243,1.000,0.905,0.080,628,145,250
250,2.500,1.6933,1.1082,-0.0275,0.8622,0.0301,9.8009,-0.0005,-0.0003,0.0317,0.000,1.000,0.471,0.000,630,146,251
251,2.510,1.6933,1.1082,-0.0275,-0.2405,-1.4534,9.7992,0.0006,-0.0006,0.0261,0.299,1.000,0.946,0.187,632,146,252
252,2.520,1.6988,1.1082,-0.0275,-19.4851,17.4913,9.7989,0.0005,-0.0003,-0.1352,0.000,1.000,0.485,0.000,634,147,253
253,2.530,1.6987,1.1045,-0.0275,-2.6321,2.5872,9.8002,-0.0016,0.0001,0.5818,0.662,0.799,1.000,0.000,637,148,254
254,2.540,1.6987,1.1045,-0.0275,-9.8575,6.6250,9.7966,0.0004,0.0006,1.2175,0.000,0.462,1.000,0.000,639,148,255
255,2.550,1.6949,1.0974,-0.0275,-11.3420,11.7547,9.7993,-0.0006,0.0001,0.9015,0.714,1.000,0.746,0.278,641,149,256
256,2.560,1.6949,1.0974,-0.0275,-13.8550,8.7721,9.8026,0.0001,-0.0009,0.6304,0.000,0.858,1.000,0.000,643,149,257
257,2.570,1.6870,1.0859,-0.0275,-11.1758,11.2829,9.8008,-0.0009,-0.0001,0.2119,0.906,0.870,0.421,0.595,645,150,258
258,2.580,1.6870,1.0859,-0.0275,-8.8907,9.4565,9.8007,0.0026,0.0003,0.2089,0.000,0.746,1.000,0.000,647,150,259
259,2.590,1.6748,1.0699,-0.0275,0.1391,14.5974,9.8048,0.0002,-0.0030,-0.8517,0.924,0.887,0.000,1.000,650,151,260
260,2.600,1.6748,1.0699,-0.0275,14.6015,28.8661,9.7999,0.0007,-0.0013,-1.2925,0.000,1.000,0.788,0.000,652,151,261
261,2.610,1.6597,1.0488,-0.0275,-11.8967,-0.6665,9.8000,0.0004,-0.0016,-0.1858,1.000,0.000,0.000,0.000,655,152,262
262,2.620,1.6434,1.0230,-0.0275,23.7971,-25.1004,9.7975,0.0003,-0.0009,0.6660,1.000,0.427,0.361,0.000,657,153,263
263,2.630,1.6434,1.0230,-0.0275,3.0914,-14.2133,9.8018,-0.0003,0.0010,0.2079,0.000,0.742,1.000,0.000,659,153,264
264,2.640,1.6316,1.0027,-0.0275,2.6819,-15.3956,9.7963,-0.0005,-0.0004,-0.5946,1.000,0.495,0.000,0.467,662,154,265
265,2.650,1.6316,1.0027,-0.0275,9.8096,9.4210,9.7937,-0.0009,0.0009,0.5480,0.000,0.074,1.000,0.000,664,154,266
266,2.660,1.6231,0.9848,-0.0275,9.3679,8.7239,9.7995,0.0000,0.0033,2.2893,1.000,0.000,0.000,0.000,666,155,267
267,2.670,1.6180,0.9638,-0.0275,3.4328,2.6628,9.7958,0.0007,-0.0000,5.2300,1.000,0.609,0.944,0.000,669,156,268
268,2.680,1.6180,0.9638,-0.0275,9.4739,6.7924,9.8004,0.0005,0.0000,7.5132,0.000,0.000,1.000,0.000,671,156,269
269,2.690,1.6156,0.9403,-0.0275,17.2920,10.3844,9.8068,-0.0002,-0.0001,10.2238,1.000,0.081,0.000,0.000,673,157,270
270,2.700,1.6156,0.9403,-0.0275,15.5379,7.0174,9.7973,0.0008,0.0016,12.3579,0.000,0.000,1.000,0.000,675,157,271
271,2.710,1.6183,0.9120,-0.0275,25.9934,-5.1570,9.8120,-0.0004,0.0019,13.7667,1.000,0.778,0.000,0.000,677,158,272
272,2.720,1.6183,0.9120,-0.0275,-8.6078,2.7599,9.8010,-0.0033,0.0010,12.6368,0.000,0.000,1.000,0.000,680,158,273
273,2.730,1.6225,0.8829,-0.0275,-9.5369,4.6123,9.8002,-0.0030,-0.0007,12.1363,0.842,1.000,0.241,0.000,682,159,274
274,2.740,1.6236,0.8558,-0.0275,-11.5125,0.5368,9.7987,-0.0024,0.0006,10.4658,0.293,0.043,1.000,0.000,685,160,275
275,2.750,1.6236,0.8558,-0.0275,3.2886,6.7086,9.7977,-0.0017,-0.0007,9.5178,0.000,0.000,1.000,0.000,687,160,276
276,2.760,1.6226,0.8302,-0.0275,-7.3403,-2.7144,9.8027,-0.0014,-0.0013,6.4858,0.006,1.000,0.000,0.000,690,161,277
277,2.770,1.6226,0.8302,-0.0275,-15.2586,3.4042,9.8009,-0.0009,0.0009,4.9244,0.000,0.000,1.000,0.663,692,161,278
278,2.780,1.6208,0.8066,-0.0275,-0.5523,-0.6983,9.7994,-0.0004,0.0004,4.5587,0.670,1.000,0.658,0.000,694,162,279
279,2.790,1.6198,0.7851,-0.0275,-3.8086,-5.5425,9.8004,-0.0001,0.0010,4.4825,0.105,0.000,1.000,0.000,697,163,280
280,2.800,1.6198,0.7851,-0.0275,5.1583,7.5505,9.7976,-0.0010,0.0004,4.7873,0.000,0.000,1.000,0.084,699,163,281
281,2.810,1.6208,0.7661,-0.0275,2.1642,2.9974,9.8007,0.0009,-0.0009,4.4525,0.267,0.738,1.000,0.000,701,164,282
282,2.820,1.6208,0.7661,-0.0275,0.8835,1.2299,9.7992,-0.0006,-0.0003,4.6375,0.000,0.000,1.000,0.281,704,164,283
283,2.830,1.6221,0.7480,-0.0275,9.6512,10.0690,9.7977,-0.0000,0.0003,4.1766,0.000,0.611,1.000,0.000,706,165,284
284,2.840,1.6221,0.7480,-0.0275,-16.1051,-10.2151,9.7944,-0.0014,0.0020,4.2871,0.043,0.000,1.000,0.501,708,165,285
285,2.850,1.6231,0.7311,-0.0275,0.7382,9.4393,9.8026,-0.0003,0.0001,3.8363,0.000,0.553,1.000,0.000,711,166,286
286,2.860,1.6256,0.7175,-0.0275,-15.0364,-5.7031,9.7959,-0.0013,-0.0011,3.1447,0.000,0.031,1.000,0.159,713,167,287
287,2.870,1.6256,0.7175,-0.0275,-26.6650,-5.3210,9.7985,-0.0018,-0.0006,2.8320,0.406,0.000,0.994,1.000,716,167,288
288,2.880,1.6309,0.7092,-0.0275,19.8083,6.2215,9.7989,-0.0007,-0.0007,2.3619,0.000,0.102,1.000,0.000,718,168,289
289,2.890,1.6309,0.7092,-0.0275,20.5450,13.1863,9.7991,-0.0003,-0.0005,2.1312,0.397,0.000,1.000,0.952,720,168,290
290,2.900,1.6398,0.7053,-0.0275,-1.1699,16.3529,9.7994,-0.0018,-0.0018,1.7498,0.000,0.000,1.000,0.069,722,169,291
291,2.910,1.6507,0.7037,-0.0275,6.3542,14.7885,9.8013,-0.0004,-0.0000,1.3212,0.000,0.000,1.000,0.731,725,170,292
292,2.920,1.6507,0.7037,-0.0275,-31.3181,-17.6809,9.7983,-0.0005,-0.0008,0.2246,0.182,0.430,0.497,1.000,727,170,293
293,2.930,1.6643,0.7055,-0.0275,-22.6563,-26.4177,9.8197,-0.0006,-0.0002,1.0902,0.000,0.000,1.000,0.053,730,171,294
294,2.940,1.6643,0.7055,-0.0275,27.0841,17.9012,9.7987,0.0028,0.0001,1.4302,0.510,0.062,1.000,0.546,732,171,295
295,2.950,1.6810,0.7086,-0.0275,19.2236,8.0176,9.8003,0.0004,0.0011,3.0718,0.000,0.000,1.000,0.000,735,172,296
296,2.960,1.6928,0.7055,-0.0275,-5.9845,19.1430,11.0391,-0.0005,0.0370,4.0723,0.000,0.000,1.000,0.000,737,173,297
297,2.970,1.6928,0.7055,-0.0275,-4.5837,11.1423,9.8019,-0.0001,0.0000,3.0063,0.556,0.000,0.784,1.000,739,173,298
298,2.980,1.6996,0.7002,-0.0275,-12.4217,33.2564,9.7831,0.0012,-0.0013,1.7485,0.000,0.125,1.000,0.620,742,174,299
299,2.990,1.6996,0.7002,-0.0275,-3.2888,36.3577,9.8045,-0.0008,-0.0018,2.1848,0.822,0.000,1.000,0.939,744,174,300
300,3.000,1.6995,0.7017,-0.0275,-12.8545,-2.2040,9.1776,-0.0154,-0.0151,2.6366,0.445,0.000,1.000,0.545,746,175,301
301,3.010,1.6949,0.7119,-0.0275,-13.0191,-4.4553,9.7977,0.0002,0.0004,5.8310,1.000,0.000,0.680,0.660,749,176,302
302,3.020,1.6949,0.7119,-0.0275,-10.6873,-4.3401,9.7906,-0.0011,-0.0003,7.8170,0.054,0.000,1.000,0.000,751,176,303
303,3.030,1.6945,0.7261,-0.0275,-12.7448,1.6787,9.8010,-0.0002,-0.0015,9.6992,1.000,0.000,0.385,0.824,753,177,304
304,3.040,1.6945,0.7261,-0.0275,-3.6815,-11.9939,9.7942,-0.0004,0.0008,11.1831,0.295,0.000,1.000,0.000,755,177,305
305,3.050,1.6982,0.7436,-0.0275,1.4666,7.5142,24.5125,0.0011,0.0006,11.9696,1.000,0.000,0.045,0.806,757,178,306
306,3.060,1.6982,0.7436,-0.0275,-9.6950,-9.4471,9.8038,-0.0020,0.0004,13.7144,0.564,0.000,1.000,0.000,760,178,307
307,3.070,1.7046,0.7613,-0.0275,11.8980,-24.1504,9.8015,-0.0011,-0.0004,10.3425,1.000,0.000,0.000,0.985,762,179,308
308,3.080,1.7046,0.7613,-0.0275,-19.8745,-32.5891,9.7973,-0.0015,-0.0017,8.0034,0.441,0.000,1.000,0.000,764,179,309
309,3.090,1.7128,0.7711,-0.0275,10.3624,-21.2178,9.7975,0.0001,0.0002,4.1451,0.000,0.000,0.000,1.000,767,180,310
310,3.100,1.7225,0.7717,-0.0275,20.7830,21.0334,9.7830,-0.0004,-0.0001,4.4034,0.612,0.000,1.000,0.347,769,181,311
311,3.110,1.7225,0.7717,-0.0275,-5.5340,22.8320,9.7966,0.0009,-0.0002,5.2667,1.000,0.000,0.452,0.030,772,181,312
312,3.120,1.7294,0.7757,-0.0275,-17.1872,7.9157,9.8029,0.0010,-0.0002,6.7959,1.000,0.000,0.291,0.464,774,182,313
313,3.130,1.7294,0.7757,-0.0275,-2.9789,3.0404,9.7994,0.0004,-0.0007,7.8597,1.000,0.000,0.542,0.000,776,182,314
314,3.140,1.7398,0.7842,-0.0275,0.5464,3.3792,9.8016,0.0010,0.0004,8.0762,1.000,0.000,0.000,0.076,778,183,315
315,3.150,1.7512,0.7940,-0.0275,2.8347,3.2426,9.7979,0.0002,0.0004,7.9979,1.000,0.000,0.000,0.000,781,184,316
316,3.160,1.7512,0.7940,-0.0275,3.6745,2.6144,9.8005,-0.0007,-0.0014,7.9662,1.000,0.000,0.797,0.111,783,184,317
317,3.170,1.7620,0.8053,-0.0275,0.9425,5.4246,9.7984,-0.0002,0.0002,7.8079,1.000,0.000,0.000,0.000,786,185,318
318,3.180,1.7620,0.8053,-0.0275,1.7667,4.6020,9.8019,0.0016,-0.0011,7.5123,1.000,0.000,0.778,0.103,788,185,319
319,3.190,1.7727,0.8185,-0.0275,-0.1538,7.8721,9.8027,0.0002,0.0008,7.1605,1.000,0.000,0.000,0.000,791,186,320
320,3.200,1.7842,0.8337,-0.0275,1.8488,5.3438,9.8009,-0.0003,-0.0008,6.8433,1.000,0.000,0.000,0.000,793,187,321
321,3.210,1.7842,0.8337,-0.0275,3.3330,-10.4799,9.7993,0.0002,0.0006,7.4009,1.000,0.000,0.974,0.280,796,187,322
322,3.220,1.7955,0.8500,-0.0275,-0.5670,-12.2527,9.7994,0.0008,0.0001,8.1370,1.000,0.000,0.000,0.000,798,188,323
323,3.230,1.7955,0.8500,-0.0275,-0.6727,-10.5350,9.7989,-0.0006,0.0009,8.9160,1.000,0.000,0.965,0.277,800,188,324
324,3.240,1.8032,0.8640,-0.0275,-2.9664,-9.4753,9.8020,-0.0001,-0.0001,9.7278,1.000,0.000,0.000,0.000,802,189,325
325,3.250,1.8032,0.8640,-0.0275,-2.8454,-6.5220,9.7977,-0.0001,-0.0009,10.4547,1.000,0.000,0.840,0.157,804,189,326
326,3.260,1.8078,0.8755,-0.0275,-5.4882,9.7416,9.7969,0.0002,0.0003,10.9714,1.000,0.000,0.000,0.000,807,190,327
327,3.270,1.8135,0.8856,-0.0275,-0.9786,13.1317,9.7994,-0.0018,-0.0011,10.7207,1.000,0.000,0.000,0.000,809,191,328
328,3.280,1.8135,0.8856,-0.0275,3.2137,13.8577,9.8000,-0.0004,0.0001,10.4340,1.000,0.000,0.416,0.000,811,191,329
329,3.290,1.8244,0.8959,-0.0275,7.1912,14.7814,9.8019,-0.0003,-0.0006,9.9165,1.000,0.000,0.000,0.000,814,192,330
330,3.300,1.8244,0.8959,-0.0275,7.7796,4.8684,9.8056,0.0004,0.0008,10.0449,1.000,0.000,0.339,0.000,816,192,331
331,3.310,1.8404,0.9079,-0.0275,9.3331,4.4538,9.8051,-0.0010,-0.0014,10.1600,1.000,0.000,0.000,0.000,818,193,332
332,3.320,1.8586,0.9216,-0.0275,-10.0081,8.1412,9.8019,0.0003,0.0015,10.3440,1.000,0.171,0.000,0.000,821,194,333
333,3.330,1.8586,0.9216,-0.0275,-7.2045,12.9036,9.8033,-0.0003,0.0019,10.2261,1.000,0.000,0.448,0.000,823,194,334
334,3.340,1.8764,0.9324,-0.0275,-6.2956,10.4110,9.7976,0.0005,0.0002,10.2101,1.000,0.550,0.000,0.000,826,195,335
335,3.350,1.8764,0.9324,-0.0275,-16.7322,-7.3555,9.9186,-0.0011,0.0004,8.1518,1.000,0.008,0.498,0.000,828,195,336
336,3.360,1.8953,0.9404,-0.0275,12.8469,-2.2081,9.8007,-0.0014,-0.0003,7.3003,1.000,0.466,0.000,0.000,830,196,337
337,3.370,1.8953,0.9404,-0.0275,12.3165,-2.9169,9.8005,0.0009,0.0001,5.5956,1.000,0.402,0.274,0.000,832,196,338
338,3.380,1.9151,0.9510,-0.0275,10.3625,-3.1419,9.7984,-0.0016,0.0018,3.0097,0.000,1.000,0.000,0.000,835,197,339
339,3.390,1.9374,0.9639,-0.0275,-20.4983,-1.4885,9.8022,-0.0006,-0.0004,3.1625,1.000,0.876,0.442,0.000,837,198,340
340,3.400,1.9374,0.9639,-0.0275,-17.5637,6.3108,9.8018,-0.0014,-0.0001,2.7041,1.000,0.333,0.273,0.129,839,198,341
341,3.410,1.9552,0.9737,-0.0275,-9.2511,3.4909,9.8025,-0.0006,0.0005,1.2521,0.000,1.000,0.000,0.000,841,199,342
342,3.420,1.9552,0.9737,-0.0275,-23.3264,8.9459,9.7985,-0.0018,0.0000,-0.8766,0.161,1.000,0.000,0.651,844,199,343
343,3.430,1.9694,0.9799,-0.0275,-32.5074,11.9715,9.7986,-0.0008,0.0014,-1.7037,0.000,1.000,0.000,0.000,846,200,344
344,3.440,1.9694,0.9799,-0.0275,-34.3230,11.8198,10.0150,0.0062,-0.0074,-2.4057,0.261,1.000,0.000,0.489,848,200,345
345,3.450,1.9757,0.9782,-0.0275,-5.7244,-2.5614,9.7972,-0.0011,0.0014,-1.2221,1.000,0.718,0.000,0.000,851,201,346
346,3.460,1.9772,0.9744,-0.0275,-3.8853,-0.3939,9.7949,0.0011,-0.0014,-0.2023,1.000,0.668,0.416,0.003,854,202,347
347,3.470,1.9772,0.9744,-0.0275,32.2313,-10.6147,9.8099,0.0006,-0.0008,-1.2194,0.022,1.000,0.000,0.000,856,202,348
348,3.480,1.9760,0.9706,-0.0275,-19.5968,-9.2762,9.8001,0.0010,-0.0016,-1.3239,0.805,1.000,0.152,0.552,858,203,349
349,3.490,1.9731,0.9657,-0.0275,-22.0193,16.2384,9.7992,0.0007,-0.0017,-0.1662,1.000,0.703,0.583,0.026,861,204,350
350,3.500,1.9731,0.9657,-0.0275,36.6617,1.1764,9.8020,0.0012,-0.0006,-0.6897,0.327,1.000,0.000,0.000,863,204,351
351,3.510,1.9674,0.9572,-0.0275,-27.4505,8.7096,9.8043,-0.0027,0.0003,-1.2264,0.642,0.847,0.330,0.973,865,205,352
352,3.520,1.9674,0.9572,-0.0275,29.4213,1.5436,9.7934,0.0001,0.0007,-0.4508,0.768,1.000,0.000,0.000,867,205,353
353,3.530,1.9614,0.9497,-0.0275,29.4054,-2.1712,9.8055,0.0001,-0.0001,0.0272,1.000,0.530,0.484,0.484,870,206,354
354,3.540,1.9614,0.9497,-0.0275,30.3959,-11.3400,9.7881,-0.0007,0.0000,0.0776,0.698,1.000,0.000,0.000,872,206,355
355,3.550,1.9550,0.9404,-0.0275,-22.8837,7.8317,9.8074,0.0007,-0.0003,-0.2363,0.807,0.667,0.454,0.863,875,207,356
356,3.560,1.9494,0.9323,-0.0275,-13.0010,3.0444,9.7995,-0.0036,-0.0002,-1.1478,0.321,1.000,0.000,0.295,877,208,357
357,3.570,1.9494,0.9323,-0.0275,-18.5400,4.0062,9.8012,-0.0010,0.0002,-2.1862,0.000,1.000,0.000,0.000,879,208,358
358,3.580,1.9403,0.9213,-0.0275,14.9133,-20.1028,9.8215,-0.0020,-0.0012,-1.6668,0.749,0.386,0.498,1.000,882,209,359
359,3.590,1.9403,0.9213,-0.0275,-4.5969,0.7852,9.7842,-0.0006,-0.0017,-0.5627,0.864,1.000,0.000,0.000,884,209,360
360,3.600,1.9267,0.9072,-0.0275,15.0667,-24.5810,9.8104,-0.0026,-0.0021,0.1720,0.756,0.000,0.925,1.000,886,210,361
361,3.610,1.9099,0.8936,-0.0275,-0.9517,0.2130,9.8006,0.0010,-0.0004,0.8078,0.919,0.575,0.902,0.396,889,211,362
362,3.620,1.9099,0.8936,-0.0275,11.1597,-2.0008,9.7937,-0.0010,-0.0015,0.5130,0.670,1.000,0.000,0.000,891,211,363
363,3.630,1.8926,0.8805,-0.0275,-12.9045,2.4748,9.7878,-0.0011,-0.0006,0.5373,0.248,0.000,1.000,0.988,893,212,364
364,3.640,1.8926,0.8805,-0.0275,8.1342,-1.5424,9.7951,0.0006,-0.0012,0.9770,1.000,0.948,0.000,0.000,895,212,365
365,3.650,1.8760,0.8699,-0.0275,6.8538,-1.3851,9.7994,-0.0017,0.0010,0.9232,0.432,0.109,1.000,0.875,898,213,366
366,3.660,1.8760,0.8699,-0.0275,8.6506,-1.8390,9.7997,-0.0016,-0.0022,0.7851,0.903,1.000,0.000,0.000,900,213,367
367,3.670,1.8596,0.8596,-0.0275,-10.1371,2.3601,9.7936,-0.0005,0.0014,0.4666,0.307,0.240,0.976,1.000,902,214,368
368,3.680,1.8435,0.8496,-0.0275,16.2801,-3.7035,9.8098,0.0005,-0.0017,-0.0080,0.824,0.971,0.393,0.604,905,215,369
369,3.690,1.8435,0.8496,-0.0275,14.5736,-3.3357,9.7978,0.0004,0.0012,0.4554,1.000,0.896,0.000,0.000,907,215,370
370,3.700,1.8277,0.8400,-0.0275,-15.0289,-9.6932,9.7897,-0.0012,-0.0007,0.5195,0.442,0.147,1.000,0.927,909,216,371
371,3.710,1.8277,0.8400,-0.0275,-14.7831,-8.0570,9.7906,0.0006,-0.0012,-2.5306,0.000,1.000,0.000,0.000,912,216,372
372,3.720,1.8093,0.8309,-0.0275,-2.1033,-12.1731,9.7954,0.0004,-0.0003,-2.1886,0.000,0.105,0.722,1.000,914,217,373
373,3.730,1.8093,0.8309,-0.0275,17.5951,-3.3024,9.7989,0.0013,0.0005,-0.8963,1.000,0.578,0.000,0.000,916,217,374
374,3.740,1.7880,0.8244,-0.0275,-2.9046,-17.9270,9.8010,0.0004,-0.0014,-0.2605,0.000,0.000,1.000,0.491,918,218,375
375,3.750,1.7643,0.8226,-0.0275,20.9320,11.3491,9.7948,0.0017,0.0024,0.7867,0.781,0.694,1.000,0.000,921,219,376
376,3.760,1.7643,0.8226,-0.0275,1.2933,5.6725,9.8000,0.0010,0.0018,1.2552,1.000,0.102,0.000,0.000,923,219,377
377,3.770,1.7412,0.8220,-0.0275,-5.2686,-26.3245,9.7990,-0.0002,-0.0015,1.8198,0.000,0.000,1.000,0.000,925,220,378
378,3.780,1.7412,0.8220,-0.0275,15.2138,-12.0405,9.7994,-0.0001,0.0008,0.0710,0.927,1.000,0.000,0.000,927,220,379
379,3.790,1.7197,0.8253,-0.0275,2.0990,10.7882,9.8019,0.0003,-0.0011,-4.2020,0.000,1.000,0.500,0.525,930,221,380
380,3.800,1.7197,0.8253,-0.0275,-12.0144,18.3177,9.7993,0.0001,0.0003,-4.7891,0.782,1.000,0.000,0.104,932,221,381
381,3.810,1.6996,0.8308,-0.0275,-2.4713,30.7321,9.7977,0.0012,-0.0009,-3.7171,0.000,1.000,0.939,0.016,934,222,382
382,3.820,1.6996,0.8308,-0.0275,-1.4741,33.1007,9.7981,0.0001,-0.0010,-3.1674,1.000,0.591,0.000,0.000,936,222,383
383,3.830,1.6840,0.8287,-0.0275,15.1557,13.8971,9.8021,-0.0001,-0.0003,-2.4393,0.295,0.972,0.941,0.584,938,223,384
384,3.840,1.6737,0.8209,-0.0275,-39.8465,-0.2764,9.7996,-0.0002,0.0005,-3.0918,0.573,0.998,0.000,1.000,941,224,385
385,3.850,1.6737,0.8209,-0.0275,-28.6115,16.4765,9.8022,0.0001,0.0008,-0.5585,1.000,0.157,0.000,0.000,943,224,386
386,3.860,1.6593,0.8035,-0.0275,-4.3817,-2.5435,9.8001,0.0007,0.0001,1.8842,0.418,0.000,1.000,0.401,946,225,387
387,3.870,1.6593,0.8035,-0.0275,-10.3903,-0.0177,9.7950,0.0011,-0.0000,0.7188,0.306,1.000,0.000,0.000,948,225,388
388,3.880,1.6444,0.7817,-0.0275,20.6845,12.9684,9.8035,-0.0002,-0.0026,-0.9020,0.000,0.000,0.000,1.000,950,226,389
389,3.890,1.6444,0.7817,-0.0275,-3.3742,-0.0695,9.8014,0.0005,0.0011,0.6116,1.000,0.802,0.000,0.000,952,226,390
390,3.900,1.6306,0.7592,-0.0275,10.1689,9.4317,9.7983,-0.0001,-0.0002,2.5658,0.703,0.000,1.000,0.777,955,227,391
391,3.910,1.6165,0.7358,-0.0275,-10.8244,0.4376,9.8023,-0.0005,0.0005,1.8725,0.899,0.515,0.605,0.773,957,228,392
392,3.920,1.6165,0.7358,-0.0275,-8.7525,0.4422,9.8023,0.0017,0.0006,-0.0398,0.000,1.000,0.000,0.000,960,228,393
393,3.930,1.6000,0.7103,-0.0275,11.7684,-27.5374,12.4114,0.0012,-0.0007,0.4534,0.000,0.000,0.377,1.000,962,229,394
394,3.940,1.5818,0.6864,-0.0275,1.8722,-28.1912,9.7977,-0.0010,0.0007,2.7699,1.000,0.000,0.882,0.099,965,230,395
395,3.950,1.5818,0.6864,-0.0275,-0.5623,-7.4238,9.7922,0.0004,0.0003,3.0889,1.000,0.850,0.000,0.000,967,230,396
396,3.960,1.5633,0.6697,-0.0275,35.2690,-2.8451,9.7994,-0.0018,-0.0005,2.7999,0.264,0.000,1.000,0.927,969,231,397
397,3.970,1.5633,0.6697,-0.0275,-0.9819,-6.0869,9.7902,-0.0001,-0.0001,2.9284,1.000,0.691,0.000,0.000,972,231,398
398,3.980,1.5516,0.6602,-0.0275,32.8606,-7.3300,9.8109,0.0010,0.0001,3.0767,0.912,0.000,1.000,0.547,974,232,399
399,3.990,1.5516,0.6602,-0.0275,39.4025,-10.0193,9.8003,-0.0006,-0.0007,3.0282,1.000,0.605,0.000,0.000,976,232,400
400,4.000,1.5461,0.6580,-0.0275,-0.0738,-0.2170,9.7898,0.0003,0.0001,2.7921,1.000,0.572,0.754,0.203,978,233,401
401,4.010,1.5475,0.6628,-0.0275,5.7456,-0.5163,9.7862,-0.0000,-0.0006,2.6526,1.000,0.898,0.033,0.000,981,234,402
402,4.020,1.5475,0.6628,-0.0275,-1.3121,-3.2673,9.8004,-0.0014,-0.0008,3.4062,1.000,0.000,0.295,0.000,983,234,403
403,4.030,1.5523,0.6720,-0.0275,-2.0782,-4.7862,9.8022,-0.0003,0.0004,4.9223,1.000,0.681,0.463,0.000,985,235,404
404,4.040,1.5523,0.6720,-0.0275,32.2223,-15.6982,9.7994,-0.0009,-0.0011,3.4958,1.000,0.519,0.245,0.364,988,235,405
405,4.050,1.5611,0.6868,-0.0275,21.6213,-20.8823,9.8002,0.0010,0.0001,2.1781,0.000,1.000,0.000,0.000,990,236,406
406,4.060,1.5611,0.6868,-0.0275,30.1597,-16.3057,9.7946,-0.0008,-0.0001,1.2719,1.000,0.455,0.120,0.726,992,236,407
407,4.070,1.5792,0.7119,-0.0275,12.1794,-18.7393,9.8158,0.0001,-0.0008,1.1863,0.065,1.000,0.000,0.000,995,237,408
408,4.080,1.6005,0.7448,-0.0275,25.7573,-14.9824,9.8192,-0.0002,-0.0010,1.5093,1.000,0.946,0.261,0.000,997,238,409
409,4.090,1.6005,0.7448,-0.0275,31.3377,-19.1355,9.8176,-0.0009,-0.0010,2.5042,1.000,0.000,0.000,0.000,999,238,410
410,4.100,1.6209,0.7826,-0.0275,13.6670,-8.8265,9.7987,-0.0002,0.0021,0.4060,0.000,1.000,0.000,0.000,1002,239,411
411,4.110,1.6209,0.7826,-0.0275,-7.5141,2.2590,9.7987,-0.0010,-0.0001,0.4230,1.000,0.203,0.024,0.501,1004,239,412
412,4.120,1.6433,0.8229,-0.0275,8.4971,-5.4069,9.7979,0.0005,-0.0007,-1.5414,0.000,1.000,0.000,0.000,1006,240,413
413,4.130,1.6433,0.8229,-0.0275,-6.3305,4.0478,9.7982,0.0016,-0.0006,-1.1597,1.000,0.388,0.000,0.638,1008,240,414
414,4.140,1.6674,0.8624,-0.0275,0.8091,7.5245,9.8014,0.0001,0.0001,0.4555,0.542,1.000,0.105,0.000,1010,241,415
415,4.150,1.6909,0.9010,-0.0275,-2.4962,0.8158,9.7944,-0.0004,0.0003,0.1021,0.437,1.000,0.000,0.000,1013,242,416
416,4.160,1.6909,0.9010,-0.0275,-6.3389,-0.0812,9.7977,0.0011,0.0020,2.0071,1.000,0.000,0.158,0.000,1015,242,417
417,4.170,1.7143,0.9391,-0.0275,8.6032,-5.6017,9.8008,0.0008,-0.0025,-0.1611,0.000,1.000,0.000,0.000,1018,243,418
418,4.180,1.7143,0.9391,-0.0275,-8.4557,0.1215,9.8049,-0.0004,0.0017,1.0603,1.000,0.000,0.149,0.000,1020,243,419
419,4.190,1.7366,0.9774,-0.0275,6.3883,-4.2168,9.8006,0.0004,0.0004,-0.1159,0.000,1.000,0.000,0.000,1022,244,420
420,4.200,1.7366,0.9774,-0.0275,-4.7567,3.2656,9.8000,0.0005,0.0010,-0.3987,1.000,0.673,0.114,0.704,1024,244,421
421,4.210,1.7575,1.0140,-0.0275,6.8552,-15.3379,9.8005,0.0004,0.0012,0.3984,0.351,1.000,0.000,0.000,1026,245,422
422,4.220,1.7575,1.0140,-0.0275,4.6313,6.3438,9.8027,0.0010,-0.0002,0.0567,1.000,0.637,0.055,0.545,1028,245,423
423,4.230,1.7788,1.0524,-0.0275,6.8015,-17.6223,9.7964,-0.0011,0.0009,-0.9660,0.000,1.000,0.000,0.000,1031,246,424
424,4.240,1.8014,1.0938,-0.0275,-15.4279,0.4182,9.7990,-0.0009,0.0007,1.1142,1.000,0.462,0.499,0.000,1033,247,425
425,4.250,1.8014,1.0938,-0.0275,5.4749,-4.8021,9.7988,0.0003,0.0005,0.6767,1.000,0.531,0.022,0.445,1035,247,426
426,4.260,1.8218,1.1332,-0.0275,15.4495,-1.1267,9.8008,-0.0005,0.0006,-3.4566,0.000,1.000,0.000,0.000,1038,248,427
427,4.270,1.8218,1.1332,-0.0275,-23.1075,-8.0061,9.7984,-0.0006,0.0002,-2.9068,1.000,0.814,0.019,0.823,1040,248,428
428,4.280,1.8433,1.1753,-0.0275,-25.7133,-15.2879,9.8004,0.0025,0.0007,-1.3516,0.469,1.000,0.000,0.000,1043,249,429
429,4.290,1.8556,1.2189,-0.0275,-25.1940,-12.8964,9.8007,0.0009,-0.0008,-0.1637,1.000,0.886,0.359,0.000,1045,250,430
430,4.300,1.8556,1.2189,-0.0275,-2.4232,-3.3307,9.8010,0.0009,0.0005,2.2460,1.000,0.000,0.217,0.000,1047,250,431
431,4.310,1.8614,1.2644,-0.0275,-1.7833,3.2909,9.8028,0.0000,0.0005,5.1228,0.971,1.000,0.764,0.000,1050,251,432
432,4.320,1.8614,1.2644,-0.0275,3.1049,4.8917,9.7998,0.0012,0.0001,7.0538,1.000,0.000,0.457,0.000,1052,251,433
433,4.330,1.8667,1.3091,-0.0275,4.4599,9.0061,9.7980,0.0008,0.0000,9.3275,0.702,1.000,0.975,0.000,1054,252,434
434,4.340,1.8667,1.3091,-0.0275,10.9436,10.5636,9.8023,0.0004,-0.0011,11.6173,1.000,0.119,0.727,0.000,1056,252,435
435,4.350,1.8739,1.3503,-0.0275,23.6259,16.9911,9.7990,0.0006,-0.0014,13.9067,0.092,0.657,1.000,0.000,1058,253,436
436,4.360,1.8874,1.3847,-0.0275,-3.8286,9.4522,9.8030,0.0001,-0.0010,14.4518,0.131,0.217,1.000,0.000,1061,254,437
437,4.370,1.8874,1.3847,-0.0275,3.8938,28.4288,9.7966,0.0010,0.0019,13.1618,0.789,0.158,1.000,0.000,1063,254,438
438,4.380,1.8997,1.4134,-0.0275,-0.7900,14.1149,9.7992,0.0013,0.0000,12.5774,0.000,0.000,1.000,0.000,1066,255,439
439,4.390,1.8997,1.4134,-0.0275,10.2249,25.3550,9.8025,0.0010,-0.0022,12.6501,0.578,0.033,1.000,0.000,1068,255,440
440,4.400,1.9075,1.4353,-0.0275,12.8941,24.0641,9.7990,0.0005,-0.0002,13.0382,0.000,0.000,1.000,0.000,1070,256,441
441,4.410,1.9075,1.4353,-0.0275,13.0491,26.5452,9.8017,0.0022,0.0003,13.8862,0.345,0.000,1.000,0.000,1072,256,442
442,4.420,1.9101,1.4479,-0.0275,0.5680,-0.5214,9.8027,0.0004,-0.0005,12.8748,0.000,0.000,1.000,0.000,1075,257,443
443,4.430,1.9084,1.4556,-0.0275,1.5681,-1.3794,9.7988,0.0016,-0.0002,10.8936,0.000,0.000,1.000,0.000,1077,258,444
444,4.440,1.9084,1.4556,-0.0275,-0.8033,0.6326,9.7888,0.0020,-0.0007,8.6940,0.133,0.000,1.000,0.000,1079,258,445
445,4.450,1.9070,1.4633,-0.0275,10.3749,0.3967,9.7816,-0.0016,-0.0009,5.1228,0.000,0.386,1.000,0.638,1082,259,446
446,4.460,1.9070,1.4633,-0.0275,-2.1198,9.5050,9.7829,-0.0001,0.0005,2.8340,0.000,1.000,0.832,0.373,1084,259,447
447,4.470,1.9050,1.4709,-0.0275,-6.1721,16.8744,9.8012,-0.0006,0.0005,0.6041,0.000,0.565,0.873,1.000,1086,260,448
448,4.480,1.8979,1.4810,-0.0275,-12.2266,27.7601,9.7959,-0.0004,0.0012,-3.1436,0.000,0.550,0.440,1.000,1089,261,449
449,4.490,1.8979,1.4810,-0.0275,-9.3172,18.6952,9.8001,-0.0011,-0.0001,-5.6663,0.000,1.000,0.000,0.000,1091,261,450
450,4.500,1.8820,1.4964,-0.0275,-16.9970,15.5449,9.7997,0.0008,-0.0000,-8.5448,0.000,0.000,0.000,1.000,1094,262,451
451,4.510,1.8820,1.4964,-0.0275,-9.8218,7.3008,9.7963,0.0011,-0.0007,-10.5490,0.000,1.000,0.000,0.000,1096,262,452
452,4.520,1.8600,1.5173,-0.0275,17.5804,-3.1503,9.7992,-0.0015,0.0002,-11.9502,0.000,0.000,0.000,1.000,1099,263,453
453,4.530,1.8355,1.5346,-0.0275,19.2857,5.3361,9.7983,0.0005,0.0009,-12.5725,0.000,0.989,0.656,1.000,1101,264,454
454,4.540,1.8355,1.5346,-0.0275,0.9465,4.1960,9.7999,-0.0005,0.0013,-14.5363,0.000,1.000,0.000,0.000,1104,264,455
455,4.550,1.8125,1.5455,-0.0275,13.6327,-8.9393,9.8022,0.0004,0.0003,-11.8314,0.000,0.000,0.317,1.000,1106,265,456
456,4.560,1.8125,1.5455,-0.0275,13.3496,-5.9329,9.8092,-0.0019,0.0009,-9.6636,0.000,1.000,0.000,0.000,1108,265,457
457,4.570,1.7941,1.5568,-0.0275,16.4265,-6.4366,9.8006,0.0003,0.0012,-7.0796,0.000,0.203,1.000,0.561,1111,266,458
458,4.580,1.7813,1.5667,-0.0275,6.9978,0.8798,9.8028,0.0001,-0.0005,-5.2236,0.000,1.000,0.366,0.000,1113,267,459
459,4.590,1.7813,1.5667,-0.0275,11.0512,-4.9102,9.8012,-0.0005,0.0000,-2.7130,0.621,1.000,0.208,0.000,1116,267,460
460,4.600,1.7732,1.5751,-0.0275,6.7380,-18.2469,9.8001,0.0001,-0.0006,-0.8738,0.000,0.085,1.000,0.000,1118,268,461
461,4.610,1.7732,1.5751,-0.0275,3.6557,-9.7939,9.8003,-0.0018,0.0015,0.6825,1.000,0.892,0.681,0.000,1120,268,462
462,4.620,1.7701,1.5862,-0.0275,3.1450,-8.7129,9.7984,-0.0004,0.0009,1.6713,0.000,0.235,1.000,0.000,1122,269,463
463,4.630,1.7700,1.6001,-0.0275,0.5201,-1.4173,9.7999,0.0000,0.0008,2.9117,0.285,0.364,1.000,0.000,1125,270,464
464,4.640,1.7700,1.6001,-0.0275,-0.1633,19.6973,9.8000,0.0000,0.0001,3.4538,0.787,0.517,1.000,0.000,1127,270,465
465,4.650,1.7701,1.6140,-0.0275,0.5279,23.6534,9.7976,0.0009,0.0003,3.6952,0.000,0.103,1.000,0.000,1129,271,466
466,4.660,1.7701,1.6140,-0.0275,0.7225,22.3834,9.8023,-0.0003,-0.0008,4.1084,0.596,0.332,1.000,0.000,1132,271,467
467,4.670,1.7667,1.6221,-0.0275,1.3539,21.1976,9.7987,0.0009,0.0004,4.4411,0.000,0.000,1.000,0.000,1134,272,468
468,4.680,1.7667,1.6221,-0.0275,1.9479,20.9165,9.7959,-0.0002,0.0014,4.8169,0.454,0.360,1.000,0.000,1136,272,469
469,4.690,1.7584,1.6233,-0.0275,3.8103,22.1151,9.8010,0.0009,-0.0009,5.9464,0.000,0.000,1.000,0.000,1139,273,470
470,4.700,1.7459,1.6170,-0.0275,27.9196,7.3700,9.7981,-0.0009,0.0009,7.1757,0.529,0.000,1.000,0.000,1141,274,471
471,4.710,1.7459,1.6170,-0.0275,20.9968,13.9995,9.7990,-0.0006,0.0003,9.0803,0.000,0.000,1.000,0.000,1144,274,472
472,4.720,1.7300,1.6025,-0.0275,25.1709,10.2482,9.7995,-0.0003,0.0012,10.5329,1.000,0.000,0.605,0.024,1146,275,473
473,4.730,1.7300,1.6025,-0.0275,-14.6514,-26.0580,9.8008,0.0002,-0.0005,10.2992,0.000,0.000,1.000,0.000,1148,275,474
474,4.740,1.7158,1.5812,-0.0275,-1.3005,-2.1490,9.7949,-0.0015,0.0020,6.2300,1.000,0.668,0.000,0.538,1151,276,475
475,4.750,1.7053,1.5599,-0.0275,7.6291,11.8963,9.7959,0.0003,-0.0013,6.2444,0.268,0.121,1.000,0.000,1153,277,476
476,4.760,1.7053,1.5599,-0.0275,-9.0066,-3.7449,9.7986,-0.0017,-0.0002,7.0274,0.000,0.000,1.000,0.000,1155,277,477
477,4.770,1.6930,1.5396,-0.0275,-11.0473,-4.6148,9.8009,0.0007,-0.0006,6.4014,1.000,0.000,0.000,0.000,1157,278,478
478,4.780,1.6930,1.5396,-0.0275,-6.6275,-4.1688,9.7986,-0.0014,-0.0016,5.4915,0.000,0.000,1.000,0.000,1160,278,479
479,4.790,1.6818,1.5231,-0.0275,-7.7486,-1.2892,9.8002,-0.0008,-0.0009,5.5072,1.000,0.000,0.141,0.000,1162,279,480
480,4.800,1.6818,1.5231,-0.0275,-5.5783,-4.4254,9.8025,0.0004,0.0006,5.2029,0.000,0.000,1.000,0.000,1164,279,481
481,4.810,1.6720,1.5095,-0.0275,-12.9112,-8.6050,9.7947,-0.0017,0.0016,5.2247,1.000,0.000,0.412,0.000,1167,280,482
482,4.820,1.6648,1.4987,-0.0275,-8.4843,-5.0909,9.7990,-0.0002,-0.0013,4.7690,0.027,0.000,1.000,0.000,1169,281,483
483,4.830,1.6648,1.4987,-0.0275,-9.0517,-1.9531,9.8002,0.0010,-0.0004,4.1167,0.000,0.000,1.000,0.000,1172,281,484
484,4.840,1.6603,1.4906,-0.0275,-10.9126,-4.3252,9.8008,-0.0006,0.0005,2.7032,0.619,0.857,0.797,0.519,1174,282,485
485,4.850,1.6603,1.4906,-0.0275,-14.0931,-6.1937,9.7985,-0.0012,0.0014,1.6023,0.000,0.182,1.000,0.505,1176,282,486
486,4.860,1.6582,1.4858,-0.0275,-27.6224,-11.6587,9.8011,-0.0002,0.0001,0.2909,0.199,1.000,0.690,0.767,1179,283,487
487,4.870,1.6621,1.4872,-0.0275,-27.2715,-11.5944,9.8021,-0.0001,-0.0002,-0.5250,0.000,0.606,1.000,0.700,1181,284,488
488,4.880,1.6621,1.4872,-0.0275,-26.7645,-11.4961,9.8012,0.0018,-0.0018,-0.0204,0.383,0.413,1.000,0.551,1184,284,489
489,4.890,1.6743,1.4970,-0.0275,-30.6229,-13.1625,9.8005,0.0012,0.0003,-0.1122,0.000,0.010,1.000,0.335,1186,285,490
490,4.900,1.6743,1.4970,-0.0275,-31.0425,-13.5096,9.8004,0.0009,-0.0003,-0.8206,0.455,0.958,0.541,0.838,1188,285,491
491,4.910,1.6954,1.5156,-0.0275,-29.0347,-13.1254,9.7999,0.0005,0.0012,-1.7587,0.000,0.754,0.994,1.000,1190,286,492
492,4.920,1.7257,1.5434,-0.0275,-29.6263,-14.2087,9.7992,-0.0001,0.0000,-1.0495,0.000,0.365,1.000,0.464,1193,287,493
493,4.930,1.7257,1.5434,-0.0275,42.9184,20.9673,9.8017,-0.0006,-0.0006,-0.3544,0.671,0.640,0.973,0.507,1195,287,494
494,4.940,1.7624,1.5776,-0.0275,42.2761,20.7727,9.7966,0.0002,0.0005,-0.0538,0.000,0.000,1.000,0.052,1198,288,495
495,4.950,1.7624,1.5776,-0.0275,-3.4624,-25.9321,9.7973,-0.0011,-0.0005,-0.4608,0.485,0.917,0.700,0.690,1200,288,496
496,4.960,1.7994,1.6115,-0.0275,37.1323,18.6733,9.8024,-0.0022,-0.0005,-0.6448,0.000,0.185,1.000,0.326,1202,289,497
497,4.970,1.8365,1.6430,-0.0275,34.8814,17.8504,9.7957,-0.0000,0.0008,-0.0703,0.000,0.086,1.000,0.099,1205,290,498
498,4.980,1.8365,1.6430,-0.0275,31.5463,15.8932,9.7945,-0.0006,-0.0012,1.1897,0.383,0.000,1.000,0.000,1207,290,499
499,4.990,1.8670,1.6677,-0.0275,27.4910,7.0671,9.8037,0.0002,-0.0001,2.3970,0.000,0.000,1.000,0.000,1210,291,500
500,5.000,1.8670,1.6677,-0.0275,25.9911,4.7715,9.8005,-0.0003,-0.0008,2.7389,0.266,0.000,1.000,0.000,1212,291,501
501,5.010,1.8902,1.6829,-0.0275,16.4706,7.4917,9.8016,0.0013,0.0001,2.6317,0.000,0.000,1.000,0.000,1215,292,502
502,5.020,1.9078,1.6903,-0.0275,15.9709,6.9008,9.8020,0.0017,-0.0006,1.7817,0.000,0.092,1.000,0.284,1217,293,503
503,5.030,1.9078,1.6903,-0.0275,8.1611,13.0956,9.8019,0.0005,0.0001,0.7620,0.095,0.807,1.000,0.736,1219,293,504
504,5.040,1.9200,1.6937,-0.0275,1.3612,21.8997,9.8005,0.0001,0.0005,-0.4415,0.000,0.533,1.000,0.711,1221,294,505
505,5.050,1.9200,1.6937,-0.0275,-29.0324,-10.4492,9.7973,-0.0027,-0.0024,-0.6034,0.138,0.682,1.000,0.797,1224,294,506
506,5.060,1.9247,1.6988,-0.0275,-30.6302,-11.0437,9.8006,-0.0023,-0.0026,0.2828,0.000,0.000,1.000,0.000,1226,295,507
507,5.070,1.9297,1.7062,-0.0275,0.8615,0.2832,9.7998,-0.0017,-0.0002,1.3586,0.000,0.000,1.000,0.000,1229,296,508
508,5.080,1.9297,1.7062,-0.0275,-12.5449,-4.1493,9.8003,-0.0018,-0.0000,1.2267,0.321,0.435,1.000,0.448,1231,296,509
509,5.090,1.9362,1.7150,-0.0275,-9.3491,-2.9724,9.7979,-0.0002,-0.0018,1.1524,0.000,0.000,1.000,0.221,1233,297,510
510,5.100,1.9362,1.7150,-0.0275,-1.0810,-0.3395,9.7990,-0.0002,-0.0007,0.9773,0.279,0.474,1.000,0.499,1236,297,511
511,5.110,1.9436,1.7245,-0.0275,-0.8186,-0.2517,9.8004,-0.0008,-0.0013,1.3304,0.000,0.000,1.000,0.013,1238,298,512
512,5.120,1.9436,1.7245,-0.0275,-14.4486,-3.8711,9.8020,-0.0010,-0.0003,1.9840,0.391,0.000,1.000,0.070,1240,298,513
513,5.130,1.9500,1.7329,-0.0275,9.9714,-6.0481,9.8043,-0.0019,-0.0026,1.4521,0.000,0.000,1.000,0.326,1243,299,514
514,5.140,1.9564,1.7389,-0.0275,-12.7326,-2.8638,9.8044,-0.0005,-0.0009,1.1905,0.000,0.078,1.000,0.463,1245,300,515
515,5.150,1.9564,1.7389,-0.0275,2.6291,0.5636,9.7983,0.0001,0.0003,0.9314,0.239,0.456,1.000,0.570,1247,300,516
516,5.160,1.9635,1.7447,-0.0275,-33.4832,-6.7962,9.7959,-0.0013,0.0001,0.4731,0.000,0.016,1.000,0.652,1250,301,517
517,5.170,1.9635,1.7447,-0.0275,-34.7350,-6.7028,9.7983,-0.0002,0.0004,1.2521,0.450,0.048,1.000,0.242,1252,301,518
518,5.180,1.9715,1.7508,-0.0275,29.1152,0.2411,9.7987,-0.0009,-0.0007,1.8945,0.000,0.000,1.000,0.000,1254,302,519
519,5.190,1.9715,1.7508,-0.0275,31.6177,5.1395,4.9184,-0.0585,-0.0576,1.8037,0.179,0.115,1.000,0.362,1256,302,520
520,5.200,1.9791,1.7553,-0.0275,29.9115,1.9451,9.7995,0.0008,0.0011,3.0375,0.000,0.000,1.000,0.000,1258,303,521
521,5.210,1.9812,1.7531,-0.0275,5.5071,2.9113,9.7999,-0.0013,0.0005,3.6727,0.023,0.000,1.000,0.000,1261,304,522
522,5.220,1.9812,1.7531,-0.0275,2.1942,0.1279,9.8022,0.0012,0.0007,0.9385,0.000,0.359,0.329,1.000,1263,304,523
523,5.230,1.9799,1.7483,-0.0275,-8.9927,1.7633,9.8024,-0.0009,-0.0015,-1.5357,0.000,0.983,0.416,1.000,1266,305,524
524,5.240,1.9799,1.7483,-0.0275,-8.6966,4.3860,9.8006,-0.0004,0.0000,-1.3610,0.000,0.215,1.000,0.949,1268,305,525
525,5.250,1.9784,1.7448,-0.0275,-0.1028,-3.5550,9.7994,0.0017,0.0017,-1.0915,0.106,0.613,1.000,0.691,1270,306,526
526,5.260,1.9774,1.7435,-0.0275,22.7009,2.6424,9.8014,0.0012,0.0002,-1.9101,0.000,0.583,0.741,1.000,1273,307,527
527,5.270,1.9774,1.7435,-0.0275,-13.8348,-2.0046,9.8054,0.0008,0.0003,-3.0704,0.000,0.657,0.440,1.000,1275,307,528
528,5.280,1.9758,1.7421,-0.0275,-0.6719,-1.8915,9.7949,0.0001,-0.0002,-2.4851,0.007,0.679,1.000,0.861,1277,308,529
529,5.290,1.9758,1.7421,-0.0275,-11.1951,-1.5334,9.8000,0.0007,0.0015,-2.0057,0.000,0.465,1.000,0.774,1280,308,530
530,5.300,1.9746,1.7417,-0.0275,-8.1938,-2.2504,9.7997,0.0003,0.0017,-1.8550,0.027,0.703,1.000,0.981,1282,309,531
531,5.310,1.9747,1.7428,-0.0275,-0.6056,-0.4876,9.7965,0.0004,0.0014,-2.6413,0.000,0.750,0.643,1.000,1285,310,532
532,5.320,1.9747,1.7428,-0.0275,-4.1437,4.7854,9.7984,-0.0005,0.0006,-2.9929,0.000,0.838,0.712,1.000,1287,310,533
533,5.330,1.9748,1.7451,-0.0275,-4.2778,4.8121,9.7998,0.0001,-0.0004,-3.5053,0.000,0.622,0.503,1.000,1289,311,534
534,5.340,1.9748,1.7451,-0.0275,-3.5709,4.4973,9.7941,-0.0001,0.0008,-4.3191,0.000,0.996,0.543,1.000,1292,311,535
535,5.350,1.9740,1.7497,-0.0275,-2.6393,4.1292,9.8007,-0.0000,0.0003,-4.9192,0.000,0.530,0.466,1.000,1294,312,536
536,5.360,1.9740,1.7497,-0.0275,-23.4557,33.1999,9.7973,0.0003,0.0004,-5.6835,0.000,1.000,0.430,0.809,1296,312,537
537,5.370,1.9715,1.7567,-0.0275,8.5242,25.7846,9.8010,0.0001,-0.0013,-7.3405,0.000,0.454,0.514,1.000,1299,313,538
538,5.380,1.9608,1.7690,-0.0275,6.1409,20.5312,9.8021,-0.0008,0.0013,-7.1604,0.000,0.284,0.110,1.000,1301,314,539
539,5.390,1.9608,1.7690,-0.0275,10.6583,-16.0977,9.7976,0.0008,-0.0001,-7.5878,0.000,1.000,0.003,0.000,1303,314,540
540,5.400,1.9443,1.7800,-0.0275,12.1501,-21.6215,9.7968,0.0012,-0.0002,-6.7589,0.000,0.000,0.000,1.000,1305,315,541
541,5.410,1.9443,1.7800,-0.0275,1.3086,13.4701,9.7994,-0.0012,-0.0010,-5.7454,0.000,1.000,0.071,0.000,1307,315,542
542,5.420,1.9305,1.7882,-0.0275,2.5822,-1.9944,9.7951,-0.0004,0.0004,-5.8435,0.000,0.000,0.047,1.000,1310,316,543
543,5.430,1.9305,1.7882,-0.0275,1.8118,-2.1018,9.7971,0.0005,-0.0009,-5.6821,0.000,1.000,0.000,0.000,1312,316,544
544,5.440,1.9144,1.7954,-0.0275,2.8038,-1.7466,9.7930,-0.0008,0.0004,-5.6029,0.000,0.000,0.007,1.000,1314,317,545
545,5.450,1.8998,1.8014,-0.0275,14.2005,-6.7365,9.8078,-0.0002,-0.0005,-4.8262,0.000,1.000,0.691,0.604,1317,318,546
546,5.460,1.8998,1.8014,-0.0275,9.8251,-5.4766,9.7977,0.0011,-0.0002,-4.4511,0.000,1.000,0.000,0.000,1319,318,547
547,5.470,1.8868,1.8055,-0.0275,11.1381,-16.6622,9.7965,-0.0011,0.0026,-3.1656,0.000,0.335,1.000,0.845,1321,319,548
548,5.480,1.8868,1.8055,-0.0275,1.6001,16.6548,9.7981,0.0015,0.0001,-2.3646,0.000,1.000,0.331,0.000,1324,319,549
549,5.490,1.8740,1.8071,-0.0275,-3.3976,18.8625,9.7993,0.0003,-0.0008,-1.6305,0.000,0.222,1.000,0.764,1326,320,550
550,5.500,1.8566,1.8070,-0.0275,7.9742,-9.8391,9.7994,-0.0008,-0.0012,-0.2063,0.278,0.093,1.000,0.139,1329,321,551
551,5.510,1.8566,1.8070,-0.0275,9.4588,31.1934,9.8005,-0.0009,-0.0002,0.4754,0.000,1.000,0.891,0.000,1331,321,552
552,5.520,1.8401,1.8051,-0.0275,22.3056,8.4874,9.7992,0.0011,0.0001,0.9636,0.290,0.000,1.000,0.621,1333,322,553
553,5.530,1.8401,1.8051,-0.0275,19.7289,11.5777,9.7987,0.0006,-0.0008,1.7282,0.000,0.711,1.000,0.000,1335,322,554
554,5.540,1.8221,1.7946,-0.0275,11.9390,6.4758,9.8014,-0.0005,-0.0004,3.6955,1.000,0.000,0.825,0.316,1338,323,555
555,5.550,1.8221,1.7946,-0.0275,-8.8767,-21.5676,9.7445,0.0007,-0.0044,4.2472,0.000,0.000,1.000,0.000,1340,323,556
556,5.560,1.8053,1.7802,-0.0275,-10.0468,-22.2696,9.7946,-0.0014,-0.0014,2.6247,1.000,0.330,0.101,0.921,1342,324,557
557,5.570,1.7952,1.7712,-0.0275,-14.3301,-30.0761,9.8025,-0.0011,-0.0022,0.6406,0.000,1.000,0.443,0.159,1345,325,558
558,5.580,1.7952,1.7712,-0.0275,-6.8821,-14.2582,9.7925,0.0006,-0.0045,0.4799,0.000,0.757,1.000,0.000,1347,325,559
559,5.590,1.7921,1.7691,-0.0275,-2.5827,-5.2126,9.7954,0.0001,-0.0019,0.6218,0.295,0.711,1.000,0.248,1350,326,560
560,5.600,1.7921,1.7691,-0.0275,6.9847,-7.7253,9.7852,-0.0026,-0.0035,0.0630,0.000,1.000,0.855,0.034,1352,326,561
561,5.610,1.7914,1.7694,-0.0275,-1.4772,-2.9812,9.7961,-0.0003,-0.0002,-0.3171,0.000,1.000,0.908,0.323,1354,327,562
562,5.620,1.7914,1.7694,-0.0275,4.5240,-0.4629,9.7996,-0.0005,-0.0008,-0.5553,0.000,1.000,0.831,0.128,1356,327,563
563,5.630,1.7916,1.7704,-0.0275,6.1644,5.3201,9.8013,-0.0010,-0.0013,-0.8339,0.000,1.000,0.859,0.169,1359,328,564
564,5.640,1.7915,1.7702,-0.0275,1.7698,3.7621,9.8045,0.0001,0.0002,-0.6972,0.000,1.000,0.965,0.171,1361,329,565
565,5.650,1.7915,1.7702,-0.0275,1.4911,3.2077,9.8046,-0.0008,-0.0009,-0.6105,0.000,0.981,1.000,0.159,1363,329,566
566,5.660,1.7898,1.7684,-0.0275,2.3373,5.1117,9.7984,-0.0004,0.0003,-0.5678,0.061,1.000,0.978,0.282,1365,330,567
567,5.670,1.7898,1.7684,-0.0275,1.8656,4.1390,9.7985,0.0006,-0.0013,-0.7797,0.000,1.000,0.890,0.083,1367,330,568
568,5.680,1.7864,1.7650,-0.0275,1.7676,4.0154,9.7979,-0.0005,-0.0004,-0.9895,0.031,1.000,0.754,0.380,1369,331,569
569,5.690,1.7864,1.7650,-0.0275,1.9351,4.5272,9.8021,0.0004,-0.0012,-1.1357,0.000,1.000,0.859,0.000,1371,331,570
570,5.700,1.7818,1.7602,-0.0275,2.1873,5.3595,9.7984,0.0015,-0.0000,-1.0524,0.240,1.000,0.844,0.460,1374,332,571
571,5.710,1.7818,1.7602,-0.0275,1.7599,4.4369,9.7998,-0.0001,-0.0011,-0.9911,0.000,1.000,0.985,0.000,1376,332,572
572,5.720,1.7756,1.7539,-0.0275,9.4822,24.6791,9.7996,0.0004,0.0013,-0.5155,0.475,0.869,1.000,0.438,1378,333,573
573,5.730,1.7756,1.7539,-0.0275,3.6435,9.5989,9.8008,-0.0004,-0.0006,-0.1276,0.000,0.649,1.000,0.000,1380,333,574
574,5.740,1.7663,1.7446,-0.0275,12.5696,32.4722,9.7965,0.0007,-0.0001,0.7790,0.757,0.426,1.000,0.263,1383,334,575
575,5.750,1.7531,1.7315,-0.0275,-3.8321,-9.7565,9.7973,-0.0001,0.0001,0.2468,0.483,0.917,0.743,0.649,1385,335,576
576,5.760,1.7531,1.7315,-0.0275,3.7249,9.4570,9.8034,0.0005,-0.0012,0.3008,0.000,0.574,1.000,0.000,1387,335,577
577,5.770,1.7399,1.7183,-0.0275,-4.3426,-10.8399,9.7957,-0.0011,-0.0004,0.4615,1.000,0.447,0.493,0.662,1390,336,578
578,5.780,1.7399,1.7183,-0.0275,13.9787,16.6128,9.7989,-0.0010,0.0014,0.6918,0.000,0.412,1.000,0.000,1392,336,579
579,5.790,1.7269,1.7052,-0.0275,-8.7603,-21.0812,9.7981,0.0018,-0.0002,0.8443,1.000,0.380,0.480,0.569,1394,337,580
580,5.800,1.7269,1.7052,-0.0275,-13.7562,21.0613,9.8016,0.0001,0.0000,0.8038,0.000,0.415,1.000,0.000,1396,337,581
581,5.810,1.7124,1.6933,-0.0275,-5.6133,2.6160,9.8004,-0.0005,0.0006,1.1940,1.000,0.163,0.683,0.654,1399,338,582
582,5.820,1.6909,1.6827,-0.0275,-1.4459,-3.0569,9.8008,0.0015,0.0001,2.9116,0.398,0.000,1.000,0.000,1401,339,583
583,5.830,1.6909,1.6827,-0.0275,0.2888,-1.3556,9.8025,-0.0002,0.0010,4.6806,0.000,0.000,1.000,0.000,1403,339,584
584,5.840,1.6705,1.6735,-0.0275,15.7847,-18.5055,7.4043,-0.0005,-0.0001,4.8486,1.000,0.000,0.571,0.333,1406,340,585
585,5.850,1.6705,1.6735,-0.0275,1.8185,2.4734,9.7993,-0.0024,-0.0009,5.9818,0.000,0.000,1.000,0.000,1408,340,586
586,5.860,1.6552,1.6653,-0.0275,2.6682,1.3441,9.7970,-0.0005,-0.0015,7.4121,1.000,0.000,0.870,0.272,1410,341,587
587,5.870,1.6416,1.6553,-0.0275,11.3235,-2.1576,9.7999,-0.0005,-0.0006,6.5578,0.203,0.000,1.000,0.000,1413,342,588
588,5.880,1.6416,1.6553,-0.0275,10.9918,-7.3439,9.8007,-0.0001,0.0003,6.3658,0.000,0.000,1.000,0.000,1415,342,589
589,5.890,1.6312,1.6412,-0.0275,-6.2205,-13.8581,9.7914,0.0007,-0.0022,4.7012,1.000,0.592,0.407,0.192,1417,343,590
590,5.900,1.6312,1.6412,-0.0275,8.8704,21.8369,9.8064,0.0019,0.0003,3.4847,0.000,0.000,1.000,0.000,1419,343,591
591,5.910,1.6220,1.6265,-0.0275,-26.1410,-13.6789,9.7938,0.0005,0.0002,2.3177,0.998,0.961,0.436,0.397,1422,344,592
592,5.920,1.6220,1.6265,-0.0275,26.9737,16.9573,9.8010,0.0006,-0.0014,3.3031,0.000,0.000,1.000,0.000,1424,344,593
593,5.930,1.6080,1.6111,-0.0275,-9.0517,-8.6551,9.8022,0.0009,0.0009,3.3619,1.000,0.000,0.017,0.000,1426,345,594
594,5.940,1.6080,1.6111,-0.0275,7.9507,18.4620,9.7980,-0.0004,-0.0016,2.8342,0.000,0.000,1.000,0.000,1428,345,595
595,5.950,1.5939,1.5940,-0.0275,-6.7142,-5.5442,9.8013,0.0004,0.0010,3.0624,1.000,0.000,0.000,0.000,1431,346,596
596,5.960,1.5802,1.5773,-0.0275,8.0339,-1.9089,9.8006,0.0008,0.0005,2.2927,0.343,0.647,1.000,0.359,1433,347,597
597,5.970,1.5802,1.5773,-0.0275,-3.2790,23.7818,9.8069,0.0003,0.0002,2.0353,0.000,0.000,1.000,0.000,1435,347,598
598,5.980,1.5650,1.5605,-0.0275,-16.3174,5.8528,9.7972,-0.0006,0.0013,1.6650,1.000,0.361,0.000,0.000,1438,348,599
599,5.990,1.5650,1.5605,-0.0275,9.8118,18.9321,9.7985,-0.0002,0.0004,0.2055,0.000,0.000,1.000,0.295,1440,348,600
600,6.000,1.5446,1.5484,-0.0275,-7.7359,25.4894,9.8000,-0.0005,0.0001,-0.4466,1.000,0.442,0.000,0.921,1442,349,601
601,6.010,1.5189,1.5383,-0.0275,3.1094,11.3862,9.8019,-0.0005,0.0004,-1.4500,0.000,0.175,0.057,1.000,1445,350,602
602,6.020,1.5189,1.5383,-0.0275,-5.6180,-13.2398,9.8047,-0.0005,-0.0001,-1.1830,0.000,0.000,1.000,0.000,1447,350,603
603,6.030,1.4918,1.5304,-0.0275,-19.1710,8.8447,9.9134,-0.0002,0.0042,0.5418,1.000,0.000,0.000,0.005,1450,351,604
604,6.040,1.4918,1.5304,-0.0275,12.5542,-14.0101,9.7960,-0.0002,-0.0009,0.6740,0.000,0.000,1.000,0.000,1452,351,605
605,6.050,1.4672,1.5267,-0.0275,10.0271,-25.6865,9.7973,0.0009,-0.0021,-0.6205,0.355,0.000,0.000,1.000,1454,352,606
606,6.060,1.4471,1.5172,-0.0275,15.0735,-10.4165,9.7988,-0.0021,-0.0005,-3.7801,0.000,1.000,0.062,0.540,1457,353,607
607,6.070,1.4471,1.5172,-0.0275,8.6526,-3.5863,9.7980,0.0025,-0.0008,-5.7707,0.000,0.901,1.000,0.158,1459,353,608
608,6.080,1.4292,1.5021,-0.0275,5.7436,3.3102,9.7971,0.0005,-0.0008,-4.8978,0.983,1.000,0.000,0.959,1461,354,609
609,6.090,1.4292,1.5021,-0.0275,3.2164,-13.5233,9.7995,0.0007,0.0009,-2.5662,0.000,0.000,1.000,0.000,1463,354,610
610,6.100,1.4125,1.4856,-0.0275,-1.3544,1.5293,9.8002,-0.0001,-0.0011,0.0875,1.000,0.000,0.000,0.000,1466,355,611
611,6.110,1.4125,1.4856,-0.0275,-2.7826,-19.9663,9.7977,-0.0002,-0.0015,0.7419,0.000,0.000,1.000,0.000,1468,355,612
612,6.120,1.3997,1.4693,-0.0275,3.6532,-0.8130,9.8006,0.0001,0.0006,2.3738,1.000,0.000,0.040,0.000,1470,356,613
613,6.130,1.3997,1.4693,-0.0275,3.8855,-14.5987,9.8012,0.0005,0.0017,3.1453,0.000,0.000,1.000,0.000,1472,356,614
614,6.140,1.3917,1.4519,-0.0275,4.3396,-2.1705,9.8021,0.0000,-0.0016,4.6421,1.000,0.192,0.357,0.000,1475,357,615
615,6.150,1.3864,1.4319,-0.0275,8.0153,-5.1422,9.7991,0.0002,-0.0015,4.2218,0.315,0.439,1.000,0.000,1477,358,616
616,6.160,1.3864,1.4319,-0.0275,8.6843,4.7152,9.8035,-0.0002,-0.0004,4.4358,0.000,0.000,1.000,0.000,1480,358,617
617,6.170,1.3803,1.4089,-0.0275,10.9531,-0.9617,9.8003,-0.0017,0.0000,4.6763,1.000,0.619,0.369,0.000,1482,359,618
618,6.180,1.3803,1.4089,-0.0275,3.2666,-10.5401,9.7994,-0.0014,-0.0011,4.0574,0.000,0.000,1.000,0.000,1484,359,619
619,6.190,1.3726,1.3828,-0.0275,10.3731,-0.4043,9.7983,0.0003,0.0014,4.2376,1.000,0.728,0.174,0.000,1487,360,620
620,6.200,1.3651,1.3538,-0.0275,-1.7849,-10.4301,9.8005,-0.0016,-0.0022,3.3484,0.576,1.000,0.954,0.000,1489,361,621
621,6.210,1.3651,1.3538,-0.0275,6.7131,3.2495,9.8011,0.0005,0.0007,3.7836,0.000,0.000,1.000,0.000,1492,361,622
622,6.220,1.3582,1.3246,-0.0275,7.2303,-0.6414,9.7994,-0.0007,-0.0014,4.2919,0.966,1.000,0.289,0.000,1494,362,623
623,6.230,1.3582,1.3246,-0.0275,-3.6253,-7.8816,9.8034,-0.0003,0.0018,3.4415,0.000,0.000,1.000,0.409,1496,362,624
624,6.240,1.3505,1.2941,-0.0275,2.7064,-2.5499,9.8010,0.0014,0.0004,4.4800,0.861,1.000,0.162,0.000,1498,363,625
625,6.250,1.3505,1.2941,-0.0275,-10.8769,-13.6752,9.7997,-0.0019,-0.0006,4.6840,0.000,0.000,1.000,0.000,1500,363,626
626,6.260,1.3448,1.2622,-0.0275,12.6179,5.0205,9.8002,0.0017,-0.0015,4.9843,0.492,1.000,0.286,0.000,1503,364,627
627,6.270,1.3399,1.2299,-0.0275,-4.2933,-1.4322,9.8002,0.0005,0.0004,4.1123,0.256,0.631,1.000,0.000,1505,365,628
628,6.280,1.3399,1.2299,-0.0275,5.3613,4.1570,9.7989,0.0008,0.0010,2.7809,0.000,0.000,0.622,1.000,1508,365,629
629,6.290,1.3338,1.1979,-0.0275,7.3855,7.4258,9.8027,0.0008,0.0001,1.9360,0.000,1.000,0.000,0.000,1510,366,630
630,6.300,1.3338,1.1979,-0.0275,-9.0952,20.8947,9.8014,-0.0012,-0.0005,1.0086,0.000,0.000,0.334,1.000,1512,366,631
631,6.310,1.3248,1.1676,-0.0275,0.7306,8.5665,9.8015,-0.0007,-0.0002,0.0242,0.000,1.000,0.000,0.000,1514,367,632
632,6.320,1.3248,1.1676,-0.0275,-18.7660,0.0611,9.7990,-0.0006,0.0008,-0.7267,0.000,0.000,0.219,1.000,1516,367,633
633,6.330,1.3151,1.1426,-0.0275,2.6395,5.4831,9.7998,0.0006,0.0007,-2.0532,0.000,1.000,0.000,0.000,1519,368,634
634,6.340,1.3079,1.1216,-0.0275,-14.5772,-1.0336,9.8011,0.0009,0.0005,-2.5976,0.000,1.000,0.561,0.779,1521,369,635
635,6.350,1.3079,1.1216,-0.0275,-14.3344,-0.8682,9.7979,-0.0004,-0.0004,-2.6523,0.000,0.000,0.417,1.000,1523,369,636
636,6.360,1.3045,1.1039,-0.0275,0.9930,7.3165,9.7988,0.0000,0.0006,-4.5185,0.000,1.000,0.000,0.000,1526,370,637
637,6.370,1.3045,1.1039,-0.0275,-14.1748,-2.3002,9.8043,-0.0003,-0.0004,-4.7448,0.000,0.000,0.062,1.000,1528,370,638
638,6.380,1.3026,1.0882,-0.0275,3.6550,2.4618,9.7958,-0.0004,-0.0010,-5.1295,0.000,1.000,0.000,0.000,1531,371,639
639,6.390,1.3028,1.0741,-0.0275,-17.7686,-4.1110,9.8017,-0.0010,-0.0015,-5.6492,0.000,1.000,0.257,0.617,1533,372,640
640,6.400,1.3028,1.0741,-0.0275,-15.4073,-4.0503,9.7994,0.0018,-0.0013,-5.7491,0.000,0.017,0.169,1.000,1536,372,641
641,6.410,1.3057,1.0622,-0.0275,-0.3195,1.3860,9.7948,-0.0001,-0.0007,-6.5156,0.000,1.000,0.000,0.000,1538,373,642
642,6.420,1.3057,1.0622,-0.0275,-10.5134,-4.9481,9.7970,-0.0007,0.0014,-7.0066,0.000,0.283,0.238,1.000,1540,373,643
643,6.430,1.3101,1.0522,-0.0275,-20.1859,-1.0683,9.7976,0.0010,0.0024,-6.5785,0.000,1.000,0.000,0.000,1543,374,644
644,6.440,1.3170,1.0455,-0.0275,-14.7014,-3.9145,9.8018,-0.0011,0.0011,-5.4470,0.000,1.000,0.694,0.571,1545,375,645
645,6.450,1.3170,1.0455,-0.0275,-15.5962,-8.7646,9.7933,0.0020,-0.0004,-4.0916,0.091,0.516,0.839,1.000,1548,375,646
646,6.460,1.3279,1.0443,-0.0275,-8.9332,-5.3719,9.8016,0.0015,-0.0005,-2.8661,0.000,0.914,1.000,0.000,1550,376,647
647,6.470,1.3279,1.0443,-0.0275,-7.1825,-3.1200,10.1371,0.0120,0.0017,-1.3869,0.690,0.330,1.000,0.731,1552,376,648
648,6.480,1.3427,1.0474,-0.0275,9.2675,6.0881,9.7985,0.0016,0.0011,1.6608,0.000,0.000,1.000,0.000,1555,377,649
649,6.490,1.3551,1.0485,-0.0275,26.6337,6.9495,9.7985,0.0011,0.0016,3.3008,0.000,0.000,1.000,0.000,1557,378,650
650,6.500,1.3551,1.0485,-0.0275,12.3308,15.1930,8.7084,0.0018,-0.0005,4.4296,0.509,0.000,1.000,0.000,1559,378,651
651,6.510,1.3622,1.0429,-0.0275,12.5904,13.7530,9.8033,0.0005,-0.0000,6.0612,0.000,0.000,1.000,0.000,1562,379,652
652,6.520,1.3622,1.0429,-0.0275,14.2725,12.8807,9.8009,0.0014,0.0003,7.2645,0.034,0.000,1.000,0.000,1564,379,653
653,6.530,1.3623,1.0343,-0.0275,18.8699,10.0241,9.8008,-0.0015,0.0006,7.8753,0.293,0.000,1.000,0.000,1566,380,654
654,6.540,1.3564,1.0216,-0.0275,10.3868,-4.6365,9.8013,0.0006,0.0018,8.9584,0.778,0.000,1.000,0.000,1569,381,655
655,6.550,1.3564,1.0216,-0.0275,-0.1569,-6.6368,9.8007,-0.0007,0.0006,9.2048,0.000,0.000,1.000,0.000,1571,381,656
656,6.560,1.3499,1.0057,-0.0275,1.2001,-4.9241,9.7999,-0.0012,0.0022,9.5090,1.000,0.523,0.846,0.000,1573,382,657
657,6.570,1.3499,1.0057,-0.0275,-9.3015,-2.7201,9.8029,-0.0006,0.0006,9.7116,0.000,0.000,1.000,0.103,1576,382,658
658,6.580,1.3452,0.9886,-0.0275,-14.9722,17.7661,9.8024,0.0003,-0.0001,10.2468,0.887,0.547,1.000,0.000,1578,383,659
659,6.590,1.3452,0.9886,-0.0275,13.7811,35.0385,9.7951,0.0004,-0.0013,10.5401,0.019,0.000,1.000,0.587,1580,383,660
660,6.600,1.3397,0.9767,-0.0275,-17.9107,2.2192,9.8089,0.0002,-0.0002,10.2594,0.908,0.262,1.000,0.000,1583,384,661
661,6.610,1.3329,0.9725,-0.0275,-10.7462,8.5920,9.8150,-0.0014,-0.0014,9.3677,1.000,0.000,0.922,0.558,1586,385,662
662,6.620,1.3329,0.9725,-0.0275,-17.8381,17.4416,9.7951,-0.0003,0.0016,9.6653,0.470,0.000,1.000,0.426,1588,385,663
663,6.630,1.3284,0.9753,-0.0275,5.5016,17.9154,9.8000,-0.0008,-0.0004,9.0947,1.000,0.000,0.548,0.335,1590,386,664
664,6.640,1.3262,0.9849,-0.0275,-2.6892,-0.5049,9.7969,0.0007,-0.0004,8.7694,1.000,0.000,0.673,0.653,1593,387,665
665,6.650,1.3262,0.9849,-0.0275,10.8606,-23.3193,9.8016,0.0007,0.0013,9.0155,0.421,0.000,1.000,0.000,1595,387,666
666,6.660,1.3231,0.9935,-0.0275,2.5720,0.6239,9.7985,-0.0004,-0.0011,8.9570,1.000,0.000,0.056,0.249,1597,388,667
667,6.670,1.3231,0.9935,-0.0275,-5.6124,1.0581,9.8012,-0.0007,-0.0006,8.4176,0.638,0.000,1.000,0.147,1600,388,668
668,6.680,1.3141,0.9960,-0.0275,-0.9460,4.8427,9.7967,0.0015,-0.0003,7.3500,1.000,0.000,0.000,0.000,1602,389,669
669,6.690,1.3141,0.9960,-0.0275,-4.0614,6.2567,9.7999,0.0005,0.0000,5.9675,0.820,0.000,1.000,0.990,1604,389,670
670,6.700,1.3024,0.9973,-0.0275,-1.3584,-18.3796,9.8040,0.0004,-0.0005,5.9883,1.000,0.000,0.000,0.000,1606,390,671
671,6.710,1.2900,0.9963,-0.0275,-11.4194,1.4740,9.8018,-0.0001,0.0004,6.9394,1.000,0.000,0.507,0.000,1609,391,672
672,6.720,1.2900,0.9963,-0.0275,-1.4167,17.9232,9.7968,-0.0006,-0.0021,6.7937,1.000,0.000,0.731,0.726,1611,391,673
673,6.730,1.2800,0.9940,-0.0275,-4.0675,-9.2676,9.7971,-0.0004,0.0018,7.1182,1.000,0.000,0.329,0.000,1613,392,674
674,6.740,1.2800,0.9940,-0.0275,-17.4941,11.4095,9.8096,0.0011,0.0004,8.3585,1.000,0.000,0.310,0.349,1615,392,675
675,6.750,1.2723,0.9907,-0.0275,-1.5757,9.4216,9.8003,0.0004,-0.0012,8.1777,1.000,0.000,0.314,0.000,1618,393,676
676,6.760,1.2723,0.9907,-0.0275,7.2020,27.6842,9.7992,-0.0001,0.0000,8.7317,1.000,0.000,0.000,0.051,1620,393,677
677,6.770,1.2699,0.9892,-0.0275,13.2881,17.4810,9.8003,0.0005,-0.0004,7.8377,1.000,0.000,0.086,0.000,1623,394,678
678,6.780,1.2735,0.9931,-0.0275,6.9303,12.2808,9.8003,0.0011,-0.0019,7.2153,1.000,0.000,0.000,0.000,1625,395,679
679,6.790,1.2735,0.9931,-0.0275,8.2346,7.3175,9.8009,-0.0002,0.0021,6.8842,1.000,0.000,0.096,0.000,1627,395,680
680,6.800,1.2814,1.0008,-0.0275,9.3986,5.0557,9.8013,0.0003,0.0010,6.7243,1.000,0.000,0.000,0.000,1630,396,681
681,6.810,1.2814,1.0008,-0.0275,10.0047,3.9342,9.7966,-0.0016,-0.0006,6.7174,1.000,0.000,0.324,0.000,1632,396,682
682,6.820,1.2916,1.0122,-0.0275,10.8185,2.9275,9.7999,0.0010,-0.0016,6.7687,1.000,0.000,0.000,0.000,1634,397,683
683,6.830,1.2916,1.0122,-0.0275,11.6082,2.8859,9.8031,0.0002,-0.0006,6.8114,1.000,0.000,0.515,0.000,1636,397,684
684,6.840,1.3039,1.0274,-0.0275,14.3727,3.7372,9.8023,0.0004,0.0014,6.5222,1.000,0.000,0.000,0.000,1639,398,685
685,6.850,1.3189,1.0471,-0.0275,14.0973,2.3154,9.7987,0.0007,0.0014,5.9979,1.000,0.000,0.000,0.000,1641,399,686
686,6.860,1.3189,1.0471,-0.0275,13.8710,0.9156,9.8005,0.0005,0.0008,5.3943,1.000,0.000,0.529,0.050,1643,399,687
687,6.870,1.3369,1.0715,-0.0275,15.3021,-0.8090,9.7979,-0.0011,0.0017,4.0287,1.000,0.000,0.000,0.000,1646,400,688
688,6.880,1.3369,1.0715,-0.0275,14.1268,-2.4554,9.7972,-0.0002,-0.0006,3.1653,1.000,0.116,0.502,0.647,1648,400,689
689,6.890,1.3576,1.1007,-0.0275,13.2864,-3.6389,9.7953,0.0010,0.0000,1.8858,1.000,0.000,0.000,0.000,1650,401,690
690,6.900,1.3802,1.1348,-0.0275,12.0180,-4.6244,9.8019,-0.0002,-0.0002,-0.1764,0.902,0.529,0.000,1.000,1653,402,691
691,6.910,1.3802,1.1348,-0.0275,-32.0792,0.8345,9.7995,-0.0008,-0.0003,1.0558,1.000,0.000,0.473,0.233,1655,402,692
692,6.920,1.4007,1.1682,-0.0275,-20.1881,-8.9446,9.8006,0.0000,0.0005,3.0131,1.000,0.000,0.000,0.000,1657,403,693
693,6.930,1.4007,1.1682,-0.0275,-9.7590,-22.3922,9.8013,-0.0003,-0.0006,2.6185,1.000,0.146,0.624,0.607,1659,403,694
694,6.940,1.4128,1.1997,-0.0275,2.3904,-36.4652,9.7969,0.0020,0.0012,2.2458,1.000,0.000,0.000,0.000,1662,404,695
695,6.950,1.4128,1.1997,-0.0275,-11.8275,-19.8442,9.8006,-0.0014,-0.0004,1.5832,0.920,0.385,0.593,0.893,1664,404,696
696,6.960,1.4157,1.2361,-0.0275,-29.1374,6.7154,9.8649,-0.0002,0.0007,2.3010,1.000,0.000,0.000,0.000,1666,405,697
697,6.970,1.4096,1.2750,-0.0275,-13.2902,-21.2314,9.7960,-0.0003,0.0007,1.6510,1.000,0.739,0.123,0.138,1669,406,698
698,6.980,1.4096,1.2750,-0.0275,-7.3085,26.5541,6.0582,0.0462,-0.0470,2.7044,1.000,0.000,0.000,0.000,1671,406,699
699,6.990,1.3977,1.3151,-0.0275,-1.0549,-22.1658,10.1956,-0.0011,0.0230,0.9809,0.283,1.000,0.000,0.000,1674,407,700
700,7.000,1.3977,1.3151,-0.0275,-14.1756,17.4478,9.7985,-0.0006,0.0009,3.0118,1.000,0.000,0.000,0.000,1676,407,701
701,7.010,1.3902,1.3555,-0.0275,-2.2752,26.7314,9.7989,0.0001,0.0005,2.8222,1.000,0.522,0.000,0.000,1678,408,702
702,7.020,1.3855,1.3876,-0.0275,-2.1086,27.7247,9.7966,-0.0012,-0.0004,3.1664,1.000,0.000,0.000,0.000,1681,409,703
703,7.030,1.3855,1.3876,-0.0275,-0.3882,27.2983,9.7974,-0.0001,-0.0006,4.1329,1.000,0.000,0.000,0.000,1683,409,704
704,7.040,1.3873,1.4106,-0.0275,0.8029,26.5039,9.7965,-0.0001,-0.0002,5.6157,1.000,0.000,0.000,0.000,1685,410,705
705,7.050,1.3873,1.4106,-0.0275,1.1659,25.5856,9.7974,-0.0001,0.0014,7.2447,1.000,0.000,0.000,0.000,1687,410,706
706,7.060,1.3948,1.4247,-0.0275,3.3064,24.3086,9.7985,-0.0003,0.0015,9.6150,1.000,0.000,0.000,0.000,1690,411,707
707,7.070,1.3948,1.4247,-0.0275,8.9221,24.5416,9.8002,-0.0005,-0.0004,10.7168,1.000,0.000,0.325,0.000,1692,411,708
708,7.080,1.4073,1.4303,-0.0275,11.1121,23.5116,9.8040,-0.0007,0.0006,10.8028,1.000,0.000,0.000,0.000,1694,412,709
709,7.090,1.4246,1.4275,-0.0275,-0.1526,13.3459,9.7995,-0.0010,0.0007,11.4242,1.000,0.000,0.000,0.000,1697,413,710
710,7.100,1.4246,1.4275,-0.0275,-0.7615,13.9395,9.7998,-0.0004,0.0004,12.2420,1.000,0.598,0.692,0.000,1699,413,711
711,7.110,1.4424,1.4182,-0.0275,0.0834,13.1116,9.7987,-0.0004,0.0001,12.7631,1.000,0.000,0.000,0.000,1701,414,712
712,7.120,1.4424,1.4182,-0.0275,-14.2436,16.6016,9.7995,-0.0002,-0.0004,12.1470,0.789,0.851,1.000,0.000,1704,414,713
713,7.130,1.4569,1.4049,-0.0275,-7.6999,6.7263,9.8007,-0.0003,0.0005,12.2746,1.000,0.000,0.000,0.000,1706,415,714
714,7.140,1.4654,1.3896,-0.0275,8.4936,25.9414,9.7959,0.0010,0.0011,11.5637,1.000,0.082,0.016,0.000,1709,416,715
715,7.150,1.4654,1.3896,-0.0275,1.0653,10.3403,9.8007,0.0019,-0.0022,12.6168,0.016,0.572,1.000,0.000,1711,416,716
716,7.160,1.4705,1.3700,-0.0275,-6.3519,10.8443,9.7976,-0.0007,0.0003,12.1902,1.000,0.000,0.000,0.000,1714,417,717
717,7.170,1.4705,1.3700,-0.0275,-2.4387,9.7445,9.8029,0.0006,-0.0008,10.3017,0.000,0.326,1.000,0.000,1716,417,718
718,7.180,1.4722,1.3499,-0.0275,-10.5685,17.9746,9.7969,-0.0004,0.0003,9.5746,1.000,0.000,0.000,0.000,1718,418,719
719,7.190,1.4683,1.3312,-0.0275,-9.3697,13.7121,9.8011,-0.0018,0.0008,8.0852,0.953,0.314,1.000,0.000,1721,419,720
720,7.200,1.4683,1.3312,-0.0275,0.3836,27.2611,9.7883,-0.0009,0.0004,7.7975,0.000,0.270,1.000,0.000,1723,419,721
721,7.210,1.4615,1.3157,-0.0275,-0.0740,23.2730,9.7994,-0.0005,0.0009,8.3499,1.000,0.000,0.202,0.000,1725,420,722
722,7.220,1.4615,1.3157,-0.0275,3.2559,20.2829,9.0126,-0.0102,-0.0080,8.0975,0.000,0.158,1.000,0.000,1727,420,723
723,7.230,1.4553,1.3006,-0.0275,9.0341,2.2986,9.8008,0.0011,0.0011,8.1873,1.000,0.000,0.165,0.000,1730,421,724
724,7.240,1.4553,1.3006,-0.0275,-0.4442,-11.8506,9.8040,0.0008,-0.0000,7.6605,0.000,0.000,1.000,0.000,1732,421,725
725,7.250,1.4519,1.2841,-0.0275,8.0866,6.8402,9.8014,0.0000,-0.0010,7.8712,1.000,0.000,0.014,0.000,1734,422,726
726,7.260,1.4498,1.2656,-0.0275,-1.8622,-11.0887,9.8022,-0.0007,-0.0010,7.2464,1.000,0.538,0.875,0.000,1737,423,727
727,7.270,1.4498,1.2656,-0.0275,6.7192,4.0186,9.7986,-0.0000,0.0009,7.2439,0.000,0.000,1.000,0.000,1739,423,728
728,7.280,1.4490,1.2450,-0.0275,19.4936,12.1735,9.7980,-0.0002,-0.0007,7.9025,1.000,0.105,0.000,0.000,1741,424,729
729,7.290,1.4490,1.2450,-0.0275,-6.6824,-9.7991,9.7974,-0.0010,0.0003,6.6035,0.000,0.000,1.000,0.000,1744,424,730
730,7.300,1.4459,1.2212,-0.0275,15.7304,-2.8436,9.8005,-0.0011,-0.0012,5.8688,1.000,0.027,0.000,0.000,1746,425,731
731,7.310,1.4420,1.1944,-0.0275,-5.0950,-6.9054,9.8016,-0.0002,0.0005,4.2127,0.799,1.000,0.430,0.000,1749,426,732
732,7.320,1.4420,1.1944,-0.0275,2.4705,11.9467,9.7949,0.0003,-0.0007,3.3675,0.000,0.000,1.000,0.000,1751,426,733
733,7.330,1.4373,1.1680,-0.0275,9.9939,-5.4644,9.7969,0.0011,-0.0004,2.5745,1.000,0.660,0.000,0.000,1753,427,734
734,7.340,1.4373,1.1680,-0.0275,-8.4282,-11.4637,9.8018,0.0011,-0.0000,2.8139,0.000,0.000,1.000,0.000,1755,427,735
735,7.350,1.4300,1.1404,-0.0275,5.0917,-7.9795,9.7999,-0.0012,0.0003,2.7885,1.000,0.143,0.000,0.000,1757,428,736
736,7.360,1.4300,1.1404,-0.0275,-17.0828,17.7386,9.7994,-0.0005,0.0009,2.7250,0.000,0.000,1.000,0.000,1760,428,737
737,7.370,1.4226,1.1117,-0.0275,-7.6072,21.9813,11.4527,-0.0030,-0.0027,2.8614,1.000,0.084,0.000,0.000,1762,429,738
738,7.380,1.4226,1.1117,-0.0275,-3.3026,16.7619,8.2256,-0.0582,-0.0554,4.0608,0.000,0.000,1.000,0.000,1764,429,739
739,7.390,1.4135,1.0862,-0.0275,-9.8001,17.7364,9.7982,-0.0029,-0.0010,4.9609,1.000,0.000,0.000,0.000,1766,430,740
740,7.400,1.4135,1.0862,-0.0275,-8.4112,18.2144,9.7975,0.0010,0.0008,5.2372,0.000,0.000,1.000,0.000,1768,430,741
741,7.410,1.4035,1.0686,-0.0275,-6.2924,19.0897,9.7998,-0.0014,0.0001,6.0483,1.000,0.000,0.000,0.000,1771,431,742
742,7.420,1.3938,1.0590,-0.0275,-4.9390,19.3672,9.7983,-0.0015,0.0000,6.1476,0.000,0.000,1.000,0.000,1773,432,743
743,7.430,1.3938,1.0590,-0.0275,-3.2209,19.7129,9.7956,-0.0010,-0.0024,6.5110,0.000,0.000,1.000,0.000,1775,432,744
744,7.440,1.3840,1.0574,-0.0275,-0.9290,20.6500,9.8014,0.0007,0.0005,5.7241,0.773,0.000,1.000,0.311,1778,433,745
745,7.450,1.3840,1.0574,-0.0275,2.1588,3.9548,9.7998,-0.0010,-0.0004,5.5215,0.000,0.000,1.000,0.000,1780,433,746
746,7.460,1.3737,1.0630,-0.0275,2.5850,2.3221,9.7968,0.0008,0.0004,5.8347,0.523,0.000,1.000,0.395,1783,434,747
747,7.470,1.3624,1.0706,-0.0275,2.8888,2.9466,9.7946,-0.0009,0.0031,5.6469,0.145,0.000,1.000,0.000,1785,435,748
748,7.480,1.3624,1.0706,-0.0275,3.7366,2.6685,9.7988,0.0006,0.0011,5.3446,0.000,0.000,1.000,0.000,1787,435,749
749,7.490,1.3500,1.0794,-0.0275,2.6674,1.7076,9.7976,-0.0013,-0.0004,4.6585,0.777,0.000,0.950,1.000,1789,436,750
750,7.500,1.3500,1.0794,-0.0275,4.2697,2.5064,9.7971,0.0002,0.0011,3.7244,0.000,0.000,1.000,0.000,1791,436,751
751,7.510,1.3368,1.0890,-0.0275,4.7940,2.4906,9.8005,-0.0015,-0.0003,3.1935,0.571,0.000,0.624,1.000,1794,437,752
752,7.520,1.3368,1.0890,-0.0275,-0.0650,-0.0172,9.7964,0.0001,0.0002,2.6505,0.000,0.010,1.000,0.000,1796,437,753
753,7.530,1.3227,1.0995,-0.0275,1.8965,0.8660,9.8007,0.0002,-0.0009,2.5777,0.691,0.000,0.541,1.000,1798,438,754
754,7.540,1.3089,1.1103,-0.0275,-21.4007,4.6186,9.8011,0.0002,0.0008,2.6993,0.462,0.000,1.000,0.620,1801,439,755
755,7.550,1.3089,1.1103,-0.0275,-24.8112,8.3789,9.7965,0.0004,0.0002,3.6648,0.000,0.000,1.000,0.000,1803,439,756
756,7.560,1.3008,1.1204,-0.0275,-20.2686,5.1305,9.7974,0.0008,-0.0012,4.1143,0.931,0.000,1.000,0.875,1805,440,757
757,7.570,1.3008,1.1204,-0.0275,-21.8121,8.5801,9.8034,0.0005,0.0001,3.8639,0.000,0.000,1.000,0.000,1807,440,758
758,7.580,1.2986,1.1295,-0.0275,-13.7825,-3.2494,9.7950,-0.0016,0.0001,2.7349,0.000,0.000,0.537,1.000,1810,441,759
759,7.590,1.2986,1.1295,-0.0275,-5.5647,1.4270,9.6986,-0.0038,-0.0052,1.1222,0.054,0.868,0.939,0.931,1812,441,760
760,7.600,1.3004,1.1372,-0.0275,3.2607,22.9198,9.7983,0.0003,-0.0011,0.0858,0.000,0.000,0.304,1.000,1814,442,761
761,7.610,1.3053,1.1461,-0.0275,6.8114,-9.7001,9.8023,0.0006,-0.0003,-1.2016,0.000,0.046,0.404,1.000,1817,443,762
762,7.620,1.3053,1.1461,-0.0275,0.7712,-8.9414,9.8032,-0.0005,0.0007,-0.8784,0.426,0.710,0.967,0.689,1819,443,763
763,7.630,1.3094,1.1537,-0.0275,-4.3253,18.0393,9.7974,0.0007,0.0013,-0.7444,0.000,0.000,0.773,1.000,1821,444,764
764,7.640,1.3094,1.1537,-0.0275,14.4606,-16.1214,9.8048,-0.0006,0.0005,-1.3715,0.112,0.912,0.796,0.972,1823,444,765
765,7.650,1.3145,1.1634,-0.0275,0.1330,-1.4145,9.7967,0.0000,0.0002,-4.3466,0.000,0.000,0.092,1.000,1826,445,766
766,7.660,1.3145,1.1634,-0.0275,16.7610,-15.7598,9.8037,0.0004,0.0002,-4.1242,0.000,1.000,0.554,0.800,1828,445,767
767,7.670,1.3176,1.1719,-0.0275,-11.2147,1.3130,9.8026,-0.0010,0.0004,-4.2457,0.000,0.000,0.141,1.000,1830,446,768
768,7.680,1.3203,1.1783,-0.0275,0.0492,-2.8230,9.7981,0.0003,-0.0005,-5.2287,0.000,0.617,0.386,1.000,1833,447,769
769,7.690,1.3203,1.1783,-0.0275,7.2275,-14.0405,9.8011,0.0000,0.0014,-5.4792,0.000,1.000,0.318,0.810,1835,447,770
770,7.700,1.3202,1.1820,-0.0275,-6.2910,3.9582,9.8042,-0.0009,0.0004,-6.5904,0.000,0.376,0.282,1.000,1838,448,771
771,7.710,1.3202,1.1820,-0.0275,-7.2610,-11.1197,9.7996,-0.0021,-0.0001,-7.5573,0.000,1.000,0.370,0.808,1840,448,772
772,7.720,1.3196,1.1842,-0.0275,-19.9435,-3.3071,9.8024,0.0011,-0.0001,-8.2775,0.000,0.730,0.383,1.000,1842,449,773
773,7.730,1.3213,1.1862,-0.0275,-7.8541,19.0204,9.8012,0.0006,0.0005,-6.4839,0.000,0.950,1.000,0.980,1845,450,774
774,7.740,1.3213,1.1862,-0.0275,-18.2461,0.8644,9.8008,-0.0010,0.0012,-4.6054,0.217,0.766,0.995,0.814,1847,450,775
775,7.750,1.3260,1.1897,-0.0275,6.9514,4.7303,9.8006,-0.0005,0.0002,-4.2235,0.000,0.910,1.000,0.878,1849,451,776
776,7.760,1.3260,1.1897,-0.0275,6.5985,-4.4203,9.8003,0.0008,0.0012,-1.6398,0.318,0.000,1.000,0.000,1852,451,777
777,7.770,1.3251,1.1911,-0.0275,0.7871,-10.1117,9.8002,0.0006,0.0003,-3.2674,0.000,0.964,0.495,1.000,1854,452,778
778,7.780,1.3210,1.1889,-0.0275,-2.7933,-6.6448,9.7991,0.0000,0.0002,-4.7656,0.000,1.000,0.143,0.837,1857,453,779
779,7.790,1.3210,1.1889,-0.0275,-13.6047,-5.2029,9.7991,0.0004,-0.0001,-5.6962,0.000,1.000,0.454,0.705,1859,453,780
780,7.800,1.3196,1.1846,-0.0275,-17.5255,-4.6228,9.7993,-0.0003,-0.0002,-7.1001,0.000,1.000,0.000,0.583,1862,454,781
781,7.810,1.3196,1.1846,-0.0275,-18.9857,-4.6937,9.7983,-0.0004,0.0022,-7.9275,0.000,1.000,0.435,0.796,1864,454,782
782,7.820,1.3252,1.1813,-0.0275,20.0429,-21.6883,9.7968,-0.0002,0.0013,-8.8461,0.000,1.000,0.000,0.000,1866,455,783
783,7.830,1.3252,1.1813,-0.0275,2.4158,21.3407,9.7972,-0.0007,0.0006,-8.4611,0.000,1.000,0.417,0.921,1868,455,784
784,7.840,1.3334,1.1800,-0.0275,-21.4730,13.3892,9.7978,0.0008,-0.0007,-6.8651,0.000,1.000,0.018,0.000,1871,456,785
785,7.850,1.3385,1.1854,-0.0275,-16.3450,9.4363,9.8020,-0.0006,-0.0013,-4.8070,0.000,0.636,1.000,0.421,1873,457,786
786,7.860,1.3385,1.1854,-0.0275,-3.2682,31.5727,9.8044,-0.0001,-0.0003,-3.9393,0.193,1.000,0.642,0.756,1875,457,787
787,7.870,1.3420,1.1987,-0.0275,-7.0336,41.2979,10.6847,-0.0002,0.0007,-4.5214,0.000,1.000,0.774,0.411,1878,458,788
788,7.880,1.3420,1.1987,-0.0275,-16.9200,25.8891,9.7985,-0.0003,-0.0001,-4.9225,0.000,1.000,0.000,0.579,1880,458,789
789,7.890,1.3368,1.2225,-0.0275,19.0477,15.9701,9.7977,0.0013,-0.0004,-3.7584,0.000,0.302,1.000,0.369,1882,459,790
790,7.900,1.3368,1.2225,-0.0275,-18.4349,19.8333,9.8008,0.0006,-0.0006,-2.2839,0.517,1.000,0.704,0.056,1884,459,791
791,7.910,1.3230,1.2485,-0.0275,12.3218,15.5469,9.7951,-0.0001,-0.0002,0.5263,0.000,0.000,1.000,0.000,1887,460,792
792,7.920,1.3024,1.2750,-0.0275,18.5661,-17.5632,9.8013,-0.0031,-0.0014,2.1072,0.000,0.000,1.000,0.000,1889,461,793
793,7.930,1.3024,1.2750,-0.0275,15.9240,-17.2196,9.7996,-0.0001,-0.0003,1.8048,0.000,1.000,0.176,0.000,1892,461,794
794,7.940,1.2813,1.2952,-0.0275,17.1305,-13.0448,9.8028,-0.0011,-0.0005,1.9460,0.000,0.000,1.000,0.619,1894,462,795
795,7.950,1.2813,1.2952,-0.0275,14.8409,-18.4966,9.8041,-0.0000,-0.0012,2.5230,0.306,1.000,0.680,0.000,1896,462,796
796,7.960,1.2622,1.3068,-0.0275,2.8591,-5.6708,9.7990,-0.0002,-0.0014,1.3053,0.000,0.000,0.734,1.000,1898,463,797
797,7.970,1.2451,1.3135,-0.0275,9.1412,-21.9919,9.7992,-0.0006,-0.0004,0.3747,0.212,0.935,0.864,0.780,1901,464,798
798,7.980,1.2451,1.3135,-0.0275,3.3749,-17.5729,9.8010,-0.0013,0.0004,-0.4432,0.000,1.000,0.000,0.000,1903,464,799
799,7.990,1.2315,1.3151,-0.0275,4.6090,2.4208,9.8044,-0.0011,-0.0006,-1.3819,0.000,0.177,0.333,1.000,1906,465,800
800,8.000,1.2315,1.3151,-0.0275,-25.1564,-12.6358,9.8005,-0.0010,-0.0004,-1.7353,0.000,1.000,0.037,0.000,1908,465,801
801,8.010,1.2207,1.3171,-0.0275,-27.1384,-9.9193,9.8014,-0.0009,-0.0001,-2.5117,0.000,0.324,0.213,1.000,1911,466,802
802,8.020,1.2181,1.3248,-0.0275,-16.7693,-0.9552,9.8001,0.0001,-0.0001,-2.0734,0.000,1.000,0.904,0.046,1913,467,803
803,8.030,1.2181,1.3248,-0.0275,-23.3980,-7.3651,9.8009,-0.0004,-0.0016,-1.8484,0.230,1.000,0.393,0.263,1915,467,804
804,8.040,1.2212,1.3389,-0.0275,-23.8165,4.4183,9.7990,0.0012,0.0013,-1.8027,0.000,0.903,1.000,0.228,1918,468,805
805,8.050,1.2212,1.3389,-0.0275,35.4147,12.8719,9.7999,0.0003,-0.0004,-1.8778,0.295,1.000,0.329,0.463,1920,468,806
806,8.060,1.2284,1.3602,-0.0275,-33.6325,-12.9508,9.7987,0.0008,-0.0014,-0.5821,0.000,0.427,1.000,0.000,1923,469,807
807,8.070,1.2329,1.3798,-0.0275,-24.8266,-6.1173,9.7995,0.0011,0.0005,-2.0283,0.000,1.000,0.266,0.564,1925,470,808
808,8.080,1.2329,1.3798,-0.0275,-19.1218,13.2983,9.8023,-0.0001,-0.0024,-3.1824,0.000,1.000,0.000,0.816,1928,470,809
809,8.090,1.2434,1.4071,-0.0275,-23.1174,10.8600,9.7978,0.0007,0.0007,-2.2265,0.000,1.000,0.865,0.000,1930,471,810
810,8.100,1.2533,1.4410,-0.0275,33.6426,10.9844,9.7978,0.0002,0.0014,-0.1444,0.000,0.205,1.000,0.000,1933,472,811
811,8.110,1.2533,1.4410,-0.0275,32.3568,13.8813,9.7967,-0.0009,0.0006,1.2766,0.760,0.039,1.000,0.071,1935,472,812
812,8.120,1.2563,1.4663,-0.0275,19.8498,9.1533,9.8032,0.0003,-0.0001,1.6311,0.000,0.198,1.000,0.000,1938,473,813
813,8.130,1.2563,1.4663,-0.0275,15.9177,7.0638,9.7963,-0.0007,0.0007,1.0384,0.531,0.971,0.816,0.473,1940,473,814
814,8.140,1.2530,1.4831,-0.0275,25.3872,11.1414,9.8000,0.0009,0.0005,0.4281,0.000,0.481,1.000,0.135,1942,474,815
815,8.150,1.2530,1.4831,-0.0275,27.4292,11.9139,9.7984,-0.0007,-0.0003,0.4972,0.403,1.000,0.741,0.000,1944,474,816
816,8.160,1.2440,1.4929,-0.0275,32.2192,-1.4338,9.8020,-0.0007,0.0008,0.5252,0.000,0.000,1.000,0.112,1947,475,817
817,8.170,1.2284,1.4931,-0.0275,15.3161,-7.0003,9.7928,0.0008,0.0012,0.1384,0.513,0.648,0.762,0.869,1949,476,818
818,8.180,1.2284,1.4931,-0.0275,28.8519,11.8219,9.8018,0.0002,-0.0005,-0.2974,0.000,1.000,0.126,0.000,1952,476,819
819,8.190,1.2106,1.4862,-0.0275,7.9718,-2.9405,9.8051,0.0009,0.0018,0.8817,0.921,0.000,1.000,0.824,1954,477,820
820,8.200,1.1907,1.4756,-0.0275,7.6876,17.4505,9.7988,-0.0009,0.0004,0.4791,0.497,0.718,0.818,0.759,1957,478,821
821,8.210,1.1907,1.4756,-0.0275,19.1891,17.0163,9.7999,-0.0005,0.0002,0.0445,0.000,1.000,0.492,0.000,1959,478,822
822,8.220,1.1674,1.4622,-0.0275,12.6176,-31.9288,9.7979,-0.0024,-0.0004,0.2123,0.688,0.000,0.000,1.000,1962,479,823
823,8.230,1.1674,1.4622,-0.0275,2.9335,-8.2428,9.8011,-0.0015,0.0005,0.6233,0.000,1.000,0.868,0.000,1964,479,824
824,8.240,1.1521,1.4400,-0.0275,-0.1992,-0.4076,9.7967,-0.0005,-0.0007,-0.4591,0.989,0.294,0.000,1.000,1967,480,825
825,8.250,1.1412,1.4136,-0.0275,3.3780,-9.2352,9.7980,0.0002,0.0016,-0.7906,0.522,1.000,0.000,0.100,1969,481,826
826,8.260,1.1412,1.4136,-0.0275,3.6289,-9.4589,9.8020,-0.0002,-0.0002,-1.9951,0.000,1.000,0.589,0.000,1971,481,827
827,8.270,1.1333,1.3843,-0.0275,0.0374,-0.8707,9.8004,0.0001,0.0003,-2.6004,1.000,0.500,0.000,0.391,1973,482,828
828,8.280,1.1333,1.3843,-0.0275,-0.9505,1.2245,9.7320,-0.0009,-0.0007,-2.4714,0.000,0.798,1.000,0.000,1976,482,829
829,8.290,1.1274,1.3542,-0.0275,-19.1667,0.9919,9.7976,-0.0001,-0.0014,-2.7030,1.000,0.283,0.000,0.244,1978,483,830
830,8.300,1.1274,1.3542,-0.0275,2.5838,-5.1240,9.7966,0.0006,0.0005,-2.5475,0.000,0.859,1.000,0.000,1980,483,831
831,8.310,1.1236,1.3241,-0.0275,-30.1207,-13.6125,9.8000,0.0009,-0.0004,-3.9217,1.000,0.623,0.000,0.549,1983,484,832
832,8.320,1.1239,1.2965,-0.0275,-29.2878,-20.0756,9.8002,-0.0010,-0.0010,-4.7517,0.000,1.000,0.000,0.073,1985,485,833
833,8.330,1.1239,1.2965,-0.0275,-23.3853,-17.6883,9.7977,0.0003,0.0020,-4.6394,0.000,1.000,0.658,0.000,1987,485,834
834,8.340,1.1327,1.2782,-0.0275,8.5678,19.6199,9.7995,0.0018,0.0000,-3.4071,0.957,1.000,0.000,0.000,1990,486,835
835,8.350,1.1327,1.2782,-0.0275,5.5769,19.9193,9.8017,-0.0009,0.0002,-0.9635,0.000,0.000,1.000,0.000,1992,486,836
836,8.360,1.1416,1.2622,-0.0275,-22.6017,24.9401,9.7963,0.0003,-0.0010,-0.0472,1.000,0.659,0.000,0.000,1994,487,837
837,8.370,1.1416,1.2622,-0.0275,8.1755,21.8938,9.7976,0.0018,-0.0002,-0.0571,0.000,0.454,1.000,0.000,1996,487,838
838,8.380,1.1417,1.2489,-0.0275,-12.1028,23.9551,9.8024,0.0001,-0.0003,0.1409,1.000,0.855,0.303,0.265,1999,488,839
839,8.390,1.1328,1.2367,-0.0275,14.4904,25.3005,9.8003,0.0011,-0.0004,0.2386,0.343,0.611,1.000,0.609,2001,489,840
840,8.400,1.1328,1.2367,-0.0275,-7.4700,29.5331,9.8009,0.0004,-0.0000,0.0554,0.000,1.000,0.702,0.000,2003,489,841
841,8.410,1.1138,1.2233,-0.0275,9.9717,5.8301,9.7985,-0.0002,0.0013,1.2728,1.000,0.000,0.859,0.847,2006,490,842
842,8.420,1.1138,1.2233,-0.0275,-1.2641,25.6271,9.7989,-0.0002,-0.0005,-0.2735,0.000,1.000,0.000,0.000,2008,490,843
843,8.430,1.0887,1.2101,-0.0275,1.8142,1.4290,9.7967,-0.0003,0.0008,0.5518,0.410,0.000,0.473,1.000,2011,491,844
844,8.440,1.0608,1.1973,-0.0275,-28.2441,-20.4206,9.8001,0.0013,0.0001,0.3609,0.388,0.451,0.989,0.964,2013,492,845
845,8.450,1.0608,1.1973,-0.0275,-2.5437,-9.2542,9.7959,-0.0016,-0.0005,0.2394,0.000,1.000,0.000,0.000,2015,492,846
846,8.460,1.0375,1.1878,-0.0275,1.6236,1.2533,9.7951,-0.0009,-0.0009,1.5830,0.662,0.000,1.000,0.885,2018,493,847
847,8.470,1.0375,1.1878,-0.0275,3.3608,-4.7325,9.8009,-0.0010,-0.0007,0.6288,0.000,1.000,0.000,0.000,2020,493,848
848,8.480,1.0156,1.1780,-0.0275,0.1825,0.0254,9.8028,0.0010,-0.0008,0.7480,0.254,0.000,0.452,1.000,2022,494,849
849,8.490,0.9939,1.1677,-0.0275,-27.7982,-9.7044,9.8080,0.0012,0.0014,1.2847,0.531,0.233,1.000,0.396,2025,495,850
850,8.500,0.9939,1.1677,-0.0275,-11.0018,-27.1314,9.8064,-0.0014,0.0006,0.3597,0.000,1.000,0.000,0.000,2027,495,851
851,8.510,0.9750,1.1601,-0.0275,14.6292,0.6872,9.7960,0.0003,-0.0005,0.2224,0.217,0.000,0.489,1.000,2030,496,852
852,8.520,0.9750,1.1601,-0.0275,-16.1487,-12.3167,9.8031,-0.0007,0.0007,0.8268,0.000,1.000,0.687,0.000,2032,496,853
853,8.530,0.9599,1.1539,-0.0275,6.8387,-1.4809,9.8025,-0.0009,-0.0016,1.1694,0.698,0.000,1.000,0.935,2034,497,854
854,8.540,0.9599,1.1539,-0.0275,-23.7269,-17.2164,9.7985,-0.0008,-0.0002,1.2362,0.000,1.000,0.717,0.000,2036,497,855
855,8.550,0.9487,1.1490,-0.0275,-20.8225,-14.5920,9.7989,0.0012,-0.0002,1.0576,0.630,0.271,0.912,0.978,2039,498,856
856,8.560,0.9461,1.1520,-0.0275,-30.5932,-20.9063,9.7997,-0.0022,0.0001,1.1396,0.000,0.786,1.000,0.000,2041,499,857
857,8.570,0.9461,1.1520,-0.0275,-25.7623,-17.1040,9.7954,-0.0006,0.0009,0.6703,0.385,1.000,0.740,0.313,2044,499,858
858,8.580,0.9533,1.1649,-0.0275,-20.3079,-13.3420,9.7976,0.0006,-0.0015,0.5046,0.000,0.907,1.000,0.000,2046,500,859
859,8.590,0.9533,1.1649,-0.0275,-19.0118,-12.3238,9.7968,-0.0008,-0.0004,0.6347,0.883,0.534,0.706,0.669,2048,500,860
860,8.600,0.9684,1.1853,-0.0275,-33.6802,-21.6999,9.7973,-0.0012,0.0001,-0.2668,0.000,1.000,0.210,0.000,2051,501,861
861,8.610,0.9915,1.2113,-0.0275,11.8185,-19.2561,9.8012,0.0006,-0.0014,-0.7856,0.000,1.000,0.398,0.000,2053,502,862
862,8.620,0.9915,1.2113,-0.0275,20.5312,13.6877,9.7961,-0.0002,-0.0004,-1.5431,0.277,0.661,0.225,1.000,2055,502,863
863,8.630,1.0186,1.2362,-0.0275,-12.0056,-8.2781,9.8004,-0.0005,0.0003,-1.2182,0.000,1.000,0.402,0.000,2057,503,864
864,8.640,1.0186,1.2362,-0.0275,-9.9069,-6.7856,9.7971,0.0002,0.0003,1.2306,1.000,0.000,0.924,0.249,2060,503,865
865,8.650,1.0478,1.2624,-0.0275,10.0333,3.2954,9.7993,-0.0010,-0.0012,1.3864,0.000,1.000,0.894,0.000,2062,504,866
866,8.660,1.0779,1.2906,-0.0275,10.3335,7.1182,9.7994,-0.0007,0.0016,-3.6298,0.000,1.000,0.000,0.000,2065,505,867
867,8.670,1.0779,1.2906,-0.0275,28.4608,21.7622,9.7995,0.0008,-0.0006,-5.5156,0.000,0.892,0.000,1.000,2067,505,868
868,8.680,1.1037,1.3144,-0.0275,-0.7866,-0.6885,9.8010,0.0004,0.0007,-3.6187,0.000,1.000,0.318,0.000,2069,506,869
869,8.690,1.1037,1.3144,-0.0275,6.1913,5.4596,9.7996,-0.0001,0.0019,-1.6917,0.888,0.406,0.959,0.539,2071,506,870
870,8.700,1.1277,1.3359,-0.0275,3.7087,3.3471,9.7948,0.0005,0.0008,0.6238,0.000,0.643,1.000,0.000,2074,507,871
871,8.710,1.1277,1.3359,-0.0275,12.9525,11.2342,9.7975,0.0020,0.0001,2.7843,0.764,0.000,1.000,0.000,2076,507,872
872,8.720,1.1485,1.3545,-0.0275,26.8815,12.7196,9.7985,-0.0005,0.0011,4.6104,0.000,0.395,1.000,0.000,2078,508,873
873,8.730,1.1633,1.3652,-0.0275,28.8853,12.5512,9.7948,0.0026,0.0011,6.7320,0.000,0.047,1.000,0.000,2081,509,874
874,8.740,1.1633,1.3652,-0.0275,28.3370,10.8430,9.7958,0.0013,-0.0007,8.3275,0.620,0.000,1.000,0.000,2083,509,875
875,8.750,1.1713,1.3661,-0.0275,5.1938,-7.7263,9.8003,0.0001,0.0008,6.4123,0.063,0.872,1.000,0.000,2086,510,876
876,8.760,1.1713,1.3661,-0.0275,0.1969,1.0626,9.7999,0.0002,-0.0017,3.5728,0.053,1.000,0.876,0.800,2088,510,877
877,8.770,1.1780,1.3634,-0.0275,-4.8885,14.6777,9.8000,-0.0005,0.0002,-0.7251,0.000,1.000,0.000,0.000,2091,511,878
878,8.780,1.1826,1.3624,-0.0275,-7.5796,21.2489,9.9556,0.0052,-0.0004,-3.0917,0.000,1.000,0.085,0.182,2093,512,879
879,8.790,1.1826,1.3624,-0.0275,-9.1227,21.0677,9.7993,0.0006,0.0003,-5.4792,0.000,1.000,0.214,0.455,2096,512,880
880,8.800,1.1811,1.3672,-0.0275,-10.3601,20.2872,9.7974,-0.0007,-0.0001,-7.0656,0.000,1.000,0.290,0.205,2098,513,881
881,8.810,1.1811,1.3672,-0.0275,-12.6346,20.4866,9.8007,-0.0006,-0.0013,-8.8121,0.000,1.000,0.000,0.000,2100,513,882
882,8.820,1.1731,1.3786,-0.0275,-15.5636,18.1984,9.8272,-0.0013,-0.0007,-11.6321,0.000,1.000,0.731,0.520,2103,514,883
883,8.830,1.1583,1.3968,-0.0275,-19.0562,17.2441,9.7963,0.0001,-0.0013,-13.7146,0.000,1.000,0.505,0.645,2105,515,884
884,8.840,1.1583,1.3968,-0.0275,19.6918,12.5879,9.7974,0.0027,-0.0002,-11.2843,0.000,1.000,0.000,0.000,2107,515,885
885,8.850,1.1392,1.4147,-0.0275,14.0996,9.2349,9.7984,0.0000,0.0020,-9.0444,0.000,0.718,1.000,0.565,2110,516,886
886,8.860,1.1392,1.4147,-0.0275,11.1164,5.2716,9.8021,0.0019,0.0002,-7.9319,0.000,1.000,0.000,0.000,2112,516,887
887,8.870,1.1185,1.4283,-0.0275,6.2966,19.1154,9.7998,0.0020,0.0004,-6.9049,0.000,0.777,1.000,0.397,2114,517,888
888,8.880,1.0950,1.4365,-0.0275,8.6459,7.7896,9.7934,-0.0008,-0.0007,-4.6564,0.000,0.823,1.000,0.032,2117,518,889
889,8.890,1.0950,1.4365,-0.0275,4.4341,13.6795,9.7994,-0.0004,-0.0013,-3.0602,0.492,1.000,0.000,0.000,2119,518,890
890,8.900,1.0689,1.4398,-0.0275,6.9285,13.9276,9.7971,0.0003,0.0001,-0.7127,0.000,0.000,1.000,0.000,2122,519,891
891,8.910,1.0689,1.4398,-0.0275,1.6694,9.6474,9.8014,0.0006,-0.0013,0.5761,0.842,1.000,0.000,0.000,2124,519,892
892,8.920,1.0396,1.4385,-0.0275,0.5807,-0.0009,9.7989,0.0004,0.0011,2.1610,0.000,0.000,1.000,0.000,2127,520,893
893,8.930,1.0077,1.4336,-0.0275,-2.9029,-15.1930,9.7995,0.0000,0.0004,2.4750,0.000,0.000,1.000,0.000,2129,521,894
894,8.940,1.0077,1.4336,-0.0275,1.1247,-25.3128,9.7978,-0.0005,0.0007,1.6316,0.000,1.000,0.000,0.000,2131,521,895
895,8.950,0.9802,1.4306,-0.0275,-0.7483,-3.8007,9.7971,-0.0009,0.0016,-0.2462,0.000,0.000,0.910,1.000,2134,522,896
896,8.960,0.9802,1.4306,-0.0275,-2.3674,-11.3406,9.8014,0.0015,0.0002,-1.2888,0.000,1.000,0.000,0.000,2136,522,897
897,8.970,0.9571,1.4308,-0.0275,-1.5045,-8.0478,9.7980,-0.0001,0.0012,-1.7611,0.000,0.049,1.000,0.676,2138,523,898
898,8.980,0.9373,1.4334,-0.0275,-1.7774,-11.3697,9.8019,0.0015,0.0015,-3.0099,0.000,1.000,0.000,0.028,2141,524,899
899,8.990,0.9373,1.4334,-0.0275,8.6583,3.4560,9.7987,-0.0012,0.0008,-3.7504,0.000,1.000,0.000,0.000,2143,524,900
900,9.000,0.9196,1.4371,-0.0275,4.9197,12.0714,9.8018,-0.0007,0.0007,-3.5465,0.000,0.790,1.000,0.392,2146,525,901
901,9.010,0.9196,1.4371,-0.0275,0.4258,5.5957,9.8018,-0.0004,-0.0005,-4.3376,0.000,1.000,0.000,0.000,2148,525,902
902,9.020,0.9007,1.4373,-0.0275,0.1498,7.0863,9.8005,0.0015,0.0003,-5.6381,0.000,1.000,0.847,0.791,2150,526,903
903,9.030,0.9007,1.4373,-0.0275,4.0266,11.4475,9.8046,-0.0002,0.0009,-6.3053,0.000,1.000,0.000,0.000,2152,526,904
904,9.040,0.8802,1.4342,-0.0275,2.0474,17.7932,9.8009,-0.0006,0.0012,-8.1392,0.000,1.000,0.885,0.851,2155,527,905
905,9.050,0.8573,1.4265,-0.0275,2.5940,17.3655,9.8056,-0.0012,0.0009,-9.5044,0.000,1.000,0.076,0.460,2157,528,906
906,9.060,0.8573,1.4265,-0.0275,-2.1030,18.0337,9.7990,0.0002,0.0011,-12.0131,0.000,1.000,0.000,0.000,2160,528,907
907,9.070,0.8313,1.4136,-0.0275,-6.2192,18.4608,9.7971,0.0001,-0.0002,-13.5517,0.000,0.599,1.000,0.921,2162,529,908
908,9.080,0.8313,1.4136,-0.0275,4.2325,-16.6399,9.7960,0.0000,0.0005,-13.7011,0.330,1.000,0.000,0.000,2164,529,909
909,9.090,0.8027,1.3979,-0.0275,-5.3543,-1.5807,9.8046,-0.0010,-0.0020,-13.8136,0.000,0.435,1.000,0.541,2167,530,910
910,9.100,0.7738,1.3884,-0.0275,7.4897,-13.0559,9.8014,0.0008,0.0014,-12.7003,0.000,1.000,0.000,0.000,2169,531,911
911,9.110,0.7738,1.3884,-0.0275,-3.4142,-2.8067,9.7921,-0.0026,0.0013,-13.7342,1.000,0.713,0.000,0.374,2172,531,912
912,9.120,0.7445,1.3838,-0.0275,14.2319,-7.7651,9.7988,0.0009,-0.0011,-13.2246,0.000,1.000,0.146,0.000,2174,532,913
913,9.130,0.7445,1.3838,-0.0275,1.9946,-0.9634,9.7979,0.0008,-0.0002,-13.5331,0.907,0.123,0.000,1.000,2176,532,914
914,9.140,0.7158,1.3812,-0.0275,30.8841,8.5058,9.7928,0.0000,0.0004,-12.8285,0.000,1.000,0.000,0.000,2179,533,915
915,9.150,0.6909,1.3817,-0.0275,7.1406,10.0036,9.8047,-0.0006,0.0001,-13.2261,0.026,1.000,0.000,0.128,2181,534,916
916,9.160,0.6909,1.3817,-0.0275,-16.3807,-7.7737,9.7370,0.0018,-0.0002,-12.1318,0.000,0.000,0.000,1.000,2184,534,917
917,9.170,0.6695,1.3818,-0.0275,-4.3248,-2.6920,9.8017,0.0019,0.0009,-11.7165,0.000,1.000,0.000,0.000,2186,535,918
918,9.180,0.6695,1.3818,-0.0275,-8.3184,-6.7002,9.7980,0.0011,-0.0000,-11.3533,0.000,0.000,0.000,1.000,2188,535,919
919,9.190,0.6454,1.3789,-0.0275,-1.6396,7.4012,9.8012,-0.0001,-0.0004,-10.5765,0.000,1.000,0.000,0.000,2190,536,920
920,9.200,0.6454,1.3789,-0.0275,-2.9407,6.9596,9.7984,-0.0001,0.0003,-10.8039,0.000,0.000,0.000,1.000,2192,536,921
921,9.210,0.6208,1.3745,-0.0275,-15.8236,-3.4265,9.8063,0.0000,0.0012,-9.0381,0.000,1.000,0.000,0.000,2195,537,922
922,9.220,0.5975,1.3663,-0.0275,-1.7491,-3.6587,9.8082,-0.0003,-0.0002,-7.2165,0.000,1.000,0.000,0.382,2197,538,923
923,9.230,0.5975,1.3663,-0.0275,-1.8244,-4.5444,9.7990,0.0003,0.0003,-5.5813,0.000,0.000,0.000,1.000,2199,538,924
924,9.240,0.5734,1.3545,-0.0275,0.2393,0.9088,9.7979,-0.0019,-0.0014,-2.9650,0.050,1.000,0.135,0.000,2202,539,925
925,9.250,0.5734,1.3545,-0.0275,-1.4117,-3.7704,9.7987,0.0001,0.0013,-1.7001,0.280,0.000,0.000,1.000,2204,539,926
926,9.260,0.5486,1.3418,-0.0275,-0.4366,-1.2268,9.8026,-0.0004,0.0004,0.1482,0.269,1.000,0.367,0.000,2206,540,927
927,9.270,0.5234,1.3289,-0.0275,-0.4854,-1.2355,9.7948,-0.0008,0.0001,2.2252,1.000,0.366,0.831,0.000,2209,541,928
928,9.280,0.5234,1.3289,-0.0275,-17.3829,-3.2219,9.8006,0.0009,-0.0010,3.0885,1.000,0.000,0.118,0.751,2211,541,929
929,9.290,0.4974,1.3138,-0.0275,-11.7426,-8.9412,9.7994,0.0007,0.0004,2.7826,0.000,1.000,0.065,0.000,2213,542,930
930,9.300,0.4974,1.3138,-0.0275,1.5999,-3.9004,9.8020,0.0008,-0.0010,2.4263,0.685,0.000,0.000,1.000,2216,542,931
931,9.310,0.4700,1.2945,-0.0275,-8.7933,7.6865,9.8015,0.0007,-0.0015,1.5219,0.000,1.000,0.000,0.000,2218,543,932
932,9.320,0.4700,1.2945,-0.0275,-10.5304,8.0944,9.7974,0.0027,-0.0000,0.3544,0.214,0.000,0.000,1.000,2220,543,933
933,9.330,0.4447,1.2737,-0.0275,-8.8996,6.1644,9.8020,0.0000,-0.0010,-2.0599,0.000,1.000,0.000,0.000,2223,544,934
934,9.340,0.4240,1.2498,-0.0275,-15.5697,7.5959,9.7972,0.0012,-0.0007,-3.9014,0.000,1.000,0.000,0.191,2225,545,935
935,9.350,0.4240,1.2498,-0.0275,-22.5909,8.2962,9.7970,0.0016,-0.0001,-5.6021,0.000,0.000,0.000,1.000,2227,545,936
936,9.360,0.4086,1.2215,-0.0275,-18.5188,12.6796,9.7986,0.0012,0.0005,-5.7606,0.000,1.000,0.000,0.000,2230,546,937
937,9.370,0.4086,1.2215,-0.0275,-16.8149,10.6911,9.8214,0.0012,0.0016,-4.7843,0.507,0.000,0.000,1.000,2232,546,938
938,9.380,0.4008,1.1895,-0.0275,-17.9151,-15.7083,19.3432,0.0016,0.0044,-3.3616,0.000,0.948,1.000,0.000,2234,547,939
939,9.390,0.3991,1.1569,-0.0275,2.0336,16.6514,9.7990,0.0017,0.0012,-2.5300,0.246,0.857,0.991,0.698,2237,548,940
940,9.400,0.3991,1.1569,-0.0275,-21.1784,5.2384,9.8031,-0.0011,-0.0007,-2.4633,1.000,0.000,0.000,0.824,2239,548,941
941,9.410,0.4024,1.1265,-0.0275,-1.7688,10.1864,9.7955,-0.0014,0.0008,-2.3515,0.000,0.610,1.000,0.000,2241,549,942
942,9.420,0.4024,1.1265,-0.0275,-8.0618,0.4098,9.8005,0.0008,-0.0003,-2.4512,1.000,0.000,0.000,0.779,2244,549,943
943,9.430,0.4091,1.0968,-0.0275,9.2736,4.0486,9.7981,-0.0008,-0.0008,-2.4032,0.000,0.395,1.000,0.000,2246,550,944
944,9.440,0.4091,1.0968,-0.0275,9.4763,5.3042,9.8036,0.0007,0.0005,-2.5610,1.000,0.000,0.000,0.888,2248,550,945
945,9.450,0.4159,1.0701,-0.0275,12.4924,1.2187,9.8007,-0.0005,0.0022,-2.9525,0.000,0.766,1.000,0.000,2251,551,946
946,9.460,0.4214,1.0467,-0.0275,-1.3233,15.2089,9.7957,-0.0008,-0.0008,-4.0583,0.000,1.000,0.011,0.886,2253,552,947
947,9.470,0.4214,1.0467,-0.0275,-2.1744,35.2903,9.7938,-0.0004,-0.0015,-4.9051,0.550,0.000,0.000,1.000,2255,552,948
948,9.480,0.4312,1.0296,-0.0275,8.1626,13.2061,9.7972,-0.0008,-0.0009,-6.7301,0.000,1.000,0.879,0.907,2258,553,949
949,9.490,0.4312,1.0296,-0.0275,-9.9831,31.5955,9.8002,0.0004,0.0008,-8.3835,0.523,0.272,0.000,1.000,2260,553,950
950,9.500,0.4470,1.0211,-0.0275,6.6248,20.7828,9.7924,-0.0012,-0.0007,-9.4857,0.000,0.233,0.486,1.000,2262,554,951
951,9.510,0.4667,1.0211,-0.0275,0.5813,16.4270,9.7941,0.0001,-0.0001,-10.7809,0.000,0.000,0.000,1.000,2265,555,952
952,9.520,0.4667,1.0211,-0.0275,-4.1487,8.2131,9.7988,0.0021,0.0002,-11.4034,0.532,1.000,0.000,0.800,2267,555,953
953,9.530,0.4878,1.0269,-0.0275,-8.7573,11.2759,9.8003,0.0009,-0.0006,-10.8214,0.000,0.000,0.040,1.000,2270,556,954
954,9.540,0.4878,1.0269,-0.0275,-11.6522,16.1360,9.8028,-0.0017,0.0021,-10.4912,0.450,1.000,0.000,0.712,2272,556,955
955,9.550,0.5118,1.0374,-0.0275,-10.8533,0.7102,9.7986,0.0015,-0.0013,-10.0557,0.000,0.000,0.154,1.000,2274,557,956
956,9.560,0.5397,1.0523,-0.0275,-14.5776,5.8763,9.7995,0.0001,0.0008,-8.9711,0.000,0.055,0.000,1.000,2277,558,957
957,9.570,0.5397,1.0523,-0.0275,-15.4556,4.7176,9.8010,0.0005,0.0011,-8.4919,0.361,1.000,0.000,0.495,2279,558,958
958,9.580,0.5721,1.0714,-0.0275,-14.1349,-0.7575,9.7954,0.0000,-0.0002,-7.5499,0.000,0.000,0.421,1.000,2281,559,959
959,9.590,0.5721,1.0714,-0.0275,-16.7855,2.2305,9.7986,-0.0021,0.0016,-4.6347,1.000,0.187,0.000,0.000,2284,559,960
960,9.600,0.6092,1.0938,-0.0275,10.7510,-18.4554,9.8002,-0.0000,-0.0006,-2.9104,0.000,0.000,1.000,0.443,2286,560,961
961,9.610,0.6465,1.1132,-0.0275,14.9337,4.3401,9.7987,0.0003,0.0006,-3.3307,0.000,0.486,0.336,1.000,2289,561,962
962,9.620,0.6465,1.1132,-0.0275,-5.9549,0.2121,9.7989,-0.0001,-0.0007,-1.8475,1.000,0.228,0.000,0.054,2291,561,963
963,9.630,0.6807,1.1306,-0.0275,14.6096,16.4254,9.8007,0.0005,-0.0008,-0.6816,0.000,0.000,1.000,0.213,2293,562,964
964,9.640,0.6807,1.1306,-0.0275,8.4389,0.2178,9.7986,0.0004,-0.0001,-1.8755,0.585,1.000,0.000,0.842,2296,562,965
965,9.650,0.7106,1.1453,-0.0275,-5.5509,-0.0468,9.7996,-0.0021,-0.0003,-0.7372,0.000,0.000,1.000,0.224,2298,563,966
966,9.660,0.7106,1.1453,-0.0275,-12.0699,18.7860,9.7985,-0.0000,-0.0001,-0.0793,1.000,0.161,0.000,0.221,2300,563,967
967,9.670,0.7392,1.1606,-0.0275,18.4616,5.1558,9.8004,-0.0003,-0.0006,-1.3860,0.000,0.000,0.754,1.000,2302,564,968
968,9.680,0.7663,1.1748,-0.0275,1.1885,-14.5335,9.7995,0.0001,-0.0000,-1.7456,0.000,0.584,0.742,1.000,2305,565,969
969,9.690,0.7663,1.1748,-0.0275,0.9344,-7.0265,9.7965,-0.0003,0.0007,-2.7264,0.449,1.000,0.000,0.823,2307,565,970
970,9.700,0.7950,1.1852,-0.0275,1.1747,3.6525,9.7998,0.0007,-0.0007,-3.2194,0.000,0.405,0.919,1.000,2309,566,971
971,9.710,0.7950,1.1852,-0.0275,-28.0494,8.8926,9.8122,-0.0001,-0.0000,-3.5996,0.531,0.892,0.000,1.000,2312,566,972
972,9.720,0.8232,1.1962,-0.0275,-16.3099,-3.0558,9.7973,-0.0003,0.0008,-1.3477,0.000,0.000,1.000,0.000,2314,567,973
973,9.730,0.8232,1.1962,-0.0275,19.2730,-0.3076,9.7960,0.0011,0.0005,-0.9812,1.000,0.640,0.282,0.688,2316,567,974
974,9.740,0.8512,1.2078,-0.0275,10.9910,2.5414,9.7958,0.0017,0.0010,0.5712,0.000,0.000,1.000,0.000,2319,568,975
975,9.750,0.8746,1.2134,-0.0275,22.5726,-1.4248,9.7987,-0.0001,-0.0012,2.0895,0.000,0.000,1.000,0.000,2321,569,976
976,9.760,0.8746,1.2134,-0.0275,25.8279,1.4186,9.7964,-0.0002,0.0003,3.0002,1.000,0.000,0.565,0.014,2323,569,977
977,9.770,0.8931,1.2128,-0.0275,-2.1487,19.4408,10.5014,0.0007,0.0170,4.6571,0.000,0.000,1.000,0.000,2326,570,978
978,9.780,0.8931,1.2128,-0.0275,23.8466,6.3067,9.7996,-0.0007,0.0004,5.3213,1.000,0.000,0.697,0.304,2328,570,979
979,9.790,0.9046,1.2053,-0.0275,16.5694,9.4929,9.8024,-0.0002,0.0014,2.1455,0.000,1.000,0.663,0.386,2331,571,980
980,9.800,0.9096,1.1956,-0.0275,24.4432,5.5963,9.7955,-0.0018,-0.0011,-0.1794,0.000,1.000,0.221,0.998,2333,572,981
981,9.810,0.9096,1.1956,-0.0275,12.3265,16.3355,9.7986,-0.0001,-0.0004,1.1434,0.368,0.000,1.000,0.659,2335,572,982
982,9.820,0.9064,1.1834,-0.0275,8.6716,20.8445,9.8004,0.0006,-0.0011,0.4838,0.439,1.000,0.589,0.360,2338,573,983
983,9.830,0.9064,1.1834,-0.0275,24.5344,7.3878,9.7987,0.0008,-0.0008,1.0703,0.000,0.000,1.000,0.650,2340,573,984
984,9.840,0.8955,1.1716,-0.0275,-14.5417,14.7626,9.7960,0.0001,0.0007,0.9112,1.000,0.650,0.223,0.316,2342,574,985
985,9.850,0.8955,1.1716,-0.0275,27.4766,4.9329,9.7982,-0.0006,0.0017,0.4869,0.000,0.000,1.000,0.825,2344,574,986
986,9.860,0.8784,1.1615,-0.0275,-13.2479,15.9977,9.8015,0.0008,-0.0004,-0.8344,1.000,0.952,0.000,0.986,2347,575,987
987,9.870,0.8560,1.1499,-0.0275,18.4722,-0.8630,9.7966,0.0004,-0.0014,-0.2292,1.000,0.413,0.540,0.751,2349,576,988
988,9.880,0.8560,1.1499,-0.0275,9.1103,7.5242,9.7986,0.0002,0.0002,-0.2521,0.000,0.000,1.000,0.301,2351,576,989
989,9.890,0.8296,1.1360,-0.0275,3.0052,-2.7926,9.7982,0.0005,0.0004,-1.5605,1.000,0.716,0.000,0.467,2353,577,990
990,9.900,0.8296,1.1360,-0.0275,12.0822,-11.2094,9.8009,0.0004,-0.0013,-1.6811,0.000,0.000,1.000,0.374,2356,577,991
991,9.910,0.8020,1.1208,-0.0275,-16.9959,19.8913,9.8010,-0.0002,0.0015,-1.6213,1.000,0.007,0.000,0.000,2358,578,992
992,9.920,0.7739,1.1073,-0.0275,10.3787,-1.5893,9.8015,-0.0004,-0.0006,-3.1102,0.000,0.487,0.000,1.000,2361,579,993
993,9.930,0.7739,1.1073,-0.0275,-11.2335,6.9003,9.8029,-0.0003,-0.0014,-1.9682,0.000,0.000,1.000,0.000,2363,579,994
994,9.940,0.7459,1.0947,-0.0275,-24.6892,-6.0180,9.8024,0.0004,0.0011,-0.8596,1.000,0.000,0.000,0.000,2366,580,995
995,9.950,0.7459,1.0947,-0.0275,7.9393,-1.5338,9.7956,0.0011,0.0009,-1.8280,0.000,0.000,1.000,0.541,2368,580,996
996,9.960,0.7232,1.0861,-0.0275,-12.1851,14.5013,9.8000,0.0002,0.0005,-2.5438,0.858,0.304,0.000,1.000,2371,581,997
997,9.970,0.6998,1.0764,-0.0275,7.3135,-6.6182,9.7970,0.0015,0.0008,-2.3286,0.482,0.602,0.317,1.000,2373,582,998
998,9.980,0.6998,1.0764,-0.0275,-2.1461,-6.8026,9.7976,0.0006,0.0009,-1.5494,0.000,0.000,1.000,0.000,2375,582,999
999,9.990,0.6779,1.0656,-0.0275,-1.0128,-1.0590,9.7978,0.0002,0.0001,-1.1226,1.000,0.000,0.000,0.238,2378,583,1000
1000,10.000,0.6779,1.0656,-0.0275,2.9079,0.5580,9.8047,0.0000,0.0016,-1.6570,0.000,0.044,1.000,0.477,2380,583,1001
1001,10.010,0.6575,1.0554,-0.0275,-13.4004,14.7068,11.2525,0.0370,0.0351,-2.2303,0.981,0.487,0.000,1.000,2382,584,1002
1002,10.020,0.6575,1.0554,-0.0275,5.6963,1.3432,9.7986,-0.0005,0.0019,-0.8135,0.000,0.000,1.000,0.000,2384,584,1003
1003,10.030,0.6355,1.0439,-0.0275,24.6898,5.8526,9.8027,0.0001,-0.0006,1.8493,1.000,0.000,0.000,0.000,2387,585,1004
1004,10.040,0.6113,1.0304,-0.0275,4.5270,0.8414,9.8001,-0.0000,0.0006,3.5565,1.000,0.000,0.605,0.000,2389,586,1005
1005,10.050,0.6113,1.0304,-0.0275,-2.3401,-0.5291,9.7999,0.0018,-0.0002,4.8877,0.000,0.000,1.000,0.000,2391,586,1006
1006,10.060,0.5845,1.0159,-0.0275,11.0767,0.7108,9.8015,0.0003,0.0007,6.5661,1.000,0.000,0.000,0.000,2394,587,1007
1007,10.070,0.5845,1.0159,-0.0275,8.6270,1.8799,9.7966,0.0001,0.0006,7.2273,0.000,0.000,1.000,0.000,2396,587,1008
1008,10.080,0.5543,0.9983,-0.0275,15.7029,-1.8960,9.7972,0.0015,0.0006,8.3771,1.000,0.000,0.000,0.000,2399,588,1009
1009,10.090,0.5202,0.9778,-0.0275,12.1838,-2.5958,9.7980,0.0009,0.0015,9.0636,1.000,0.000,0.194,0.000,2401,589,1010
1010,10.100,0.5202,0.9778,-0.0275,-19.6282,-8.7369,9.7989,0.0011,0.0005,9.4633,0.000,0.000,1.000,0.000,2403,589,1011
1011,10.110,0.4854,0.9547,-0.0275,14.2579,-6.7562,9.8015,0.0006,0.0011,9.5563,1.000,0.000,0.000,0.000,2406,590,1012
1012,10.120,0.4854,0.9547,-0.0275,4.1773,-12.3524,9.8026,0.0037,-0.0019,9.5739,0.000,0.000,1.000,0.000,2408,590,1013
1013,10.130,0.4502,0.9297,-0.0275,-8.2038,10.4927,9.7940,-0.0022,0.0014,9.6745,1.000,0.281,0.000,0.000,2410,591,1014
1014,10.140,0.4164,0.9058,-0.0275,-2.4954,15.8343,9.7977,-0.0012,-0.0006,9.1515,1.000,0.125,0.670,0.000,2413,592,1015
1015,10.150,0.4164,0.9058,-0.0275,1.0528,18.6817,9.8003,-0.0016,0.0000,9.3792,0.000,0.000,1.000,0.931,2415,592,1016
1016,10.160,0.3837,0.8878,-0.0275,-17.6950,-11.1190,9.8028,-0.0010,0.0013,9.0736,1.000,0.623,0.000,0.000,2418,593,1017
1017,10.170,0.3837,0.8878,-0.0275,-27.3751,-7.9587,9.7974,-0.0021,0.0012,9.0038,0.000,0.000,1.000,0.978,2420,593,1018
1018,10.180,0.3550,0.8693,-0.0275,-27.1165,7.0745,9.7982,-0.0004,0.0004,9.5383,0.910,1.000,0.000,0.000,2423,594,1019
1019,10.190,0.3352,0.8456,-0.0275,-2.2959,-0.0005,9.7993,-0.0010,-0.0000,9.7098,0.042,0.000,1.000,0.000,2425,595,1020
1020,10.200,0.3352,0.8456,-0.0275,4.1562,4.2839,9.7971,0.0001,-0.0013,9.4872,0.879,0.000,0.164,1.000,2427,595,1021
1021,10.210,0.3177,0.8202,-0.0275,1.0268,-15.5530,9.7997,-0.0008,0.0005,9.3070,0.000,0.677,1.000,0.000,2429,596,1022
1022,10.220,0.3177,0.8202,-0.0275,-0.2286,-8.0755,9.8008,-0.0005,-0.0012,9.6281,1.000,0.000,0.000,0.609,2431,596,1023
1023,10.230,0.2985,0.7931,-0.0275,-2.5907,-14.7070,9.8035,-0.0009,-0.0006,10.0051,0.000,0.350,1.000,0.000,2434,597,1024
1024,10.240,0.2985,0.7931,-0.0275,15.1132,0.8886,9.7999,-0.0005,-0.0006,9.6371,1.000,0.000,0.000,0.308,2436,597,1025
1025,10.250,0.2776,0.7658,-0.0275,15.9914,1.9329,9.7979,-0.0009,0.0014,8.3044,0.000,0.000,1.000,0.000,2438,598,1026
1026,10.260,0.2776,0.7658,-0.0275,9.4441,19.3029,9.7984,0.0001,-0.0012,8.1028,1.000,0.000,0.000,0.000,2440,598,1027
1027,10.270,0.2555,0.7439,-0.0275,15.6077,24.4883,9.7977,-0.0001,0.0001,7.0532,0.000,0.099,1.000,0.000,2443,599,1028
1028,10.280,0.2373,0.7276,-0.0275,7.9925,10.9141,9.8009,-0.0006,-0.0014,5.9371,1.000,0.136,0.790,0.183,2445,600,1029
1029,10.290,0.2373,0.7276,-0.0275,19.0103,23.1633,9.8009,-0.0001,0.0000,5.6383,1.000,0.000,0.000,0.000,2447,600,1030
1030,10.300,0.2242,0.7162,-0.0275,-1.1356,1.2323,9.8007,-0.0001,0.0001,7.2842,0.000,0.000,1.000,0.000,2449,601,1031
1031,10.310,0.2242,0.7162,-0.0275,18.4492,6.1758,9.7986,-0.0000,-0.0007,8.5201,1.000,0.000,0.000,0.000,2452,601,1032
1032,10.320,0.2131,0.7070,-0.0275,0.6534,3.8948,9.7993,-0.0011,0.0003,9.1031,0.158,0.000,1.000,0.000,2454,602,1033
1033,10.330,0.2040,0.7017,-0.0275,18.0710,3.3987,9.7983,0.0003,0.0005,9.4759,1.000,0.000,0.383,0.000,2457,603,1034
1034,10.340,0.2040,0.7017,-0.0275,4.2135,5.6241,9.8007,-0.0013,0.0003,10.0480,1.000,0.000,0.000,0.000,2459,603,1035
1035,10.350,0.1976,0.7006,-0.0275,3.9942,0.4003,9.8031,-0.0019,-0.0003,11.4946,1.000,0.228,0.930,0.000,2461,604,1036
1036,10.360,0.1976,0.7006,-0.0275,6.0722,-1.5629,9.8020,0.0015,0.0010,12.0829,1.000,0.000,0.000,0.000,2463,604,1037
1037,10.370,0.1923,0.7004,-0.0275,-10.0168,20.1660,9.7979,-0.0005,-0.0004,13.7773,1.000,0.302,0.944,0.000,2466,605,1038
1038,10.380,0.1923,0.7004,-0.0275,-8.6965,23.6066,9.7982,-0.0003,0.0011,15.1571,1.000,0.000,0.150,0.000,2468,605,1039
1039,10.390,0.1904,0.6936,-0.0275,-3.7526,25.0358,10.0231,0.0003,-0.0007,15.9583,0.997,0.000,1.000,0.053,2470,606,1040
1040,10.400,0.1920,0.6820,-0.0275,18.6635,0.3296,9.8024,-0.0030,0.0003,14.3953,1.000,0.000,0.273,0.000,2473,607,1041
1041,10.410,0.1920,0.6820,-0.0275,18.3991,11.4081,9.7978,-0.0018,0.0018,14.1968,1.000,0.512,0.547,0.000,2475,607,1042
1042,10.420,0.2006,0.6713,-0.0275,-2.3101,11.4610,9.7964,-0.0010,0.0000,14.3409,1.000,0.000,0.000,0.000,2478,608,1043
1043,10.430,0.2006,0.6713,-0.0275,1.4531,6.4761,9.7980,-0.0023,0.0002,14.3162,0.429,0.423,1.000,0.000,2480,608,1044
1044,10.440,0.2122,0.6566,-0.0275,3.7996,8.9246,9.7958,-0.0022,-0.0002,14.8191,1.000,0.000,0.000,0.000,2482,609,1045
1045,10.450,0.2249,0.6384,-0.0275,1.2815,-0.0381,9.8009,-0.0014,-0.0015,14.3640,1.000,0.000,0.000,0.000,2485,610,1046
1046,10.460,0.2249,0.6384,-0.0275,2.8981,-0.2155,9.8014,-0.0005,-0.0010,14.1541,0.000,0.000,1.000,0.000,2487,610,1047
1047,10.470,0.2380,0.6185,-0.0275,3.0344,-0.6429,9.8025,0.0003,0.0006,13.6024,1.000,0.000,0.000,0.000,2489,611,1048
1048,10.480,0.2380,0.6185,-0.0275,1.8987,-3.1252,9.8006,-0.0020,-0.0014,11.8098,0.000,0.000,1.000,0.000,2492,611,1049
1049,10.490,0.2516,0.5983,-0.0275,-4.1706,-5.5439,9.7992,-0.0011,-0.0017,10.3583,1.000,0.000,0.000,0.000,2494,612,1050
1050,10.500,0.2644,0.5793,-0.0275,-3.5163,19.7948,9.8018,-0.0004,-0.0001,10.1804,1.000,0.173,0.536,0.000,2497,613,1051
1051,10.510,0.2644,0.5793,-0.0275,0.7175,22.5419,9.7973,0.0003,0.0002,10.9838,0.000,0.000,1.000,0.000,2499,613,1052
1052,10.520,0.2697,0.5603,-0.0275,4.2662,21.2457,9.7976,0.0008,-0.0001,11.0155,1.000,0.000,0.000,0.000,2501,614,1053
1053,10.530,0.2697,0.5603,-0.0275,8.8063,19.3850,9.8016,-0.0019,0.0004,9.7511,0.000,0.000,1.000,0.000,2504,614,1054
1054,10.540,0.2665,0.5400,-0.0275,4.8216,2.6746,9.7992,-0.0004,-0.0005,8.9584,1.000,0.000,0.000,0.000,2506,615,1055
1055,10.550,0.2665,0.5400,-0.0275,8.0389,4.8364,9.7948,-0.0005,0.0002,8.0084,0.000,0.000,1.000,0.000,2508,615,1056
1056,10.560,0.2576,0.5178,-0.0275,-12.9476,-3.4055,9.7990,-0.0008,-0.0007,6.0767,1.000,0.000,0.000,0.000,2511,616,1057
1057,10.570,0.2471,0.4964,-0.0275,-8.0296,-2.1991,9.8029,-0.0014,0.0017,4.9622,1.000,0.186,0.531,0.262,2513,617,1058
1058,10.580,0.2471,0.4964,-0.0275,1.4608,0.3114,9.8007,0.0015,0.0010,4.2048,0.000,0.000,1.000,0.000,2516,617,1059
1059,10.590,0.2383,0.4770,-0.0275,-8.2824,-1.3082,9.7992,-0.0003,-0.0002,3.4466,1.000,0.000,0.000,0.000,2518,618,1060
1060,10.600,0.2383,0.4770,-0.0275,-4.2456,-0.5295,9.8001,-0.0016,0.0009,2.2587,0.000,0.231,1.000,0.000,2520,618,1061
1061,10.610,0.2304,0.4587,-0.0275,-10.8161,3.6537,9.7995,-0.0006,0.0009,0.7243,1.000,0.417,0.000,0.597,2523,619,1062
1062,10.620,0.2239,0.4422,-0.0275,-6.0327,7.3247,9.7999,0.0006,-0.0002,-0.4705,0.428,1.000,0.366,0.914,2525,620,1063
1063,10.630,0.2239,0.4422,-0.0275,1.4369,-13.0269,9.7941,0.0004,0.0006,-1.5687,0.000,1.000,0.892,0.629,2528,620,1064
1064,10.640,0.2207,0.4266,-0.0275,-1.5491,9.6056,9.7980,0.0018,-0.0037,-2.4268,0.765,1.000,0.000,0.754,2530,621,1065
1065,10.650,0.2183,0.4121,-0.0275,-1.9706,8.9159,9.7955,0.0027,-0.0023,-4.7337,0.000,1.000,0.000,0.794,2533,622,1066
1066,10.660,0.2183,0.4121,-0.0275,-3.9815,14.7684,9.8729,0.0006,-0.0059,-5.9315,0.000,1.000,0.730,0.819,2535,622,1067
1067,10.670,0.2123,0.4013,-0.0275,-6.7477,19.8871,9.7969,0.0014,0.0003,-7.5078,0.188,0.614,0.000,1.000,2537,623,1068
1068,10.680,0.2123,0.4013,-0.0275,-20.3888,-8.8982,9.8172,0.0001,-0.0004,-9.0588,0.000,1.000,0.298,0.395,2539,623,1069
1069,10.690,0.2026,0.3962,-0.0275,-10.9475,-6.5343,9.7962,0.0009,-0.0001,-5.8296,0.714,0.000,0.551,1.000,2542,624,1070
1070,10.700,0.2026,0.3962,-0.0275,-25.6270,-16.2657,9.8014,-0.0002,-0.0000,-4.1642,0.052,1.000,0.674,0.117,2544,624,1071
1071,10.710,0.1974,0.3961,-0.0275,-15.7543,-11.1488,9.8016,0.0008,-0.0001,-2.6429,0.545,0.396,0.925,0.925,2547,625,1072
1072,10.720,0.1998,0.4036,-0.0275,-26.4350,-19.5774,9.8030,0.0011,-0.0011,-2.0962,0.000,1.000,0.806,0.160,2549,626,1073
1073,10.730,0.1998,0.4036,-0.0275,-11.1009,-17.2104,9.7981,-0.0018,-0.0002,-1.2065,0.902,0.512,0.611,0.766,2551,626,1074
1074,10.740,0.2101,0.4173,-0.0275,-11.2208,-24.4475,9.8001,-0.0003,-0.0010,0.5745,0.000,0.282,1.000,0.000,2554,627,1075
1075,10.750,0.2101,0.4173,-0.0275,-15.8960,-21.8963,9.8014,-0.0009,0.0005,1.1674,1.000,0.000,0.377,0.673,2556,627,1076
1076,10.760,0.2290,0.4346,-0.0275,-4.0587,-24.9782,9.7990,0.0017,-0.0011,0.8438,0.000,1.000,0.496,0.000,2558,628,1077
1077,10.770,0.2556,0.4521,-0.0275,25.9358,1.9165,9.7982,0.0005,-0.0007,0.2677,0.000,1.000,0.414,0.000,2561,629,1078
1078,10.780,0.2556,0.4521,-0.0275,23.8459,12.7075,9.7999,-0.0013,-0.0002,-0.3198,0.332,0.000,0.000,1.000,2563,629,1079
1079,10.790,0.2797,0.4629,-0.0275,-6.9046,-2.4054,9.8015,-0.0001,0.0016,1.6922,0.019,0.793,1.000,0.000,2566,630,1080
1080,10.800,0.2797,0.4629,-0.0275,-15.4941,-10.4397,9.8037,-0.0006,-0.0020,2.6888,1.000,0.000,0.730,0.714,2568,630,1081
1081,10.810,0.3019,0.4737,-0.0275,2.1263,1.3995,9.7980,0.0005,-0.0004,5.1040,0.000,0.619,1.000,0.000,2571,631,1082
1082,10.820,0.3230,0.4858,-0.0275,33.5350,17.9059,9.8004,-0.0000,0.0011,6.7658,0.000,0.000,1.000,0.000,2573,632,1083
1083,10.830,0.3230,0.4858,-0.0275,26.4765,14.1717,9.7993,-0.0007,0.0005,7.4217,1.000,0.000,0.679,0.508,2576,632,1084
1084,10.840,0.3352,0.4918,-0.0275,-20.6280,-6.4976,9.7976,0.0017,0.0022,7.8043,0.000,0.000,1.000,0.000,2578,633,1085
1085,10.850,0.3352,0.4918,-0.0275,-13.6591,8.3494,9.7983,-0.0003,0.0014,5.1298,0.520,0.039,0.471,1.000,2580,633,1086
1086,10.860,0.3416,0.4969,-0.0275,-22.7795,-4.5612,9.7993,-0.0009,0.0013,3.6788,0.000,0.537,1.000,0.147,2582,634,1087
1087,10.870,0.3416,0.4969,-0.0275,-26.5876,-4.3920,9.8009,-0.0017,-0.0012,3.0282,0.915,0.208,0.841,0.828,2584,634,1088
1088,10.880,0.3526,0.5084,-0.0275,-8.6810,-16.0801,9.8019,-0.0000,-0.0003,1.6223,0.000,0.789,1.000,0.097,2587,635,1089
1089,10.890,0.3715,0.5253,-0.0275,-13.4475,-20.7209,9.7983,-0.0016,-0.0004,0.8454,0.000,0.871,1.000,0.150,2589,636,1090
1090,10.900,0.3715,0.5253,-0.0275,4.1765,-6.0069,9.8021,0.0015,-0.0001,-1.7772,0.078,0.017,0.000,1.000,2591,636,1091
1091,10.910,0.3966,0.5417,-0.0275,19.9691,3.2983,9.8015,0.0002,0.0008,-1.3468,0.000,0.876,1.000,0.000,2594,637,1092
1092,10.920,0.3966,0.5417,-0.0275,30.3081,5.0010,9.8014,-0.0002,0.0006,0.7974,1.000,0.000,0.043,0.037,2596,637,1093
1093,10.930,0.4224,0.5556,-0.0275,28.6432,7.8016,9.8028,-0.0002,0.0018,2.3828,0.000,0.000,1.000,0.000,2599,638,1094
1094,10.940,0.4403,0.5643,-0.0275,26.5628,9.7910,9.8030,0.0013,0.0007,2.6612,0.302,0.302,1.000,0.000,2601,639,1095
1095,10.950,0.4403,0.5643,-0.0275,21.6459,10.6764,9.8053,-0.0000,0.0003,3.0981,1.000,0.000,0.668,0.427,2603,639,1096
1096,10.960,0.4499,0.5678,-0.0275,26.6396,11.1646,9.7990,-0.0008,0.0005,3.0239,0.000,0.267,1.000,0.000,2605,640,1097
1097,10.970,0.4499,0.5678,-0.0275,13.3362,-0.0953,9.7993,-0.0010,0.0005,4.0712,0.840,0.000,1.000,0.127,2608,640,1098
1098,10.980,0.4529,0.5675,-0.0275,18.0990,0.1048,9.8010,-0.0005,0.0004,4.5645,0.211,0.000,1.000,0.000,2610,641,1099
1099,10.990,0.4529,0.5675,-0.0275,-12.7561,-11.0631,9.8007,-0.0004,0.0012,3.0598,0.484,0.599,0.934,0.775,2612,641,1100
1100,11.000,0.4512,0.5638,-0.0275,-23.0754,-6.9558,9.8034,-0.0002,-0.0002,0.1656,0.000,1.000,0.006,0.976,2615,642,1101
1101,11.010,0.4528,0.5634,-0.0275,-38.6785,9.3212,9.7977,0.0004,0.0007,-0.9528,0.000,1.000,0.726,0.885,2617,643,1102
1102,11.020,0.4528,0.5634,-0.0275,-25.0942,11.5252,9.8017,-0.0012,-0.0006,-2.0902,0.000,0.791,0.278,1.000,2620,643,1103
1103,11.030,0.4613,0.5696,-0.0275,-25.6204,-0.7643,9.8004,0.0001,-0.0012,-2.9775,0.000,1.000,0.478,0.503,2622,644,1104
1104,11.040,0.4613,0.5696,-0.0275,-2.4167,25.1908,9.8019,0.0004,-0.0007,-3.3994,0.000,0.578,0.000,1.000,2624,644,1105
1105,11.050,0.4752,0.5824,-0.0275,-7.0295,19.4422,9.7958,-0.0013,-0.0001,-4.9304,0.000,1.000,0.733,0.100,2627,645,1106
1106,11.060,0.4919,0.6021,-0.0275,-21.0821,-7.0001,-1.8941,0.0050,0.1481,-5.5448,0.000,1.000,0.520,0.391,2629,646,1107
1107,11.070,0.4919,0.6021,-0.0275,23.8763,6.4345,9.8017,0.0002,0.0003,-3.6950,1.000,0.074,0.061,0.785,2632,646,1108
1108,11.080,0.5085,0.6209,-0.0275,19.0164,8.7542,9.7966,0.0004,0.0001,-3.0701,0.000,0.889,1.000,0.000,2634,647,1109
1109,11.090,0.5085,0.6209,-0.0275,-6.0567,26.9236,9.8012,0.0017,-0.0008,-3.3694,0.249,0.231,0.000,1.000,2636,647,1110
1110,11.100,0.5185,0.6349,-0.0275,17.0359,10.1847,9.7965,-0.0009,0.0009,-3.1145,0.000,1.000,0.974,0.000,2639,648,1111
1111,11.110,0.5210,0.6475,-0.0275,-0.9747,29.9303,9.7997,-0.0003,-0.0002,-3.2017,0.000,0.704,0.692,1.000,2641,649,1112
1112,11.120,0.5210,0.6475,-0.0275,17.2050,24.1665,9.7967,0.0005,0.0011,-2.6540,0.587,0.946,0.506,0.753,2643,649,1113
1113,11.130,0.5146,0.6591,-0.0275,23.5541,22.9058,9.7627,-0.0007,-0.0008,-1.5880,0.000,0.000,1.000,0.191,2646,650,1114
1114,11.140,0.5146,0.6591,-0.0275,21.7937,-20.0170,9.8007,-0.0012,-0.0004,-1.5501,0.275,1.000,0.169,0.087,2648,650,1115
1115,11.150,0.4993,0.6680,-0.0275,11.9336,4.7588,9.8009,0.0001,0.0004,0.1403,0.000,0.000,1.000,0.183,2650,651,1116
1116,11.160,0.4993,0.6680,-0.0275,9.1245,-9.7696,9.7980,0.0002,-0.0015,1.5529,0.848,0.890,1.000,0.000,2652,651,1117
1117,11.170,0.4813,0.6728,-0.0275,-26.1329,-9.8491,9.7951,0.0012,0.0009,2.2531,0.000,0.000,1.000,0.722,2655,652,1118
1118,11.180,0.4639,0.6752,-0.0275,-26.7162,-9.6499,9.8019,-0.0007,0.0006,0.6796,0.000,0.482,0.501,1.000,2657,653,1119
1119,11.190,0.4639,0.6752,-0.0275,-26.8055,-9.6821,9.7944,-0.0018,0.0001,-0.4871,0.000,1.000,0.000,0.000,2659,653,1120
1120,11.200,0.4532,0.6841,-0.0275,5.3456,-7.6570,9.7971,0.0007,0.0007,1.2714,0.000,0.000,1.000,0.000,2662,654,1121
1121,11.210,0.4532,0.6841,-0.0275,18.9370,-7.0350,9.8002,-0.0010,-0.0011,1.9129,0.866,0.907,1.000,0.000,2664,654,1122
1122,11.220,0.4438,0.6910,-0.0275,32.4875,9.5743,9.7997,0.0007,0.0000,2.1895,0.000,0.000,1.000,0.226,2667,655,1123
1123,11.230,0.4302,0.6902,-0.0275,24.3745,6.5139,9.7985,-0.0007,-0.0012,2.5327,0.973,0.103,1.000,0.545,2669,656,1124
1124,11.240,0.4302,0.6902,-0.0275,11.9882,-2.2996,9.7984,0.0009,0.0012,0.1069,0.000,1.000,0.000,0.000,2672,656,1125
1125,11.250,0.4109,0.6831,-0.0275,30.1813,7.3772,9.7979,-0.0009,-0.0006,0.7828,0.869,0.000,0.427,1.000,2674,657,1126
1126,11.260,0.4109,0.6831,-0.0275,-4.0975,-1.1131,9.7982,-0.0004,0.0007,0.1862,0.000,1.000,0.726,0.000,2676,657,1127
1127,11.270,0.3854,0.6701,-0.0275,20.9451,4.8796,9.8016,-0.0004,0.0006,0.6742,0.921,0.000,0.000,1.000,2678,658,1128
1128,11.280,0.3574,0.6547,-0.0275,-8.4809,-2.0692,9.7979,-0.0015,-0.0008,0.1839,0.575,0.133,0.232,1.000,2681,659,1129
1129,11.290,0.3574,0.6547,-0.0275,-11.0683,-2.6257,9.8034,0.0004,0.0008,0.4266,0.000,0.704,1.000,0.000,2683,659,1130
1130,11.300,0.3301,0.6407,-0.0275,7.5075,-14.2108,9.7984,-0.0009,0.0000,0.6776,0.889,0.000,0.000,1.000,2686,660,1131
1131,11.310,0.3301,0.6407,-0.0275,-6.4731,-1.4935,9.7980,0.0019,0.0001,-0.1293,0.000,1.000,0.715,0.000,2688,660,1132
1132,11.320,0.3047,0.6281,-0.0275,-23.9634,-5.2167,9.8000,0.0002,-0.0011,0.2365,0.733,0.000,0.000,1.000,2690,661,1133
1133,11.330,0.2814,0.6171,-0.0275,-25.2166,-5.1567,9.7991,-0.0002,-0.0009,1.1991,0.899,0.000,1.000,0.640,2693,662,1134
1134,11.340,0.2814,0.6171,-0.0275,-17.3810,-3.3482,9.8015,-0.0002,0.0007,1.4980,0.000,0.470,1.000,0.000,2695,662,1135
1135,11.350,0.2629,0.6111,-0.0275,-21.9859,-3.9095,9.8020,0.0019,-0.0004,0.9537,0.357,0.000,0.000,1.000,2697,663,1136
1136,11.360,0.2629,0.6111,-0.0275,-22.5052,-3.9029,9.7974,0.0005,0.0018,-0.0534,0.000,1.000,0.644,0.000,2699,663,1137
1137,11.370,0.2505,0.6110,-0.0275,-30.0899,-5.2703,9.7987,-0.0004,0.0011,-0.3167,0.007,0.000,0.150,1.000,2702,664,1138
1138,11.380,0.2505,0.6110,-0.0275,-30.4347,-5.4296,9.8017,0.0004,-0.0018,-0.3309,0.173,1.000,0.894,0.274,2704,664,1139
1139,11.390,0.2458,0.6185,-0.0275,-27.9867,-5.0776,9.8031,-0.0022,0.0001,-0.0383,0.000,0.000,1.000,0.827,2707,665,1140
1140,11.400,0.2498,0.6346,-0.0275,-38.2114,-6.9630,9.8011,-0.0011,0.0002,-0.4450,0.000,0.591,1.000,0.354,2709,666,1141
1141,11.410,0.2498,0.6346,-0.0275,-38.8377,-7.4590,9.8020,-0.0004,0.0005,-1.4405,0.548,0.684,0.000,1.000,2711,666,1142
1142,11.420,0.2639,0.6598,-0.0275,-21.6273,-18.0358,9.8009,-0.0001,0.0007,-1.8380,0.000,0.931,1.000,0.047,2714,667,1143
1143,11.430,0.2639,0.6598,-0.0275,11.5349,-34.1526,9.8028,0.0007,0.0011,-1.0824,1.000,0.000,0.000,0.768,2716,667,1144
1144,11.440,0.2886,0.6867,-0.0275,-17.4638,-19.6369,9.7981,0.0001,-0.0002,-0.7442,0.000,0.860,1.000,0.000,2718,668,1145
1145,11.450,0.3203,0.7099,-0.0275,4.4278,1.2110,9.7974,0.0014,0.0003,-2.1858,0.000,1.000,0.230,0.411,2721,669,1146
1146,11.460,0.3203,0.7099,-0.0275,31.9967,7.7979,9.8046,-0.0005,0.0005,-2.5201,0.272,0.000,0.000,1.000,2723,669,1147
1147,11.470,0.3487,0.7280,-0.0275,-10.7049,9.4662,9.7981,-0.0005,-0.0020,0.7630,0.000,0.000,1.000,0.000,2726,670,1148
1148,11.480,0.3487,0.7280,-0.0275,21.9963,13.3794,9.7993,-0.0010,-0.0016,1.9285,1.000,0.000,0.286,0.350,2728,670,1149
1149,11.490,0.3757,0.7457,-0.0275,6.4219,1.7711,9.7973,-0.0002,0.0004,0.2533,0.000,1.000,0.536,0.000,2730,671,1150
1150,11.500,0.4001,0.7612,-0.0275,29.5072,8.4638,9.8046,-0.0004,-0.0008,-2.0459,0.000,1.000,0.159,0.231,2733,672,1151
1151,11.510,0.4001,0.7612,-0.0275,24.0946,17.7946,9.8000,0.0005,0.0001,-1.8933,0.523,0.000,0.000,1.000,2735,672,1152
1152,11.520,0.4183,0.7717,-0.0275,-2.4125,-16.7263,9.8005,0.0003,0.0009,0.8453,0.000,0.026,1.000,0.000,2738,673,1153
1153,11.530,0.4183,0.7717,-0.0275,13.8246,9.3634,9.8007,0.0004,0.0013,1.4477,1.000,0.000,0.780,0.810,2740,673,1154
1154,11.540,0.4353,0.7810,-0.0275,15.7436,19.3566,9.8030,0.0002,-0.0019,1.6991,0.000,0.571,1.000,0.000,2742,674,1155
1155,11.550,0.4353,0.7810,-0.0275,6.3538,-2.9424,-2.0563,0.1979,-0.0008,1.5512,1.000,0.177,0.630,0.837,2744,674,1156
1156,11.560,0.4525,0.7904,-0.0275,20.3833,4.6303,9.7993,-0.0016,-0.0000,3.3714,0.000,0.000,1.000,0.000,2747,675,1157
1157,11.570,0.4645,0.7947,-0.0275,28.6733,5.3277,9.7977,-0.0025,-0.0013,4.1826,0.345,0.000,1.000,0.000,2749,676,1158
1158,11.580,0.4645,0.7947,-0.0275,18.6028,10.5034,9.7927,0.0001,0.0009,3.2150,0.684,0.298,0.997,0.813,2752,676,1159
1159,11.590,0.4685,0.7923,-0.0275,37.4751,3.4749,9.7984,-0.0006,-0.0005,2.9755,0.290,0.552,1.000,0.000,2754,677,1160
1160,11.600,0.4685,0.7923,-0.0275,39.9864,2.3718,9.7982,-0.0005,-0.0001,3.6255,0.076,0.000,1.000,0.000,2756,677,1161
1161,11.610,0.4631,0.7821,-0.0275,-23.6081,0.1626,-0.9335,-0.1602,0.1604,3.0235,1.000,0.430,0.717,0.503,2759,678,1162
1162,11.620,0.4512,0.7649,-0.0275,-19.0905,-7.8843,9.7923,0.0008,-0.0009,0.9490,0.718,0.651,0.000,1.000,2761,679,1163
1163,11.630,0.4512,0.7649,-0.0275,-0.1506,6.4517,9.7949,-0.0011,-0.0012,-0.4340,0.000,0.691,1.000,0.254,2764,679,1164
1164,11.640,0.4410,0.7495,-0.0275,-0.1452,10.3063,9.7983,0.0027,-0.0008,-0.9544,1.000,0.588,0.000,0.887,2766,680,1165
1165,11.650,0.4285,0.7366,-0.0275,-0.5290,15.2042,9.7981,0.0022,0.0000,-2.3498,0.000,0.563,0.000,1.000,2769,681,1166
1166,11.660,0.4285,0.7366,-0.0275,-0.0064,-5.5607,9.8011,0.0017,-0.0010,-3.0011,0.000,1.000,0.728,0.254,2771,681,1167
1167,11.670,0.4154,0.7243,-0.0275,-0.7682,6.9356,9.7994,0.0013,-0.0022,-3.4264,0.233,0.143,0.000,1.000,2773,682,1168
1168,11.680,0.4154,0.7243,-0.0275,-0.6925,4.1032,9.8015,0.0018,-0.0015,-4.0917,0.000,1.000,0.559,0.114,2775,682,1169
1169,11.690,0.4016,0.7129,-0.0275,-1.2518,6.5218,9.7994,0.0004,0.0014,-4.6542,0.000,0.000,0.000,1.000,2777,683,1170
1170,11.700,0.4016,0.7129,-0.0275,-1.0962,3.6912,9.6820,0.0009,-0.0012,-5.9981,0.000,1.000,0.378,0.000,2780,683,1171
1171,11.710,0.3860,0.7034,-0.0275,-19.0491,-5.9936,9.8024,0.0000,-0.0015,-5.6486,0.000,0.000,0.000,1.000,2782,684,1172
1172,11.720,0.3860,0.7034,-0.0275,-18.6684,-6.9063,9.7971,-0.0001,-0.0010,-4.4723,0.000,1.000,0.626,0.000,2784,684,1173
1173,11.730,0.3732,0.6979,-0.0275,-13.9032,-6.0037,9.8001,-0.0010,0.0003,-2.7202,0.507,0.000,0.489,1.000,2787,685,1174
1174,11.740,0.3659,0.6979,-0.0275,-24.4621,-11.1263,9.8022,-0.0003,-0.0018,-1.8002,0.000,0.600,1.000,0.409,2789,686,1175
1175,11.750,0.3659,0.6979,-0.0275,-27.7808,-13.1052,9.8023,-0.0012,-0.0004,-1.2160,0.362,1.000,0.957,0.428,2791,686,1176
1176,11.760,0.3659,0.7050,-0.0275,-25.9262,-12.6362,9.7994,0.0011,0.0000,-1.2867,0.000,0.673,1.000,0.676,2793,687,1177
1177,11.770,0.3659,0.7050,-0.0275,-25.3346,-13.0231,9.8004,0.0005,0.0002,-1.5716,0.461,0.895,0.492,0.944,2796,687,1178
1178,11.780,0.3741,0.7203,-0.0275,-6.6705,-19.9766,9.7990,0.0002,-0.0009,-1.0578,0.000,0.648,1.000,0.000,2798,688,1179
1179,11.790,0.3905,0.7410,-0.0275,2.9771,-20.0304,9.8025,-0.0002,-0.0001,0.2101,0.012,0.677,1.000,0.000,2801,689,1180
1180,11.800,0.3905,0.7410,-0.0275,5.2237,1.8701,9.7996,0.0002,0.0014,-1.3721,0.000,0.000,0.000,1.000,2803,689,1181
1181,11.810,0.4132,0.7617,-0.0275,-6.8019,-16.0972,9.7953,-0.0007,-0.0001,-1.8598,0.000,1.000,0.017,0.000,2806,690,1182
1182,11.820,0.4132,0.7617,-0.0275,20.6038,-6.0876,9.7984,0.0004,0.0012,0.9675,1.000,0.000,0.512,0.383,2808,690,1183
1183,11.830,0.4393,0.7802,-0.0275,13.2011,13.6929,9.8038,0.0006,-0.0009,1.1869,0.000,1.000,0.989,0.000,2810,691,1184
1184,11.840,0.4618,0.7945,-0.0275,10.8713,6.2802,9.7992,-0.0004,-0.0004,-1.5601,0.000,1.000,0.000,0.000,2813,692,1185
1185,11.850,0.4618,0.7945,-0.0275,14.7708,7.4024,9.7988,-0.0002,0.0004,-2.4993,0.000,0.000,0.000,1.000,2815,692,1186
1186,11.860,0.4794,0.8039,-0.0275,13.5168,8.5609,9.8010,-0.0018,0.0016,-1.4335,0.000,1.000,0.482,0.000,2817,693,1187
1187,11.870,0.4794,0.8039,-0.0275,-7.0905,-4.3772,9.8020,-0.0007,-0.0017,1.0461,0.949,0.000,1.000,0.501,2820,693,1188
1188,11.880,0.4939,0.8105,-0.0275,-12.4232,-7.4574,9.7996,-0.0002,0.0007,1.8051,0.000,0.801,1.000,0.000,2822,694,1189
1189,11.890,0.5072,0.8158,-0.0275,22.9767,8.9783,9.7968,-0.0001,-0.0005,2.5035,0.267,0.274,1.000,0.000,2825,695,1190
1190,11.900,0.5072,0.8158,-0.0275,23.1055,12.2511,9.7996,-0.0009,-0.0004,2.2351,0.631,0.175,1.000,0.750,2827,695,1191
1191,11.910,0.5155,0.8177,-0.0275,27.5370,13.9706,9.7978,0.0003,-0.0001,1.6663,0.000,1.000,0.808,0.000,2829,696,1192
1192,11.920,0.5155,0.8177,-0.0275,33.0630,15.9888,9.8025,-0.0001,0.0016,1.3326,0.393,0.500,1.000,0.633,2831,696,1193
1193,11.930,0.5199,0.8164,-0.0275,13.9440,27.7481,9.7996,0.0018,-0.0005,1.1428,0.322,1.000,0.978,0.068,2833,697,1194
1194,11.940,0.5199,0.8164,-0.0275,-22.9723,-8.8645,9.8026,-0.0014,0.0009,1.5414,0.215,0.126,1.000,0.194,2836,697,1195
1195,11.950,0.5197,0.8121,-0.0275,18.6627,18.4511,9.7976,-0.0011,-0.0007,1.5036,0.663,0.769,1.000,0.345,2838,698,1196
1196,11.960,0.5197,0.8121,-0.0275,31.6135,11.1208,9.7991,0.0011,-0.0002,0.6460,0.000,0.934,1.000,0.419,2840,698,1197
1197,11.970,0.5191,0.8078,-0.0275,13.2304,36.2591,9.8027,0.0003,0.0005,0.2811,0.433,0.961,0.862,0.536,2842,699,1198
1198,11.980,0.5191,0.8078,-0.0275,38.9761,18.3724,9.7957,0.0005,-0.0000,0.3657,0.000,0.609,1.000,0.024,2844,699,1199
1199,11.990,0.5179,0.8040,-0.0275,-25.3070,-5.3773,9.7986,0.0006,-0.0002,0.4001,0.553,0.773,0.925,0.541,2847,700,1200
1200,12.000,0.5145,0.7998,-0.0275,-10.5408,-4.2659,16.1201,-0.0008,-0.0017,0.6786,0.415,0.494,1.000,0.448,2849,701,1201
1201,12.010,0.5145,0.7998,-0.0275,-5.9070,-2.1588,9.7951,-0.0028,-0.0019,2.1307,0.000,0.000,1.000,0.000,2852,701,1202
1202,12.020,0.5119,0.7967,-0.0275,-2.6362,-0.8937,9.7986,-0.0006,-0.0018,2.6994,0.561,0.028,1.000,0.001,2854,702,1203
1203,12.030,0.5119,0.7967,-0.0275,-0.9140,-0.2889,9.7943,-0.0019,-0.0009,2.7911,0.000,0.109,1.000,0.000,2856,702,1204
1204,12.040,0.5104,0.7946,-0.0275,-3.1850,1.8723,9.7992,-0.0022,-0.0002,2.4225,0.394,0.408,1.000,0.319,2858,703,1205
1205,12.050,0.5091,0.7932,-0.0275,-0.6059,-0.1594,9.8001,-0.0024,-0.0001,1.9573,0.170,0.492,1.000,0.285,2861,704,1206
1206,12.060,0.5091,0.7932,-0.0275,-0.5252,-0.1250,9.8017,-0.0020,-0.0003,1.9587,0.040,0.295,1.000,0.000,2863,704,1207
1207,12.070,0.5079,0.7921,-0.0275,-0.7517,-0.1614,9.7968,-0.0003,-0.0026,2.0308,0.302,0.268,1.000,0.163,2865,705,1208
1208,12.080,0.5079,0.7921,-0.0275,-13.4885,-18.5169,9.8005,-0.0014,-0.0012,1.2963,0.181,0.749,1.000,0.520,2868,705,1209
1209,12.090,0.5065,0.7907,-0.0275,-9.1107,-19.7054,9.7984,-0.0022,-0.0002,-0.6977,0.000,1.000,0.263,0.919,2870,706,1210
1210,12.100,0.5065,0.7907,-0.0275,4.5176,-21.3638,9.7031,0.0001,-0.0000,-1.6444,0.000,1.000,0.460,0.618,2872,706,1211
1211,12.110,0.5116,0.7893,-0.0275,-27.2955,-5.4119,9.7915,-0.0001,-0.0018,-1.0372,0.356,1.000,0.951,0.276,2874,707,1212
1212,12.120,0.5248,0.7929,-0.0275,-30.0558,-6.1336,9.8024,0.0004,0.0005,-0.0038,0.000,0.506,1.000,0.000,2877,708,1213
1213,12.130,0.5248,0.7929,-0.0275,-29.9027,-6.1020,9.7986,0.0000,-0.0008,-0.0993,0.451,0.169,0.653,1.000,2879,708,1214
1214,12.140,0.5464,0.8047,-0.0275,-34.1882,-7.1484,9.8425,-0.0017,0.0011,-0.7955,0.000,1.000,0.616,0.000,2881,709,1215
1215,12.150,0.5464,0.8047,-0.0275,7.1967,-17.7465,9.7636,-0.0008,0.0013,-1.4543,0.305,0.094,0.000,1.000,2884,709,1216
1216,12.160,0.5764,0.8216,-0.0275,-29.2361,-7.0714,9.8457,-0.0012,0.0000,-1.1394,0.000,0.918,1.000,0.000,2886,710,1217
1217,12.170,0.5764,0.8216,-0.0275,8.5364,-17.9548,9.7668,0.0009,-0.0019,-0.6744,1.000,0.057,0.263,0.924,2888,710,1218
1218,12.180,0.6136,0.8414,-0.0275,-25.5324,5.6803,9.7989,0.0006,-0.0012,-1.8160,0.000,1.000,0.319,0.000,2890,711,1219
1219,12.190,0.6539,0.8625,-0.0275,34.1759,10.7414,9.7979,-0.0007,-0.0001,-3.3410,0.000,1.000,0.102,0.099,2893,712,1220
1220,12.200,0.6539,0.8625,-0.0275,31.7676,10.7983,9.8049,0.0010,-0.0001,-2.7093,0.692,0.298,0.180,1.000,2895,712,1221
1221,12.210,0.6865,0.8771,-0.0275,-5.3454,7.4809,9.8009,0.0003,0.0010,-1.2580,0.000,0.697,1.000,0.000,2897,713,1222
1222,12.220,0.6865,0.8771,-0.0275,-12.0358,-16.9012,6.1202,0.0898,0.0906,1.3273,1.000,0.000,0.501,0.143,2900,713,1223
1223,12.230,0.7150,0.8904,-0.0275,26.6459,14.0607,9.7984,-0.0021,-0.0002,2.0985,0.000,0.249,1.000,0.000,2902,714,1224
1224,12.240,0.7357,0.8977,-0.0275,12.8445,5.5119,9.7982,0.0002,-0.0012,1.9893,0.346,0.800,1.000,0.000,2905,715,1225
1225,12.250,0.7357,0.8977,-0.0275,18.8106,6.6063,9.7993,-0.0010,0.0004,1.1954,0.554,0.319,0.695,1.000,2907,715,1226
1226,12.260,0.7501,0.9002,-0.0275,8.5080,2.2904,9.7985,-0.0000,-0.0009,2.6642,0.000,0.295,1.000,0.000,2910,716,1227
1227,12.270,0.7501,0.9002,-0.0275,8.6152,5.8307,9.7981,0.0001,0.0002,5.1601,0.449,0.000,1.000,0.042,2912,716,1228
1228,12.280,0.7597,0.8987,-0.0275,20.6993,15.3895,9.8035,0.0010,-0.0022,6.1285,0.000,0.148,1.000,0.000,2914,717,1229
1229,12.290,0.7597,0.8987,-0.0275,3.4988,11.1742,9.7984,-0.0002,0.0010,6.2117,0.056,0.000,1.000,0.000,2916,717,1230
1230,12.300,0.7620,0.8952,-0.0275,1.7143,9.6916,9.7988,0.0000,-0.0005,3.6644,0.048,1.000,0.791,0.437,2918,718,1231
1231,12.310,0.7592,0.8922,-0.0275,22.1698,0.2303,9.7993,-0.0005,-0.0007,1.2704,0.000,0.923,0.643,1.000,2921,719,1232
1232,12.320,0.7592,0.8922,-0.0275,13.7118,-10.2870,9.8027,0.0004,-0.0014,2.3166,0.000,0.000,1.000,0.000,2923,719,1233
1233,12.330,0.7533,0.8858,-0.0275,-8.0641,5.8068,9.8036,-0.0001,0.0016,1.5488,0.683,0.615,0.737,0.758,2926,720,1234
1234,12.340,0.7533,0.8858,-0.0275,29.8185,7.1318,9.7983,0.0011,-0.0007,0.8399,0.000,0.587,1.000,0.038,2928,720,1235
1235,12.350,0.7447,0.8792,-0.0275,12.0966,23.5573,9.8001,0.0005,0.0014,0.2710,0.602,0.620,0.653,0.916,2930,721,1236
1236,12.360,0.7447,0.8792,-0.0275,29.5694,6.8556,9.7997,-0.0008,0.0011,0.1656,0.000,0.508,1.000,0.000,2932,721,1237
1237,12.370,0.7279,0.8695,-0.0275,-8.3747,5.3764,9.7967,-0.0015,-0.0011,0.4377,1.000,0.000,0.257,0.924,2935,722,1238
1238,12.380,0.7071,0.8598,-0.0275,7.4541,-5.8067,9.7990,0.0013,0.0001,-1.0219,0.000,0.497,0.093,1.000,2937,723,1239
1239,12.390,0.7071,0.8598,-0.0275,-13.6878,2.8085,9.8004,0.0012,0.0008,-0.9288,0.000,0.723,1.000,0.000,2940,723,1240
1240,12.400,0.6863,0.8490,-0.0275,-6.4693,-0.6460,9.7983,0.0007,0.0009,0.4387,1.000,0.000,0.000,0.501,2942,724,1241
1241,12.410,0.6863,0.8490,-0.0275,1.5907,-2.8848,9.7988,0.0005,-0.0012,-0.3481,0.000,0.960,1.000,0.000,2944,724,1242
1242,12.420,0.6665,0.8396,-0.0275,31.4364,-0.6890,9.8003,0.0001,0.0009,-0.9838,0.399,0.000,0.000,1.000,2947,725,1243
1243,12.430,0.6435,0.8277,-0.0275,-20.8586,-5.1207,9.7981,-0.0001,0.0001,-0.6213,0.779,0.371,0.649,0.993,2949,726,1244
1244,12.440,0.6435,0.8277,-0.0275,-2.5802,-5.0395,9.8018,-0.0007,-0.0001,-1.1714,0.000,1.000,0.916,0.000,2952,726,1245
1245,12.450,0.6203,0.8164,-0.0275,-1.6801,-4.5819,9.7984,0.0002,0.0001,0.0131,1.000,0.000,0.000,0.658,2954,727,1246
1246,12.460,0.6203,0.8164,-0.0275,8.1170,9.7082,9.8001,-0.0005,-0.0001,-0.6025,0.000,0.984,1.000,0.000,2956,727,1247
1247,12.470,0.5952,0.8031,-0.0275,29.4823,0.3738,9.8023,0.0005,-0.0003,-0.8466,0.663,0.000,0.000,1.000,2958,728,1248
1248,12.480,0.5952,0.8031,-0.0275,9.1939,13.1861,9.8029,0.0014,0.0004,-0.7042,0.000,0.663,1.000,0.000,2960,728,1249
1249,12.490,0.5670,0.7882,-0.0275,-8.8951,5.6846,9.8017,-0.0004,0.0006,0.0683,1.000,0.000,0.000,0.851,2963,729,1250
1250,12.500,0.5407,0.7754,-0.0275,-0.3670,-0.1896,9.8008,0.0012,-0.0011,-1.3313,0.000,0.547,0.129,1.000,2965,730,1251
1251,12.510,0.5407,0.7754,-0.0275,-19.3366,-6.5079,9.8023,0.0023,0.0011,-1.2639,0.000,0.911,1.000,0.000,2967,730,1252
1252,12.520,0.5161,0.7630,-0.0275,0.6072,-4.4836,9.7977,0.0011,0.0010,0.6530,1.000,0.000,0.000,0.300,2970,731,1253
1253,12.530,0.5161,0.7630,-0.0275,-25.9283,-3.8682,9.8011,-0.0009,-0.0002,0.4872,0.000,0.612,1.000,0.000,2972,731,1254
1254,12.540,0.4948,0.7519,-0.0275,23.0490,7.8909,9.7963,0.0005,0.0002,-0.2792,0.430,0.000,0.000,1.000,2974,732,1255
1255,12.550,0.4707,0.7395,-0.0275,-4.3481,1.9143,9.7997,-0.0003,-0.0009,-1.1579,0.080,0.263,0.030,1.000,2977,733,1256
1256,12.560,0.4707,0.7395,-0.0275,-27.4942,-9.6906,9.7994,0.0011,0.0025,-0.8515,0.000,0.718,1.000,0.000,2979,733,1257
1257,12.570,0.4497,0.7291,-0.0275,-9.0715,-3.6383,9.7991,0.0008,-0.0001,-0.1315,0.948,0.000,0.000,1.000,2981,734,1258
1258,12.580,0.4497,0.7291,-0.0275,1.7429,6.6728,9.8011,0.0011,0.0021,0.4143,0.000,0.363,1.000,0.000,2983,734,1259
1259,12.590,0.4322,0.7207,-0.0275,-3.8063,5.4718,9.7990,-0.0003,-0.0003,0.0340,0.458,0.000,0.000,1.000,2985,735,1260
1260,12.600,0.4322,0.7207,-0.0275,-1.4919,-8.2683,9.7983,-0.0003,-0.0006,-1.0241,0.000,1.000,0.614,0.000,2988,735,1261
1261,12.610,0.4152,0.7114,-0.0275,11.4938,3.2858,9.8006,0.0007,0.0004,-0.6275,0.778,0.000,0.037,1.000,2990,736,1262
1262,12.620,0.3979,0.7005,-0.0275,1.2850,-17.3888,9.7967,0.0001,-0.0023,0.2414,0.906,0.348,0.885,0.653,2993,737,1263
1263,12.630,0.3979,0.7005,-0.0275,2.2574,-29.2254,9.8346,-0.0006,-0.0010,-0.1395,0.000,0.896,1.000,0.000,2995,737,1264
1264,12.640,0.3848,0.6845,-0.0275,0.8063,-10.7103,9.7977,-0.0007,-0.0024,-1.8933,0.461,0.327,0.000,1.000,2998,738,1265
1265,12.650,0.3848,0.6845,-0.0275,1.1168,-10.8444,9.7989,-0.0012,-0.0014,-3.0953,0.000,1.000,0.577,0.096,3000,738,1266
1266,12.660,0.3771,0.6631,-0.0275,-1.6533,7.6995,9.7958,-0.0003,-0.0008,-3.9780,0.923,0.949,0.000,1.000,3003,739,1267
1267,12.670,0.3713,0.6401,-0.0275,-0.0175,-1.3192,9.7971,0.0003,-0.0006,-4.5534,0.034,1.000,0.000,0.657,3005,740,1268
1268,12.680,0.3713,0.6401,-0.0275,-11.6565,37.7110,9.8022,-0.0008,-0.0001,-4.6747,0.000,0.919,1.000,0.521,3008,740,1269
1269,12.690,0.3659,0.6193,-0.0275,-14.4238,38.7128,9.8007,-0.0006,-0.0007,-6.5826,0.789,0.857,0.000,1.000,3010,741,1270
1270,12.700,0.3659,0.6193,-0.0275,-20.8846,38.3586,9.8010,0.0003,0.0003,-7.7143,0.000,1.000,0.874,0.379,3012,741,1271
1271,12.710,0.3529,0.6083,-0.0275,-15.5097,-1.7559,9.8018,0.0003,-0.0004,-4.5131,0.998,0.000,0.457,1.000,3015,742,1272
1272,12.720,0.3360,0.6056,-0.0275,1.9787,23.3299,9.8022,-0.0007,-0.0002,-4.2320,0.000,0.391,0.686,1.000,3017,743,1273
1273,12.730,0.3360,0.6056,-0.0275,7.7739,-17.4472,9.7953,-0.0005,0.0003,-1.5968,0.360,0.842,1.000,0.000,3020,743,1274
1274,12.740,0.3165,0.6066,-0.0275,3.3591,26.8415,9.8099,0.0005,0.0005,-0.7344,0.000,0.000,0.893,1.000,3022,744,1275
1275,12.750,0.3165,0.6066,-0.0275,-31.7904,-22.6832,9.8005,-0.0004,-0.0004,0.1541,0.285,1.000,0.672,0.000,3024,744,1276
1276,12.760,0.2967,0.6076,-0.0275,-26.8885,-19.2630,9.7974,-0.0021,-0.0021,-0.2396,0.000,0.000,0.275,1.000,3026,745,1277
1277,12.770,0.2967,0.6076,-0.0275,-22.3337,-16.0912,9.7977,-0.0013,0.0001,-0.1130,0.000,1.000,0.322,0.000,3028,745,1278
1278,12.780,0.2845,0.6157,-0.0275,-13.3970,-9.5671,9.7938,-0.0006,-0.0014,1.0783,0.000,0.000,1.000,0.103,3031,746,1279
1279,12.790,0.2794,0.6308,-0.0275,-18.8687,-12.9721,9.7973,-0.0018,-0.0001,1.5499,0.000,0.018,1.000,0.000,3033,747,1280
1280,12.800,0.2794,0.6308,-0.0275,-2.3966,-20.3994,9.7980,-0.0026,-0.0008,-0.6348,0.122,1.000,0.000,0.638,3036,747,1281
1281,12.810,0.2808,0.6508,-0.0275,-14.7331,-10.2000,9.7969,-0.0005,-0.0006,-1.2591,0.000,0.644,1.000,0.264,3038,748,1282
1282,12.820,0.2808,0.6508,-0.0275,-17.2979,-12.2108,9.7995,0.0010,0.0000,-0.9068,1.000,0.533,0.300,0.818,3040,748,1283
1283,12.830,0.2888,0.6752,-0.0275,-31.7697,-23.0735,9.7978,0.0002,-0.0004,-1.0990,0.000,0.925,1.000,0.000,3043,749,1284
1284,12.840,0.3044,0.7070,-0.0275,10.5524,-22.7945,9.8008,0.0004,-0.0022,-1.3611,0.000,1.000,0.252,0.000,3045,750,1285
1285,12.850,0.3044,0.7070,-0.0275,14.2159,-14.2488,9.8008,0.0001,0.0006,-2.3280,0.000,0.000,0.000,1.000,3047,750,1286
1286,12.860,0.3279,0.7395,-0.0275,-11.0259,-13.5012,9.7968,0.0008,-0.0005,-1.2160,0.000,1.000,0.489,0.000,3050,751,1287
1287,12.870,0.3279,0.7395,-0.0275,-10.3413,-8.5608,9.7974,-0.0007,-0.0001,0.2589,1.000,0.000,0.589,0.933,3052,751,1288
1288,12.880,0.3563,0.7732,-0.0275,-0.7896,-0.6750,9.7991,0.0000,0.0013,1.9494,0.000,0.566,1.000,0.000,3054,752,1289
1289,12.890,0.3864,0.8080,-0.0275,12.5854,9.0068,9.7990,-0.0005,0.0004,5.1147,0.000,0.000,1.000,0.000,3057,753,1290
1290,12.900,0.3864,0.8080,-0.0275,4.3874,2.8877,9.7992,0.0004,0.0014,1.9328,0.000,0.000,0.000,1.000,3059,753,1291
1291,12.910,0.4161,0.8414,-0.0275,-21.2690,-14.0036,9.8015,0.0007,-0.0004,0.2075,0.000,1.000,0.000,0.000,3061,754,1292
1292,12.920,0.4161,0.8414,-0.0275,-11.2959,-13.9061,9.8009,-0.0017,0.0020,0.4311,0.725,0.000,0.267,1.000,3063,754,1293
1293,12.930,0.4499,0.8783,-0.0275,19.5018,-13.6021,9.7966,0.0017,0.0004,1.1064,0.000,1.000,0.980,0.000,3066,755,1294
1294,12.940,0.4499,0.8783,-0.0275,22.2328,13.8124,9.8002,0.0018,0.0006,1.0849,0.823,0.000,0.493,1.000,3068,755,1295
1295,12.950,0.4823,0.9114,-0.0275,26.8093,16.0768,9.7983,0.0011,0.0012,2.0183,0.000,0.606,1.000,0.000,3070,756,1296
1296,12.960,0.5111,0.9384,-0.0275,21.3339,6.6131,9.7974,-0.0007,0.0021,2.8049,0.000,0.106,1.000,0.000,3073,757,1297
1297,12.970,0.5111,0.9384,-0.0275,29.1753,14.7990,9.9469,0.0064,0.0000,3.9546,1.000,0.000,0.762,0.395,3075,757,1298
1298,12.980,0.5339,0.9576,-0.0275,27.7448,4.7892,9.7975,-0.0004,0.0010,5.1965,0.000,0.000,1.000,0.000,3077,758,1299
1299,12.990,0.5339,0.9576,-0.0275,29.4560,3.9883,9.7984,0.0008,0.0012,6.1351,1.000,0.000,0.734,0.324,3079,758,1300
1300,13.000,0.5505,0.9673,-0.0275,30.3782,-2.8470,9.7918,0.0019,0.0003,7.7516,0.000,0.000,1.000,0.000,3082,759,1301
1301,13.010,0.5505,0.9673,-0.0275,29.9692,-1.2418,9.8003,0.0014,-0.0014,8.7274,1.000,0.000,0.969,0.359,3084,759,1302
1302,13.020,0.5611,0.9669,-0.0275,16.5463,12.0533,9.7987,0.0007,0.0018,6.7498,0.000,0.503,1.000,0.000,3086,760,1303
1303,13.030,0.5611,0.9669,-0.0275,16.0805,11.1581,9.7973,0.0010,-0.0002,3.9982,0.103,0.501,0.815,1.000,3088,760,1304
1304,13.040,0.5646,0.9626,-0.0275,22.9476,14.6581,9.7983,-0.0008,0.0022,1.2707,0.000,1.000,0.077,0.157,3090,761,1305
1305,13.050,0.5646,0.9626,-0.0275,28.4144,0.2310,9.8017,0.0011,-0.0009,1.6949,0.000,0.000,1.000,0.000,3092,761,1306
1306,13.060,0.5594,0.9545,-0.0275,-15.8798,14.1598,9.8024,0.0010,-0.0002,1.3317,0.823,0.617,0.710,0.641,3095,762,1307
1307,13.070,0.5481,0.9444,-0.0275,27.7980,4.1398,9.7980,-0.0029,0.0007,1.0013,0.675,0.523,0.806,0.788,3097,763,1308
1308,13.080,0.5481,0.9444,-0.0275,25.5828,7.2227,9.8005,0.0008,0.0017,0.1808,0.000,0.671,1.000,0.000,3099,763,1309
1309,13.090,0.5295,0.9311,-0.0275,-11.7386,7.8222,9.7996,0.0006,0.0012,0.0865,1.000,0.000,0.000,0.885,3102,764,1310
1310,13.100,0.5295,0.9311,-0.0275,4.3119,-2.2019,9.8003,0.0001,-0.0011,-1.0102,0.000,1.000,0.991,0.000,3104,764,1311
1311,13.110,0.5041,0.9160,-0.0275,-15.5233,0.1162,9.8024,0.0012,0.0007,-0.2483,1.000,0.000,0.000,0.642,3107,765,1312
1312,13.120,0.4752,0.8983,-0.0275,1.5929,-0.1153,9.7984,0.0009,-0.0002,-1.6105,0.018,0.334,0.000,1.000,3109,766,1313
1313,13.130,0.4752,0.8983,-0.0275,-10.2472,10.1015,9.8005,-0.0010,-0.0007,-2.2401,0.000,0.989,1.000,0.000,3111,766,1314
1314,13.140,0.4450,0.8806,-0.0275,-7.9123,-0.3164,9.7978,-0.0000,-0.0008,-0.4660,1.000,0.000,0.000,0.338,3113,767,1315
1315,13.150,0.4450,0.8806,-0.0275,11.2468,13.6455,9.8025,0.0006,-0.0007,0.1516,0.000,0.075,1.000,0.000,3115,767,1316
1316,13.160,0.4162,0.8637,-0.0275,4.5778,0.0457,9.8000,-0.0002,-0.0008,-1.1981,0.255,0.000,0.000,1.000,3117,768,1317
1317,13.170,0.4162,0.8637,-0.0275,-22.4514,6.2482,9.7886,-0.0020,-0.0013,-0.5255,0.000,0.213,1.000,0.000,3120,768,1318
1318,13.180,0.3859,0.8495,-0.0275,-19.8749,9.0273,9.7939,-0.0020,-0.0007,0.0445,0.911,0.000,0.000,1.000,3122,769,1319
1319,13.190,0.3859,0.8495,-0.0275,-7.5681,-5.7933,9.7972,-0.0017,0.0004,0.2610,0.000,0.456,1.000,0.000,3124,769,1320
1320,13.200,0.3580,0.8422,-0.0275,-0.4152,5.8961,9.8027,-0.0010,0.0000,2.2467,1.000,0.000,0.000,0.794,3127,770,1321
1321,13.210,0.3330,0.8357,-0.0275,-6.2553,-6.9233,9.8014,-0.0017,-0.0011,3.5901,0.747,0.000,1.000,0.193,3129,771,1322
1322,13.220,0.3330,0.8357,-0.0275,-1.8861,-3.9506,9.8021,0.0005,-0.0010,5.9061,0.000,0.000,1.000,0.000,3132,771,1323
1323,13.230,0.3100,0.8291,-0.0275,-6.0497,6.2761,9.7959,-0.0012,-0.0003,5.3410,1.000,0.000,0.000,0.590,3134,772,1324
1324,13.240,0.3100,0.8291,-0.0275,-7.9628,9.2688,9.7969,-0.0004,0.0007,4.9334,0.000,0.000,1.000,0.000,3136,772,1325
1325,13.250,0.2880,0.8239,-0.0275,-0.5667,-0.5088,9.7985,0.0002,-0.0003,4.9703,1.000,0.000,0.000,0.392,3138,773,1326
1326,13.260,0.2665,0.8210,-0.0275,-3.5506,6.0297,9.7973,0.0008,-0.0006,5.2875,0.668,0.000,1.000,0.342,3141,774,1327
1327,13.270,0.2665,0.8210,-0.0275,-0.8932,5.5745,9.8007,-0.0001,-0.0008,6.5825,0.000,0.000,1.000,0.000,3143,774,1328
1328,13.280,0.2453,0.8206,-0.0275,-7.4624,-15.7419,9.7985,-0.0011,-0.0004,6.9646,1.000,0.000,0.000,0.444,3145,775,1329
1329,13.290,0.2453,0.8206,-0.0275,-4.4742,-7.3471,9.8010,-0.0017,-0.0016,6.9675,0.000,0.000,1.000,0.000,3148,775,1330
1330,13.300,0.2279,0.8168,-0.0275,-4.8659,-7.3841,9.8003,0.0003,0.0010,7.5612,1.000,0.000,0.000,0.000,3149,776,1331
1331,13.310,0.2279,0.8168,-0.0275,-10.1324,9.3916,9.7996,0.0005,0.0005,7.6045,0.000,0.000,1.000,0.000,3151,776,1332
1332,13.320,0.2138,0.8111,-0.0275,-14.0456,4.3948,9.8038,-0.0013,0.0004,6.3945,1.000,0.000,0.000,0.000,3154,777,1333
1333,13.330,0.2138,0.8111,-0.0275,-14.0456,4.3948,9.8038,-0.0013,0.0004,6.3945,0.000,0.000,1.000,0.000,3154,777,1334
1334,13.340,0.2138,0.8111,-0.0275,-11.3223,7.0563,9.7987,-0.0011,0.0009,4.7914,0.599,0.070,1.000,0.893,3156,777,1335
1335,13.350,0.2041,0.8080,-0.0275,-23.3168,-17.6955,9.7967,0.0009,-0.0008,3.2533,1.000,0.110,0.122,0.844,3158,778,1336
1336,13.360,0.2041,0.8080,-0.0275,-4.7997,-21.3035,9.8014,0.0006,-0.0002,3.2459,0.000,0.000,1.000,0.133,3159,778,1337
1337,13.370,0.1989,0.8020,-0.0275,-7.6097,-23.8543,9.7998,0.0006,0.0004,4.5001,1.000,0.000,0.514,0.000,3162,779,1338
1338,13.380,0.1989,0.8020,-0.0275,-7.8658,11.8914,24.4518,0.0010,0.0002,4.5410,0.259,0.000,1.000,0.278,3164,779,1339
1339,13.390,0.1959,0.7873,-0.0275,-0.8229,1.4681,9.7997,-0.0008,-0.0015,3.9005,1.000,0.677,0.658,0.000,3166,780,1340
1340,13.400,0.1959,0.7873,-0.0275,-0.9788,1.8846,9.7988,-0.0022,-0.0007,3.3610,0.200,0.000,0.827,1.000,3168,780,1341
1341,13.410,0.1934,0.7712,-0.0275,2.1534,-3.7929,9.8012,-0.0006,0.0010,2.8217,0.930,1.000,0.758,0.000,3170,781,1342
1342,13.420,0.1934,0.7712,-0.0275,3.8463,-7.3560,9.8011,-0.0004,-0.0027,1.9875,0.000,0.000,0.402,1.000,3172,781,1343
1343,13.430,0.1911,0.7552,-0.0275,6.0502,-12.1783,9.8019,0.0021,-0.0014,1.0274,0.291,1.000,0.229,0.000,3174,782,1344
1344,13.440,0.1911,0.7552,-0.0275,1.0223,-1.8570,9.7996,0.0008,-0.0013,0.0657,0.000,0.000,0.000,1.000,3176,782,1345
1345,13.450,0.1888,0.7393,-0.0275,0.1645,-0.0827,9.8014,0.0005,-0.0008,-0.4904,0.178,1.000,0.109,0.000,3177,783,1346
1346,13.460,0.1888,0.7393,-0.0275,17.8146,-1.9437,9.8007,-0.0007,-0.0010,-1.1991,0.000,0.000,0.000,1.000,3180,783,1347
1347,13.470,0.1857,0.7238,-0.0275,19.0131,-5.4573,9.8044,-0.0003,-0.0011,-0.4612,0.670,1.000,0.653,0.000,3181,784,1348
1348,13.480,0.1857,0.7238,-0.0275,14.4182,-28.5403,9.8006,-0.0007,0.0007,0.6585,0.242,0.000,1.000,0.861,3184,784,1349
1349,13.490,0.1857,0.7238,-0.0275,14.4182,-28.5403,9.8006,-0.0007,0.0007,0.6585,0.552,0.395,1.000,0.844,3184,784,1350
1350,13.500,0.1766,0.7081,-0.0275,13.5200,-27.5205,9.8031,-0.0001,-0.0002,1.4440,1.000,0.678,0.287,0.000,3186,785,1351
1351,13.510,0.1766,0.7081,-0.0275,14.0174,-26.8839,9.7980,-0.0008,-0.0019,1.5875,0.000,0.000,1.000,0.770,3187,785,1352
1352,13.520,0.1591,0.6857,-0.0275,15.0489,-17.0662,9.8016,0.0008,-0.0010,0.7120,0.489,1.000,0.000,0.000,3189,786,1353
1353,13.530,0.1591,0.6857,-0.0275,14.7058,-13.2337,9.7982,0.0005,0.0006,0.0860,0.000,0.000,0.769,1.000,3190,786,1354
1354,13.540,0.1591,0.6857,-0.0275,21.1681,-0.2685,9.8019,-0.0008,-0.0001,0.0942,0.384,0.446,1.000,0.833,3192,786,1355
1355,13.550,0.1337,0.6590,-0.0275,8.9219,22.3864,9.8031,0.0007,0.0014,0.1142,0.953,1.000,0.000,0.000,3193,787,1356
1356,13.560,0.1337,0.6590,-0.0275,11.8633,-36.0347,9.8013,-0.0005,0.0003,0.6269,0.000,0.000,1.000,0.459,3196,787,1357
1357,13.570,0.1037,0.6328,-0.0275,11.2135,-35.2648,9.8010,-0.0006,0.0012,0.5003,1.000,0.965,0.000,0.000,3197,788,1358
1358,13.580,0.1037,0.6328,-0.0275,13.1335,-16.3784,9.8022,-0.0000,-0.0017,-0.1760,0.000,0.000,1.000,0.861,3198,788,1359
1359,13.590,0.1037,0.6328,-0.0275,-19.5749,28.5801,9.7979,0.0016,-0.0002,-0.9157,0.100,0.596,0.594,1.000,3200,788,1360
1360,13.600,0.0709,0.6030,-0.0275,-0.2933,27.2347,9.8017,-0.0004,0.0000,-0.4798,1.000,0.814,0.000,0.000,3202,789,1361
1361,13.610,0.0435,0.5794,-0.0275,20.5069,2.7036,9.7967,-0.0010,0.0002,1.8987,1.000,0.054,0.956,0.000,3205,790,1362
1362,13.620,0.0435,0.5794,-0.0275,0.9113,12.2257,9.7963,-0.0008,0.0004,1.9455,0.000,0.000,1.000,0.349,3207,790,1363
1363,13.630,0.0135,0.5591,-0.0275,-8.6638,8.1416,9.8013,0.0008,-0.0007,-0.5798,0.542,1.000,0.000,0.000,3210,791,1364
1364,13.640,0.0135,0.5591,-0.0275,17.7067,-4.7299,9.7991,0.0002,-0.0003,-0.8095,0.000,0.000,1.000,0.723,3212,791,1365
1365,13.650,-0.0168,0.5427,-0.0275,-3.6679,3.7355,9.7968,-0.0010,0.0004,-0.4417,1.000,0.165,0.000,0.000,3214,792,1366
1366,13.660,-0.0168,0.5427,-0.0275,9.8313,5.8640,9.8002,-0.0007,0.0009,-1.1799,0.000,0.000,1.000,0.892,3217,793,1367
1367,13.670,-0.0438,0.5275,-0.0275,9.8128,6.1211,9.7996,-0.0010,-0.0007,-1.7570,1.000,0.900,0.000,0.000,3218,793,1368
1368,13.680,-0.0686,0.5166,-0.0275,-7.1729,12.2131,9.7977,0.0002,-0.0007,-3.5418,0.000,0.417,0.000,1.000,3221,794,1369
1369,13.690,-0.0686,0.5166,-0.0275,-3.6655,23.7364,9.7990,0.0018,-0.0011,-5.2153,0.000,0.000,0.623,1.000,3224,794,1370
1370,13.700,-0.0899,0.5130,-0.0275,-8.0235,21.9747,9.7982,-0.0004,-0.0008,-4.6348,1.000,0.343,0.000,0.980,3226,795,1371
1371,13.710,-0.0899,0.5130,-0.0275,7.2244,26.3280,9.8011,0.0004,0.0006,-4.5519,0.000,0.356,0.941,1.000,3228,795,1372
1372,13.720,-0.1070,0.5179,-0.0275,-25.0537,-14.8356,9.7997,-0.0004,0.0006,-2.8574,1.000,0.000,0.000,0.925,3230,796,1373
1373,13.730,-0.1177,0.5207,-0.0275,1.9519,-9.4716,10.2540,-0.0005,0.0018,-0.7746,0.422,0.000,1.000,0.236,3233,797,1374
1374,13.740,-0.1177,0.5207,-0.0275,-1.7991,9.3644,9.7982,-0.0031,0.0014,0.7211,0.000,0.000,1.000,0.000,3235,797,1375
1375,13.750,-0.1256,0.5199,-0.0275,6.8780,19.9440,9.8013,0.0012,-0.0008,-1.0186,0.000,0.163,0.000,1.000,3238,798,1376
1376,13.760,-0.1256,0.5199,-0.0275,4.7431,2.1724,9.7949,-0.0008,-0.0001,-0.7224,0.000,0.155,1.000,0.670,3240,798,1377
1377,13.770,-0.1347,0.5245,-0.0275,-9.8496,-5.7460,9.7980,0.0004,-0.0006,0.0525,0.910,0.000,0.487,1.000,3243,799,1378
1378,13.780,-0.1430,0.5308,-0.0275,-4.7146,-9.7845,9.8035,0.0003,-0.0014,0.3411,0.601,0.049,0.867,1.000,3245,800,1379
1379,13.790,-0.1430,0.5308,-0.0275,-13.1118,7.2429,9.7993,0.0004,0.0001,1.1378,0.113,0.000,1.000,0.063,3248,800,1380
1380,13.800,-0.1487,0.5356,-0.0275,0.2240,5.6462,9.7976,-0.0003,-0.0003,0.8594,0.438,0.000,0.385,1.000,3250,801,1381
1381,13.810,-0.1487,0.5356,-0.0275,-3.8630,-5.5253,9.7950,0.0007,-0.0010,0.4563,0.280,0.645,1.000,0.785,3252,801,1382
1382,13.820,-0.1524,0.5394,-0.0275,10.5488,12.7607,9.8004,-0.0001,-0.0012,1.5484,0.815,0.000,1.000,0.739,3254,802,1383
1383,13.830,-0.1524,0.5394,-0.0275,13.4337,14.8081,9.8041,0.0010,-0.0011,2.5557,0.255,0.000,1.000,0.000,3256,802,1384
1384,13.840,-0.1586,0.5455,-0.0275,-1.4997,12.5516,9.8001,-0.0011,0.0004,1.1405,0.000,0.000,0.000,1.000,3258,803,1385
1385,13.850,-0.1586,0.5455,-0.0275,9.6576,6.6427,9.7987,0.0005,-0.0009,0.8184,0.060,0.362,1.000,0.621,3260,803,1386
1386,13.860,-0.1688,0.5559,-0.0275,-1.6294,-1.0937,9.7977,0.0010,0.0008,2.3138,1.000,0.000,0.440,0.736,3262,804,1387
1387,13.870,-0.1800,0.5675,-0.0275,-0.6486,-0.4196,9.7973,-0.0007,-0.0009,1.4927,0.391,0.000,0.366,1.000,3265,805,1388
1388,13.880,-0.1800,0.5675,-0.0275,-5.8605,-3.5495,9.7963,0.0005,-0.0008,2.1054,0.000,0.000,1.000,0.000,3267,805,1389
1389,13.890,-0.1903,0.5781,-0.0275,-1.1387,-0.6692,9.7994,0.0001,-0.0013,2.6796,1.000,0.000,0.261,0.763,3269,806,1390
1390,13.900,-0.1903,0.5781,-0.0275,2.4149,1.2508,9.8003,-0.0006,0.0010,2.0152,0.000,0.359,1.000,0.302,3272,806,1391
1391,13.910,-0.2003,0.5884,-0.0275,4.4792,2.2187,9.8030,0.0012,0.0009,2.1356,0.957,0.000,0.260,1.000,3274,807,1392
1392,13.920,-0.2003,0.5884,-0.0275,2.4711,1.1849,9.7971,0.0003,-0.0001,1.0874,0.000,0.650,1.000,0.668,3276,807,1393
1393,13.930,-0.2115,0.5996,-0.0275,22.3040,10.2845,9.7988,0.0003,0.0001,1.5756,0.994,0.000,0.214,1.000,3279,808,1394
1394,13.940,-0.2258,0.6126,-0.0275,-3.3285,1.9690,9.8021,0.0026,-0.0008,1.8660,1.000,0.000,0.513,0.873,3281,809,1395
1395,13.950,-0.2258,0.6126,-0.0275,3.5579,-35.4065,9.7991,-0.0009,0.0013,1.3637,0.000,0.363,1.000,0.137,3283,809,1396
1396,13.960,-0.2427,0.6242,-0.0275,-15.9299,-8.3854,9.8058,-0.0004,0.0014,-1.3531,0.000,0.000,0.000,1.000,3286,810,1397
1397,13.970,-0.2427,0.6242,-0.0275,-18.4664,-9.1804,9.7990,0.0013,0.0004,-1.4350,0.000,0.690,1.000,0.572,3288,810,1398
1398,13.980,-0.2597,0.6301,-0.0275,4.1136,10.5219,9.8027,-0.0002,-0.0008,-0.6095,1.000,0.000,0.000,0.628,3290,811,1399
1399,13.990,-0.2718,0.6342,-0.0275,-15.7650,-7.1634,9.8042,-0.0006,-0.0004,0.1317,0.855,0.151,0.890,0.896,3293,812,1400
1400,14.000,-0.2718,0.6342,-0.0275,-12.1708,-9.9633,9.8020,-0.0008,0.0011,0.2817,0.000,0.200,1.000,0.559,3295,812,1401
1401,14.010,-0.2811,0.6368,-0.0275,-18.5839,-9.3513,9.8049,-0.0006,0.0004,-0.0477,0.938,0.011,0.000,1.000,3297,813,1402
1402,14.020,-0.2811,0.6368,-0.0275,-13.7854,-10.9045,9.8002,0.0012,-0.0019,-0.3362,0.231,0.573,0.977,1.000,3299,813,1403
1403,14.030,-0.2880,0.6378,-0.0275,-22.7835,-4.1359,9.7971,-0.0007,-0.0006,-0.2116,1.000,0.128,0.169,0.930,3301,814,1404
1404,14.040,-0.2880,0.6378,-0.0275,-8.3611,-16.7574,9.7906,0.0016,-0.0008,0.5496,0.490,0.083,1.000,0.560,3304,814,1405
1405,14.050,-0.2909,0.6349,-0.0275,20.4831,9.1236,9.7978,0.0025,-0.0014,1.8108,1.000,0.000,0.784,0.175,3306,815,1406
1406,14.060,-0.2909,0.6349,-0.0275,12.6374,5.1844,9.7946,0.0026,-0.0002,3.8693,0.657,0.000,1.000,0.293,3308,815,1407
1407,14.070,-0.2937,0.6314,-0.0275,18.6488,6.4753,9.7966,0.0028,-0.0008,7.7584,1.000,0.000,0.796,0.052,3311,816,1408
1408,14.080,-0.3015,0.6330,-0.0275,18.3283,3.7329,9.7960,0.0009,-0.0002,10.6131,1.000,0.000,0.305,0.149,3313,817,1409
1409,14.090,-0.3015,0.6330,-0.0275,17.5947,0.8209,9.7967,0.0001,0.0005,13.5238,0.408,0.000,1.000,0.070,3316,817,1410
1410,14.100,-0.3147,0.6397,-0.0275,26.1922,-7.9369,9.7992,0.0026,0.0001,14.9536,1.000,0.000,0.000,0.000,3318,818,1411
1411,14.110,-0.3147,0.6397,-0.0275,1.3197,14.1625,9.7978,-0.0001,-0.0005,15.3136,0.153,0.000,1.000,0.000,3320,818,1412
1412,14.120,-0.3330,0.6517,-0.0275,4.1474,14.7310,9.7982,-0.0002,-0.0004,16.4891,1.000,0.000,0.000,0.000,3322,819,1413
1413,14.130,-0.3330,0.6517,-0.0275,5.5359,8.2382,9.8244,0.0010,-0.0008,17.9701,0.000,0.000,1.000,0.000,3324,819,1414
1414,14.140,-0.3496,0.6675,-0.0275,12.9037,11.4416,9.7985,0.0028,-0.0012,20.4857,1.000,0.000,0.000,0.000,3327,820,1415
1415,14.150,-0.3626,0.6865,-0.0275,10.9677,7.0892,9.8022,0.0005,0.0010,22.0129,1.000,0.000,0.003,0.000,3329,821,1416
1416,14.160,-0.3626,0.6865,-0.0275,8.8457,1.0533,9.8006,0.0010,-0.0012,23.7046,0.125,0.000,1.000,0.070,3331,821,1417
1417,14.170,-0.3718,0.7094,-0.0275,17.2258,-5.4723,9.8009,0.0008,-0.0005,23.3644,1.000,0.000,0.000,0.000,3333,822,1418
1418,14.180,-0.3718,0.7094,-0.0275,-8.1865,2.4522,9.8003,0.0018,-0.0012,23.0835,0.346,0.000,1.000,0.126,3335,822,1419
1419,14.190,-0.3796,0.7347,-0.0275,1.0781,9.4734,9.7991,-0.0007,-0.0019,22.9758,1.000,0.628,0.183,0.000,3338,823,1420
1420,14.200,-0.3796,0.7347,-0.0275,0.4765,17.7783,9.8009,0.0009,0.0005,21.8703,0.709,0.000,1.000,0.322,3340,823,1421
1421,14.210,-0.3877,0.7560,-0.0275,6.9182,22.5183,9.8009,-0.0009,0.0006,19.5721,0.770,1.000,0.941,0.000,3343,824,1422
1422,14.220,-0.3961,0.7692,-0.0275,10.7729,29.3833,9.8047,-0.0008,0.0010,17.4266,0.480,0.068,1.000,0.000,3345,825,1423
1423,14.230,-0.3961,0.7692,-0.0275,-2.8519,15.0907,9.8018,0.0005,-0.0002,14.9562,1.000,0.000,0.711,0.164,3347,825,1424
1424,14.240,-0.4060,0.7713,-0.0275,-2.6390,5.5974,23.8864,0.0011,0.0013,13.4640,0.000,0.000,1.000,0.000,3349,826,1425
1425,14.250,-0.4060,0.7713,-0.0275,-6.6925,-0.9078,9.7955,0.0004,-0.0001,13.1325,1.000,0.000,0.593,0.000,3352,826,1426
1426,14.260,-0.4197,0.7676,-0.0275,-10.5878,20.8343,9.7965,-0.0024,-0.0009,12.0084,0.000,0.000,1.000,0.000,3354,827,1427
1427,14.270,-0.4362,0.7647,-0.0275,1.4988,-17.9445,9.7978,0.0002,-0.0002,6.5589,0.000,0.738,0.563,1.000,3357,828,1428
1428,14.280,-0.4362,0.7647,-0.0275,-7.8800,-12.8745,9.7991,-0.0002,-0.0005,4.8331,1.000,0.758,0.307,0.000,3359,828,1429
1429,14.290,-0.4466,0.7645,-0.0275,-9.9357,-14.5997,9.7991,-0.0013,-0.0006,4.8775,0.000,0.000,1.000,0.000,3361,829,1430
1430,14.300,-0.4466,0.7645,-0.0275,8.5322,-13.1427,9.7984,-0.0008,-0.0007,4.4701,1.000,0.284,0.613,0.000,3364,829,1431
1431,14.310,-0.4517,0.7690,-0.0275,6.7239,-20.9575,9.7980,-0.0013,0.0003,2.1384,0.000,1.000,0.985,0.857,3366,830,1432
1432,14.320,-0.4517,0.7690,-0.0275,-12.3452,-16.9479,9.7953,0.0009,-0.0017,0.5978,0.543,0.878,0.378,0.993,3368,830,1433
1433,14.330,-0.4495,0.7749,-0.0275,6.4265,-16.5405,9.7900,-0.0006,-0.0017,0.4591,0.543,1.000,0.901,0.330,3370,831,1434
1434,14.340,-0.4495,0.7749,-0.0275,9.4612,10.5797,9.8018,0.0024,0.0002,1.8697,0.771,0.000,1.000,0.064,3372,831,1435
1435,14.350,-0.4424,0.7804,-0.0275,13.1468,13.7998,9.7975,0.0001,0.0014,4.1592,1.000,0.572,0.996,0.000,3374,832,1436
1436,14.360,-0.4384,0.7818,-0.0275,18.4243,15.9296,9.7998,0.0007,0.0001,8.2955,0.638,0.000,1.000,0.000,3377,833,1437
1437,14.370,-0.4384,0.7818,-0.0275,22.6891,15.9335,9.7958,0.0018,-0.0010,11.1957,0.388,0.000,1.000,0.000,3379,833,1438
1438,14.380,-0.4413,0.7763,-0.0275,26.8118,11.6786,9.8006,0.0032,0.0013,14.9817,0.827,0.000,1.000,0.196,3382,834,1439
1439,14.390,-0.4413,0.7763,-0.0275,34.8162,2.4018,9.7945,0.0011,0.0008,16.8457,0.319,0.000,1.000,0.000,3384,834,1440
1440,14.400,-0.4523,0.7624,-0.0275,-2.1347,-27.4210,8.2133,0.0012,-0.0002,17.5210,1.000,0.000,0.168,0.552,3386,835,1441
1441,14.410,-0.4670,0.7400,-0.0275,10.3513,-19.6516,9.7991,-0.0005,-0.0007,13.9381,1.000,0.000,0.000,0.000,3389,836,1442
1442,14.420,-0.4670,0.7400,-0.0275,-2.8253,-6.5109,9.8013,-0.0003,-0.0000,10.3238,0.000,0.000,1.000,0.000,3391,836,1443
1443,14.430,-0.4799,0.7113,-0.0275,14.5401,1.2973,9.8007,0.0018,0.0008,7.4943,1.000,0.000,0.000,0.000,3394,837,1444
1444,14.440,-0.4799,0.7113,-0.0275,19.4458,1.1596,9.7945,-0.0001,-0.0017,6.3481,0.000,0.000,1.000,0.000,3396,837,1445
1445,14.450,-0.4967,0.6807,-0.0275,11.3888,23.9469,10.0944,0.0080,0.0016,7.4654,1.000,0.000,0.000,0.000,3398,838,1446
1446,14.460,-0.4967,0.6807,-0.0275,1.5358,19.1245,9.8014,0.0020,-0.0006,7.2827,0.000,0.000,1.000,0.000,3400,838,1447
1447,14.470,-0.5173,0.6553,-0.0275,-7.3381,19.7970,9.7983,-0.0016,0.0001,7.0545,1.000,0.000,0.000,0.000,3403,839,1448
1448,14.480,-0.5370,0.6380,-0.0275,-5.6786,20.0781,9.7957,0.0001,-0.0002,7.0150,0.945,0.000,1.000,0.450,3405,840,1449
1449,14.490,-0.5370,0.6380,-0.0275,-1.7625,26.8788,9.7967,0.0002,0.0002,7.2107,0.000,0.000,1.000,0.000,3408,840,1450
1450,14.500,-0.5544,0.6291,-0.0275,-7.0582,26.1580,9.8022,-0.0013,-0.0003,7.2261,1.000,0.000,0.000,0.177,3410,841,1451
1451,14.510,-0.5544,0.6291,-0.0275,-1.2046,23.3019,9.7997,-0.0024,-0.0010,7.2320,0.000,0.000,1.000,0.000,3412,841,1452
1452,14.520,-0.5686,0.6299,-0.0275,3.3731,10.2107,9.7986,-0.0007,0.0014,6.5029,1.000,0.000,0.529,0.753,3415,842,1453
1453,14.530,-0.5805,0.6372,-0.0275,-2.0511,14.9076,9.8017,-0.0011,0.0000,6.9280,0.271,0.000,1.000,0.346,3417,843,1454
1454,14.540,-0.5805,0.6372,-0.0275,12.0222,-6.1468,9.7967,-0.0001,0.0006,8.4130,0.404,0.000,1.000,0.000,3420,843,1455
1455,14.550,-0.5927,0.6464,-0.0275,21.6330,3.8768,9.8012,-0.0009,-0.0002,9.1545,0.924,0.000,0.819,1.000,3422,844,1456
1456,14.560,-0.5927,0.6464,-0.0275,4.6574,-3.5501,9.8031,-0.0007,-0.0003,9.7376,0.374,0.000,1.000,0.000,3424,844,1457
1457,14.570,-0.6103,0.6586,-0.0275,20.9878,-1.3544,9.8009,0.0006,-0.0006,10.5722,1.000,0.000,0.089,0.832,3427,845,1458
1458,14.580,-0.6321,0.6733,-0.0275,-11.1363,2.2521,9.7975,-0.0012,-0.0004,9.8654,1.000,0.000,0.172,0.401,3429,846,1459
1459,14.590,-0.6321,0.6733,-0.0275,-1.6112,0.4981,9.8019,0.0017,0.0004,8.2703,0.000,0.000,1.000,0.000,3431,846,1460
1460,14.600,-0.6536,0.6879,-0.0275,10.5733,4.2844,9.7966,-0.0012,0.0005,6.2099,1.000,0.000,0.000,0.779,3434,847,1461
1461,14.610,-0.6536,0.6879,-0.0275,12.9653,-6.2731,9.7986,0.0002,-0.0002,4.7247,0.000,0.264,1.000,0.000,3436,847,1462
1462,14.620,-0.6746,0.7042,-0.0275,3.0172,16.8388,9.8033,-0.0008,-0.0004,3.9919,1.000,0.000,0.000,0.640,3438,848,1463
1463,14.630,-0.6746,0.7042,-0.0275,-0.7576,9.5381,9.8018,-0.0002,0.0004,4.0050,0.000,0.000,1.000,0.000,3440,848,1464
1464,14.640,-0.6941,0.7226,-0.0275,7.2134,4.3814,9.8012,-0.0005,-0.0002,2.4602,0.749,0.000,0.000,1.000,3443,849,1465
1465,14.650,-0.7128,0.7414,-0.0275,-10.0165,-20.7042,9.7998,-0.0003,-0.0006,2.7039,1.000,0.000,0.353,0.533,3445,850,1466
1466,14.660,-0.7128,0.7414,-0.0275,8.6391,-13.6895,9.8016,-0.0007,0.0003,0.5436,0.000,1.000,0.666,0.511,3447,850,1467
1467,14.670,-0.7304,0.7593,-0.0275,-33.8657,-33.0493,23.5847,0.0000,0.0016,-1.3864,0.000,0.000,0.000,1.000,3450,851,1468
1468,14.680,-0.7304,0.7593,-0.0275,-18.6366,-25.3641,9.8031,0.0014,0.0037,-0.8279,0.000,0.664,1.000,0.122,3452,851,1469
1469,14.690,-0.7509,0.7708,-0.0275,-20.0458,-17.5712,9.7992,0.0001,0.0020,-0.1044,1.000,0.000,0.000,0.334,3454,852,1470
1470,14.700,-0.7509,0.7708,-0.0275,-18.2768,-5.4433,9.8034,-0.0011,0.0011,-0.0026,0.000,0.473,1.000,0.253,3456,852,1471
1471,14.710,-0.7772,0.7734,-0.0275,0.6732,-0.7181,9.7978,0.0004,0.0006,0.1313,1.000,0.000,0.000,0.000,3458,853,1472
1472,14.720,-0.8048,0.7733,-0.0275,0.9171,-5.0218,9.8533,-0.0022,0.0034,0.0683,1.000,0.311,0.060,0.679,3461,854,1473
1473,14.730,-0.8048,0.7733,-0.0275,1.8865,-12.4509,9.7977,-0.0000,0.0006,-0.5833,0.000,0.347,1.000,0.798,3463,854,1474
1474,14.740,-0.8349,0.7737,-0.0275,-5.4473,-1.7873,9.7998,-0.0008,0.0012,0.0922,1.000,0.000,0.000,0.000,3465,855,1475
1475,14.750,-0.8349,0.7737,-0.0275,-0.5724,-0.4292,9.7986,-0.0002,0.0012,1.6914,0.000,0.000,1.000,0.000,3468,855,1476
1476,14.760,-0.8662,0.7739,-0.0275,4.7324,6.9390,9.7971,0.0008,0.0011,3.1889,1.000,0.000,0.000,0.000,3470,856,1477
1477,14.770,-0.8662,0.7739,-0.0275,3.7808,5.0981,9.8621,0.0015,0.0026,4.8515,0.000,0.000,1.000,0.000,3472,856,1478
1478,14.780,-0.8960,0.7754,-0.0275,20.2895,-7.1547,9.7982,0.0010,0.0005,6.5511,1.000,0.000,0.000,0.000,3475,857,1479
1479,14.790,-0.9235,0.7804,-0.0275,11.4845,-1.5099,9.8029,0.0029,-0.0012,6.3014,1.000,0.000,0.000,0.000,3477,858,1480
1480,14.800,-0.9235,0.7804,-0.0275,12.4780,-7.7040,9.7991,-0.0006,0.0009,4.7286,0.000,0.000,1.000,0.171,3479,858,1481
1481,14.810,-0.9510,0.7910,-0.0275,9.6124,15.8567,9.7973,-0.0028,0.0005,3.7774,1.000,0.000,0.000,0.000,3482,859,1482
1482,14.820,-0.9510,0.7910,-0.0275,10.6757,8.5925,9.7963,0.0007,-0.0004,5.2689,0.000,0.000,1.000,0.000,3484,859,1483
1483,14.830,-0.9764,0.8052,-0.0275,5.2626,-8.6718,9.7997,0.0014,0.0014,4.7474,1.000,0.000,0.000,0.000,3486,860,1484
1484,14.840,-0.9764,0.8052,-0.0275,11.4478,5.2913,9.7974,0.0001,-0.0007,4.4896,0.000,0.000,1.000,0.000,3488,860,1485
1485,14.850,-1.0003,0.8224,-0.0275,3.6159,-7.9309,9.8090,0.0001,-0.0008,4.3191,1.000,0.000,0.000,0.000,3491,861,1486
1486,14.860,-1.0225,0.8412,-0.0275,6.8326,18.9349,9.7964,-0.0013,-0.0017,3.4492,1.000,0.000,0.000,0.240,3493,862,1487
1487,14.870,-1.0225,0.8412,-0.0275,3.9364,9.7160,9.7964,-0.0015,0.0002,2.7745,0.000,0.000,1.000,0.213,3496,862,1488
1488,14.880,-1.0388,0.8600,-0.0275,3.6903,9.4483,9.7983,-0.0007,-0.0010,3.0003,1.000,0.000,0.000,0.000,3498,863,1489
1489,14.890,-1.0388,0.8600,-0.0275,3.7944,7.8056,9.7974,-0.0006,-0.0004,2.6433,0.000,0.000,1.000,0.227,3500,863,1490
1490,14.900,-1.0506,0.8784,-0.0275,6.7759,11.3456,9.7981,0.0004,-0.0009,2.4439,1.000,0.000,0.000,0.000,3503,864,1491
1491,14.910,-1.0586,0.8968,-0.0275,4.9648,6.7521,9.7996,-0.0011,0.0003,2.0005,1.000,0.000,0.291,0.818,3505,865,1492
1492,14.920,-1.0586,0.8968,-0.0275,0.0558,2.3536,9.7979,-0.0020,-0.0020,2.1903,0.384,0.174,1.000,0.214,3507,865,1493
1493,14.930,-1.0636,0.9151,-0.0275,7.8733,7.4865,9.7970,0.0000,-0.0004,2.6066,1.000,0.000,0.000,0.000,3510,866,1494
1494,14.940,-1.0636,0.9151,-0.0275,5.1701,0.8771,9.8027,-0.0008,0.0011,2.2607,0.490,0.441,1.000,0.428,3512,866,1495
1495,14.950,-1.0665,0.9336,-0.0275,-6.5964,-0.6694,9.7837,-0.0010,0.0001,2.1098,1.000,0.000,0.000,0.338,3514,867,1496
1496,14.960,-1.0667,0.9492,-0.0275,2.2460,0.1957,9.7837,-0.0011,-0.0001,4.7515,1.000,0.000,0.310,0.092,3517,868,1497
1497,14.970,-1.0667,0.9492,-0.0275,12.2132,0.0775,9.7891,0.0014,0.0023,6.6754,0.718,0.007,1.000,0.000,3519,868,1498
1498,14.980,-1.0637,0.9569,-0.0275,-0.5736,6.2953,9.7982,-0.0006,0.0009,8.4184,1.000,0.000,0.031,0.057,3521,869,1499
1499,14.990,-1.0637,0.9569,-0.0275,21.3614,-4.2246,9.8024,-0.0001,0.0007,7.6348,1.000,0.049,0.908,0.000,3524,869,1500
