step,t_s,n_m,e_m,d_m,ax_body,ay_body,az_body,gx_body,gy_body,gz_body,m0,m1,m2,m3,imu_recv,navsat_recv,motor_send
0,0.000,0.0000,0.0000,0.0000,0.0023,-0.0025,-9.7991,0.0002,0.0018,-0.0003,0.700,0.700,0.700,0.700,51,0,1
1,0.010,0.0000,0.0000,0.0000,0.0023,-0.0025,-9.7991,0.0002,0.0018,-0.0003,0.700,0.700,0.700,0.700,51,0,2
2,0.020,0.0000,0.0000,0.0000,0.0023,-0.0025,-9.7991,0.0002,0.0018,-0.0003,0.700,0.700,0.700,0.700,51,0,3
3,0.030,0.0000,0.0000,0.0000,0.0023,-0.0025,-9.7991,0.0002,0.0018,-0.0003,0.700,0.700,0.700,0.700,51,0,4
4,0.040,0.0000,0.0000,0.0000,0.0023,-0.0025,-9.7991,0.0002,0.0018,-0.0003,0.700,0.700,0.700,0.700,51,0,5
5,0.050,0.0000,0.0000,0.0000,0.0023,-0.0025,-9.7991,0.0002,0.0018,-0.0003,0.700,0.700,0.700,0.700,51,0,6
6,0.060,0.0000,0.0000,0.0000,0.0023,-0.0025,-9.7991,0.0002,0.0018,-0.0003,0.700,0.700,0.700,0.700,51,0,7
7,0.070,0.0000,0.0000,0.0000,0.0023,-0.0025,-9.7991,0.0002,0.0018,-0.0003,0.700,0.700,0.700,0.700,51,0,8
8,0.080,0.0000,0.0000,0.0000,0.0023,-0.0025,-9.7991,0.0002,0.0018,-0.0003,0.700,0.700,0.700,0.700,51,0,9
9,0.090,0.0000,0.0000,0.0000,0.0023,-0.0025,-9.7991,0.0002,0.0018,-0.0003,0.700,0.700,0.700,0.700,51,0,10
10,0.100,0.0000,0.0000,0.0000,0.0023,-0.0025,-9.7991,0.0002,0.0018,-0.0003,0.700,0.700,0.700,0.700,51,0,11
11,0.110,0.0000,0.0000,0.0000,0.0023,-0.0025,-9.7991,0.0002,0.0018,-0.0003,0.700,0.700,0.700,0.700,51,0,12
12,0.120,0.0000,0.0000,0.0000,0.0023,-0.0025,-9.7991,0.0002,0.0018,-0.0003,0.700,0.700,0.700,0.700,51,0,13
13,0.130,0.0000,0.0000,0.0000,0.0023,-0.0025,-9.7991,0.0002,0.0018,-0.0003,0.700,0.700,0.700,0.700,51,0,14
14,0.140,0.0000,0.0000,0.0000,0.0023,-0.0025,-9.7991,0.0002,0.0018,-0.0003,0.700,0.700,0.700,0.700,51,0,15
15,0.150,0.0000,0.0000,0.0000,0.0023,-0.0025,-9.7991,0.0002,0.0018,-0.0003,0.700,0.700,0.700,0.700,51,0,16
16,0.160,0.0000,0.0000,0.0000,0.0023,-0.0025,-9.7991,0.0002,0.0018,-0.0003,0.700,0.700,0.700,0.700,51,0,17
17,0.170,0.0000,0.0000,0.0000,0.0023,-0.0025,-9.7991,0.0002,0.0018,-0.0003,0.700,0.700,0.700,0.700,51,0,18
18,0.180,0.0000,0.0000,0.0000,0.0023,-0.0025,-9.7991,0.0002,0.0018,-0.0003,0.700,0.700,0.700,0.700,51,0,19
19,0.190,0.0000,0.0000,0.0000,0.0023,-0.0025,-9.7991,0.0002,0.0018,-0.0003,0.700,0.700,0.700,0.700,51,0,20
20,0.200,0.0000,0.0000,0.0000,0.0023,-0.0025,-9.7991,0.0002,0.0018,-0.0003,0.700,0.700,0.700,0.700,51,0,21
21,0.210,0.0000,0.0000,0.0000,0.0023,-0.0025,-9.7991,0.0002,0.0018,-0.0003,0.700,0.700,0.700,0.700,51,0,22
22,0.220,0.0000,0.0000,0.0000,0.0023,-0.0025,-9.7991,0.0002,0.0018,-0.0003,0.700,0.700,0.700,0.700,51,0,23
23,0.230,0.0000,0.0000,0.0000,0.0023,-0.0025,-9.7991,0.0002,0.0018,-0.0003,0.700,0.700,0.700,0.700,51,0,24
24,0.240,0.0000,0.0000,0.0000,0.0023,-0.0025,-9.7991,0.0002,0.0018,-0.0003,0.700,0.700,0.700,0.700,51,0,25
25,0.250,0.0000,0.0000,0.0000,0.0023,-0.0025,-9.7991,0.0002,0.0018,-0.0003,0.700,0.700,0.700,0.700,51,0,26
26,0.260,0.0000,0.0000,0.0000,0.0023,-0.0025,-9.7991,0.0002,0.0018,-0.0003,0.700,0.700,0.700,0.700,51,0,27
27,0.270,0.0000,0.0000,0.0000,0.0023,-0.0025,-9.7991,0.0002,0.0018,-0.0003,0.700,0.700,0.700,0.700,51,0,28
28,0.280,0.0000,0.0000,0.0000,0.0023,-0.0025,-9.7991,0.0002,0.0018,-0.0003,0.700,0.700,0.700,0.700,51,0,29
29,0.290,0.0000,0.0000,0.0000,0.0023,-0.0025,-9.7991,0.0002,0.0018,-0.0003,0.700,0.700,0.700,0.700,51,0,30
30,0.300,0.0000,0.0000,0.0000,0.0023,-0.0025,-9.7991,0.0002,0.0018,-0.0003,0.700,0.700,0.700,0.700,51,0,31
31,0.310,0.0000,0.0000,0.0000,0.0023,-0.0025,-9.7991,0.0002,0.0018,-0.0003,0.700,0.700,0.700,0.700,51,0,32
32,0.320,0.0000,0.0000,0.0000,0.0023,-0.0025,-9.7991,0.0002,0.0018,-0.0003,0.700,0.700,0.700,0.700,51,0,33
33,0.330,0.0000,0.0000,0.0000,0.0023,-0.0025,-9.7991,0.0002,0.0018,-0.0003,0.700,0.700,0.700,0.700,51,0,34
34,0.340,0.0000,0.0000,0.0000,0.0023,-0.0025,-9.7991,0.0002,0.0018,-0.0003,0.700,0.700,0.700,0.700,51,0,35
35,0.350,0.0000,0.0000,0.0000,0.0023,-0.0025,-9.7991,0.0002,0.0018,-0.0003,0.700,0.700,0.700,0.700,51,0,36
36,0.360,0.0000,0.0000,0.0000,0.0023,-0.0025,-9.7991,0.0002,0.0018,-0.0003,0.700,0.700,0.700,0.700,51,0,37
37,0.370,0.0000,0.0000,0.0000,0.0023,-0.0025,-9.7991,0.0002,0.0018,-0.0003,0.700,0.700,0.700,0.700,51,0,38
38,0.380,0.0000,0.0000,0.0000,0.0023,-0.0025,-9.7991,0.0002,0.0018,-0.0003,0.700,0.700,0.700,0.700,51,0,39
39,0.390,0.0000,0.0000,0.0000,0.0023,-0.0025,-9.7991,0.0002,0.0018,-0.0003,0.700,0.700,0.700,0.700,51,0,40
40,0.400,0.0000,0.0000,0.0000,0.0023,-0.0025,-9.7991,0.0002,0.0018,-0.0003,0.700,0.700,0.700,0.700,51,0,41
41,0.410,0.0000,0.0000,0.0000,0.0023,-0.0025,-9.7991,0.0002,0.0018,-0.0003,0.700,0.700,0.700,0.700,51,0,42
42,0.420,0.0000,0.0000,0.0000,0.0023,-0.0025,-9.7991,0.0002,0.0018,-0.0003,0.700,0.700,0.700,0.700,51,0,43
43,0.430,0.0000,0.0000,0.0000,0.0023,-0.0025,-9.7991,0.0002,0.0018,-0.0003,0.700,0.700,0.700,0.700,51,0,44
44,0.440,0.0000,0.0000,0.0000,0.0023,-0.0025,-9.7991,0.0002,0.0018,-0.0003,0.700,0.700,0.700,0.700,51,0,45
45,0.450,0.0000,0.0000,0.0000,0.0023,-0.0025,-9.7991,0.0002,0.0018,-0.0003,0.700,0.700,0.700,0.700,51,0,46
46,0.460,0.0000,0.0000,0.0000,0.0023,-0.0025,-9.7991,0.0002,0.0018,-0.0003,0.700,0.700,0.700,0.700,51,0,47
47,0.470,0.0000,0.0000,0.0000,0.0023,-0.0025,-9.7991,0.0002,0.0018,-0.0003,0.700,0.700,0.700,0.700,51,0,48
48,0.480,0.0000,0.0000,0.0000,0.0023,-0.0025,-9.7991,0.0002,0.0018,-0.0003,0.700,0.700,0.700,0.700,51,0,49
49,0.490,0.0000,0.0000,0.0000,0.0023,-0.0025,-9.7991,0.0002,0.0018,-0.0003,0.700,0.700,0.700,0.700,51,0,50
50,0.500,0.0000,0.0000,0.0000,0.0023,-0.0025,-9.7991,0.0002,0.0018,-0.0003,0.700,0.700,0.700,0.700,51,0,51
51,0.510,0.0000,0.0000,0.0000,0.0023,-0.0025,-9.7991,0.0002,0.0018,-0.0003,0.700,0.700,0.700,0.700,51,0,52
52,0.520,0.0000,0.0000,0.0000,0.0023,-0.0025,-9.7991,0.0002,0.0018,-0.0003,0.700,0.700,0.700,0.700,51,0,53
53,0.530,0.0000,0.0000,0.0000,0.0023,-0.0025,-9.7991,0.0002,0.0018,-0.0003,0.700,0.700,0.700,0.700,51,0,54
54,0.540,0.0000,0.0000,0.0000,0.0023,-0.0025,-9.7991,0.0002,0.0018,-0.0003,0.700,0.700,0.700,0.700,51,0,55
55,0.550,0.0000,0.0000,0.0000,0.0023,-0.0025,-9.7991,0.0002,0.0018,-0.0003,0.700,0.700,0.700,0.700,51,0,56
56,0.560,0.0000,0.0000,0.0000,0.0023,-0.0025,-9.7991,0.0002,0.0018,-0.0003,0.700,0.700,0.700,0.700,51,0,57
57,0.570,0.0000,0.0000,0.0000,0.0023,-0.0025,-9.7991,0.0002,0.0018,-0.0003,0.700,0.700,0.700,0.700,51,0,58
58,0.580,0.0000,0.0000,0.0000,0.0023,-0.0025,-9.7991,0.0002,0.0018,-0.0003,0.700,0.700,0.700,0.700,51,0,59
59,0.590,0.0000,0.0000,0.0000,0.0023,-0.0025,-9.7991,0.0002,0.0018,-0.0003,0.700,0.700,0.700,0.700,51,0,60
60,0.600,0.0000,0.0000,0.0000,0.0023,-0.0025,-9.7991,0.0002,0.0018,-0.0003,0.700,0.700,0.700,0.700,51,0,61
61,0.610,0.0000,0.0000,0.0000,0.0023,-0.0025,-9.7991,0.0002,0.0018,-0.0003,0.700,0.700,0.700,0.700,51,0,62
62,0.620,0.0000,0.0000,0.0000,0.0023,-0.0025,-9.7991,0.0002,0.0018,-0.0003,0.700,0.700,0.700,0.700,51,0,63
63,0.630,0.0000,0.0000,0.0000,0.0023,-0.0025,-9.7991,0.0002,0.0018,-0.0003,0.700,0.700,0.700,0.700,51,0,64
64,0.640,0.0000,0.0000,0.0000,0.0023,-0.0025,-9.7991,0.0002,0.0018,-0.0003,0.700,0.700,0.700,0.700,51,0,65
65,0.650,0.0000,0.0000,0.0000,0.0023,-0.0025,-9.7991,0.0002,0.0018,-0.0003,0.700,0.700,0.700,0.700,51,0,66
66,0.660,0.0000,0.0000,0.0000,0.0023,-0.0025,-9.7991,0.0002,0.0018,-0.0003,0.700,0.700,0.700,0.700,51,0,67
67,0.670,0.0000,0.0000,0.0000,0.0023,-0.0025,-9.7991,0.0002,0.0018,-0.0003,0.700,0.700,0.700,0.700,51,0,68
68,0.680,0.0000,0.0000,0.0000,0.0023,-0.0025,-9.7991,0.0002,0.0018,-0.0003,0.700,0.700,0.700,0.700,51,0,69
69,0.690,0.0000,0.0000,0.0000,0.0023,-0.0025,-9.7991,0.0002,0.0018,-0.0003,0.700,0.700,0.700,0.700,51,0,70
70,0.700,0.0000,0.0000,0.0000,0.0023,-0.0025,-9.7991,0.0002,0.0018,-0.0003,0.700,0.700,0.700,0.700,51,0,71
71,0.710,0.0000,0.0000,0.0000,0.0023,-0.0025,-9.7991,0.0002,0.0018,-0.0003,0.700,0.700,0.700,0.700,51,0,72
72,0.720,0.0000,0.0000,0.0000,0.0023,-0.0025,-9.7991,0.0002,0.0018,-0.0003,0.700,0.700,0.700,0.700,51,0,73
73,0.730,0.0000,0.0000,0.0000,0.0023,-0.0025,-9.7991,0.0002,0.0018,-0.0003,0.700,0.700,0.700,0.700,51,0,74
74,0.740,0.0000,0.0000,0.0000,0.0023,-0.0025,-9.7991,0.0002,0.0018,-0.0003,0.700,0.700,0.700,0.700,51,0,75
75,0.750,0.0000,0.0000,0.0000,0.0023,-0.0025,-9.7991,0.0002,0.0018,-0.0003,0.700,0.700,0.700,0.700,51,0,76
76,0.760,0.0000,0.0000,0.0000,0.0023,-0.0025,-9.7991,0.0002,0.0018,-0.0003,0.700,0.700,0.700,0.700,51,0,77
77,0.770,0.0000,0.0000,0.0000,0.0023,-0.0025,-9.7991,0.0002,0.0018,-0.0003,0.700,0.700,0.700,0.700,51,0,78
78,0.780,0.0000,0.0000,0.0000,0.0023,-0.0025,-9.7991,0.0002,0.0018,-0.0003,0.700,0.700,0.700,0.700,51,0,79
79,0.790,0.0000,0.0000,0.0000,0.0023,-0.0025,-9.7991,0.0002,0.0018,-0.0003,0.700,0.700,0.700,0.700,51,0,80
80,0.800,0.0000,0.0000,0.0000,0.0023,-0.0025,-9.7991,0.0002,0.0018,-0.0003,0.700,0.700,0.700,0.700,51,0,81
81,0.810,0.0000,0.0000,0.0000,0.0023,-0.0025,-9.7991,0.0002,0.0018,-0.0003,0.700,0.700,0.700,0.700,51,0,82
82,0.820,0.0000,0.0000,0.0000,0.0023,-0.0025,-9.7991,0.0002,0.0018,-0.0003,0.700,0.700,0.700,0.700,51,0,83
83,0.830,0.0000,0.0000,0.0000,0.0023,-0.0025,-9.7991,0.0002,0.0018,-0.0003,0.700,0.700,0.700,0.700,51,0,84
84,0.840,0.0000,0.0000,0.0000,0.0023,-0.0025,-9.7991,0.0002,0.0018,-0.0003,0.700,0.700,0.700,0.700,51,0,85
85,0.850,0.0000,0.0000,0.0000,0.0023,-0.0025,-9.7991,0.0002,0.0018,-0.0003,0.700,0.700,0.700,0.700,51,0,86
86,0.860,0.0000,0.0000,0.0000,0.0023,-0.0025,-9.7991,0.0002,0.0018,-0.0003,0.700,0.700,0.700,0.700,51,0,87
87,0.870,0.0000,0.0000,0.0000,0.0023,-0.0025,-9.7991,0.0002,0.0018,-0.0003,0.700,0.700,0.700,0.700,51,0,88
88,0.880,0.0000,0.0000,0.0000,0.0023,-0.0025,-9.7991,0.0002,0.0018,-0.0003,0.700,0.700,0.700,0.700,51,0,89
89,0.890,0.0000,0.0000,0.0000,0.0023,-0.0025,-9.7991,0.0002,0.0018,-0.0003,0.700,0.700,0.700,0.700,51,0,90
90,0.900,0.0000,0.0000,0.0000,0.0023,-0.0025,-9.7991,0.0002,0.0018,-0.0003,0.700,0.700,0.700,0.700,51,0,91
91,0.910,0.0000,0.0000,0.0000,0.0023,-0.0025,-9.7991,0.0002,0.0018,-0.0003,0.700,0.700,0.700,0.700,51,0,92
92,0.920,0.0000,0.0000,0.0000,0.0023,-0.0025,-9.7991,0.0002,0.0018,-0.0003,0.700,0.700,0.700,0.700,51,0,93
93,0.930,0.0000,0.0000,0.0000,0.0023,-0.0025,-9.7991,0.0002,0.0018,-0.0003,0.700,0.700,0.700,0.700,51,0,94
94,0.940,0.0000,0.0000,0.0000,0.0023,-0.0025,-9.7991,0.0002,0.0018,-0.0003,0.700,0.700,0.700,0.700,51,0,95
95,0.950,0.0000,0.0000,0.0000,0.0023,-0.0025,-9.7991,0.0002,0.0018,-0.0003,0.700,0.700,0.700,0.700,51,0,96
96,0.960,0.0000,0.0000,0.0000,0.0023,-0.0025,-9.7991,0.0002,0.0018,-0.0003,0.700,0.700,0.700,0.700,51,0,97
97,0.970,0.0000,0.0000,0.0000,0.0023,-0.0025,-9.7991,0.0002,0.0018,-0.0003,0.700,0.700,0.700,0.700,51,0,98
98,0.980,0.0000,0.0000,0.0000,0.0023,-0.0025,-9.7991,0.0002,0.0018,-0.0003,0.700,0.700,0.700,0.700,51,0,99
99,0.990,0.0000,0.0000,0.0000,0.0023,-0.0025,-9.7991,0.0002,0.0018,-0.0003,0.700,0.700,0.700,0.700,51,0,100
100,1.000,0.0000,0.0000,0.0000,0.0023,-0.0025,-9.7991,0.0002,0.0018,-0.0003,0.700,0.700,0.700,0.700,51,0,101
101,1.010,0.0000,0.0000,0.0000,0.0023,-0.0025,-9.7991,0.0002,0.0018,-0.0003,0.700,0.700,0.700,0.700,51,0,102
102,1.020,0.0000,0.0000,0.0000,0.0023,-0.0025,-9.7991,0.0002,0.0018,-0.0003,0.700,0.700,0.700,0.700,51,0,103
103,1.030,0.0000,0.0000,0.0000,0.0023,-0.0025,-9.7991,0.0002,0.0018,-0.0003,0.700,0.700,0.700,0.700,51,0,104
104,1.040,0.0000,0.0000,0.0000,0.0023,-0.0025,-9.7991,0.0002,0.0018,-0.0003,0.700,0.700,0.700,0.700,51,0,105
105,1.050,0.0000,0.0000,0.0000,0.0023,-0.0025,-9.7991,0.0002,0.0018,-0.0003,0.700,0.700,0.700,0.700,51,0,106
106,1.060,0.0000,0.0000,0.0000,0.0023,-0.0025,-9.7991,0.0002,0.0018,-0.0003,0.700,0.700,0.700,0.700,51,0,107
107,1.070,0.0000,0.0000,0.0000,0.0023,-0.0025,-9.7991,0.0002,0.0018,-0.0003,0.700,0.700,0.700,0.700,51,0,108
108,1.080,0.0000,0.0000,0.0000,0.0023,-0.0025,-9.7991,0.0002,0.0018,-0.0003,0.700,0.700,0.700,0.700,51,0,109
109,1.090,0.0000,0.0000,0.0000,0.0023,-0.0025,-9.7991,0.0002,0.0018,-0.0003,0.700,0.700,0.700,0.700,51,0,110
110,1.100,0.0000,0.0000,0.0000,0.0023,-0.0025,-9.7991,0.0002,0.0018,-0.0003,0.700,0.700,0.700,0.700,51,0,111
111,1.110,0.0000,0.0000,0.0000,0.0023,-0.0025,-9.7991,0.0002,0.0018,-0.0003,0.700,0.700,0.700,0.700,51,0,112
112,1.120,0.0000,0.0000,0.0000,0.0023,-0.0025,-9.7991,0.0002,0.0018,-0.0003,0.700,0.700,0.700,0.700,51,0,113
113,1.130,0.0000,0.0000,0.0000,0.0023,-0.0025,-9.7991,0.0002,0.0018,-0.0003,0.700,0.700,0.700,0.700,51,0,114
114,1.140,0.0000,0.0000,0.0000,0.0023,-0.0025,-9.7991,0.0002,0.0018,-0.0003,0.700,0.700,0.700,0.700,51,0,115
115,1.150,0.0000,0.0000,0.0000,0.0023,-0.0025,-9.7991,0.0002,0.0018,-0.0003,0.700,0.700,0.700,0.700,51,0,116
116,1.160,0.0000,0.0000,0.0000,0.0023,-0.0025,-9.7991,0.0002,0.0018,-0.0003,0.700,0.700,0.700,0.700,51,0,117
117,1.170,0.0000,0.0000,0.0000,0.0023,-0.0025,-9.7991,0.0002,0.0018,-0.0003,0.700,0.700,0.700,0.700,51,0,118
118,1.180,0.0000,0.0000,0.0000,0.0023,-0.0025,-9.7991,0.0002,0.0018,-0.0003,0.700,0.700,0.700,0.700,51,0,119
119,1.190,0.0000,0.0000,0.0000,0.0023,-0.0025,-9.7991,0.0002,0.0018,-0.0003,0.700,0.700,0.700,0.700,51,0,120
120,1.200,0.0000,0.0000,0.0000,0.0023,-0.0025,-9.7991,0.0002,0.0018,-0.0003,0.700,0.700,0.700,0.700,51,0,121
121,1.210,0.0000,0.0000,0.0000,0.0023,-0.0025,-9.7991,0.0002,0.0018,-0.0003,0.700,0.700,0.700,0.700,51,0,122
122,1.220,0.0000,0.0000,0.0000,0.0023,-0.0025,-9.7991,0.0002,0.0018,-0.0003,0.700,0.700,0.700,0.700,51,0,123
123,1.230,0.0000,0.0000,0.0000,0.0023,-0.0025,-9.7991,0.0002,0.0018,-0.0003,0.700,0.700,0.700,0.700,51,0,124
124,1.240,0.0000,0.0000,0.0000,0.0023,-0.0025,-9.7991,0.0002,0.0018,-0.0003,0.700,0.700,0.700,0.700,51,0,125
125,1.250,0.0000,0.0000,0.0000,0.0023,-0.0025,-9.7991,0.0002,0.0018,-0.0003,0.700,0.700,0.700,0.700,51,0,126
126,1.260,0.0000,0.0000,0.0000,0.0023,-0.0025,-9.7991,0.0002,0.0018,-0.0003,0.700,0.700,0.700,0.700,51,0,127
127,1.270,0.0000,0.0000,0.0000,0.0023,-0.0025,-9.7991,0.0002,0.0018,-0.0003,0.700,0.700,0.700,0.700,51,0,128
128,1.280,0.0000,0.0000,0.0000,0.0023,-0.0025,-9.7991,0.0002,0.0018,-0.0003,0.700,0.700,0.700,0.700,51,0,129
129,1.290,0.0000,0.0000,0.0000,0.0023,-0.0025,-9.7991,0.0002,0.0018,-0.0003,0.700,0.700,0.700,0.700,51,0,130
130,1.300,0.0000,0.0000,0.0000,0.0023,-0.0025,-9.7991,0.0002,0.0018,-0.0003,0.700,0.700,0.700,0.700,51,0,131
131,1.310,0.0000,0.0000,0.0000,0.0023,-0.0025,-9.7991,0.0002,0.0018,-0.0003,0.700,0.700,0.700,0.700,51,0,132
132,1.320,0.0000,0.0000,0.0000,0.0023,-0.0025,-9.7991,0.0002,0.0018,-0.0003,0.700,0.700,0.700,0.700,51,0,133
133,1.330,0.0000,0.0000,0.0000,0.0023,-0.0025,-9.7991,0.0002,0.0018,-0.0003,0.700,0.700,0.700,0.700,51,0,134
134,1.340,0.0000,0.0000,0.0000,0.0023,-0.0025,-9.7991,0.0002,0.0018,-0.0003,0.700,0.700,0.700,0.700,51,0,135
135,1.350,0.0000,0.0000,0.0000,0.0023,-0.0025,-9.7991,0.0002,0.0018,-0.0003,0.700,0.700,0.700,0.700,51,0,136
136,1.360,0.0000,0.0000,0.0000,0.0023,-0.0025,-9.7991,0.0002,0.0018,-0.0003,0.700,0.700,0.700,0.700,51,0,137
137,1.370,0.0000,0.0000,0.0000,0.0023,-0.0025,-9.7991,0.0002,0.0018,-0.0003,0.700,0.700,0.700,0.700,51,0,138
138,1.380,0.0000,0.0000,0.0000,0.0023,-0.0025,-9.7991,0.0002,0.0018,-0.0003,0.700,0.700,0.700,0.700,51,0,139
139,1.390,0.0000,0.0000,0.0000,0.0023,-0.0025,-9.7991,0.0002,0.0018,-0.0003,0.700,0.700,0.700,0.700,51,0,140
140,1.400,0.0000,0.0000,0.0000,0.0023,-0.0025,-9.7991,0.0002,0.0018,-0.0003,0.700,0.700,0.700,0.700,51,0,141
141,1.410,0.0000,0.0000,0.0000,0.0023,-0.0025,-9.7991,0.0002,0.0018,-0.0003,0.700,0.700,0.700,0.700,51,0,142
142,1.420,0.0000,0.0000,0.0000,0.0023,-0.0025,-9.7991,0.0002,0.0018,-0.0003,0.700,0.700,0.700,0.700,51,0,143
143,1.430,0.0000,0.0000,0.0000,0.0023,-0.0025,-9.7991,0.0002,0.0018,-0.0003,0.700,0.700,0.700,0.700,51,0,144
144,1.440,0.0000,0.0000,0.0000,0.0023,-0.0025,-9.7991,0.0002,0.0018,-0.0003,0.700,0.700,0.700,0.700,51,0,145
145,1.450,0.0000,0.0000,0.0000,0.0023,-0.0025,-9.7991,0.0002,0.0018,-0.0003,0.700,0.700,0.700,0.700,51,0,146
146,1.460,0.0000,0.0000,0.0000,0.0023,-0.0025,-9.7991,0.0002,0.0018,-0.0003,0.700,0.700,0.700,0.700,51,0,147
147,1.470,0.0000,0.0000,0.0000,0.0023,-0.0025,-9.7991,0.0002,0.0018,-0.0003,0.700,0.700,0.700,0.700,51,0,148
148,1.480,0.0000,0.0000,0.0000,0.0023,-0.0025,-9.7991,0.0002,0.0018,-0.0003,0.700,0.700,0.700,0.700,51,0,149
149,1.490,0.0000,0.0000,0.0000,0.0023,-0.0025,-9.7991,0.0002,0.0018,-0.0003,0.700,0.700,0.700,0.700,51,0,150
150,1.500,0.0000,0.0000,0.0000,0.0023,-0.0025,-9.7991,0.0002,0.0018,-0.0003,0.700,0.700,0.700,0.700,51,0,151
151,1.510,0.0000,0.0000,0.0000,0.0023,-0.0025,-9.7991,0.0002,0.0018,-0.0003,0.700,0.700,0.700,0.700,51,0,152
152,1.520,0.0000,0.0000,0.0000,0.0023,-0.0025,-9.7991,0.0002,0.0018,-0.0003,0.700,0.700,0.700,0.700,51,0,153
153,1.530,0.0000,0.0000,0.0000,0.0023,-0.0025,-9.7991,0.0002,0.0018,-0.0003,0.700,0.700,0.700,0.700,51,0,154
154,1.540,0.0000,0.0000,0.0000,0.0023,-0.0025,-9.7991,0.0002,0.0018,-0.0003,0.700,0.700,0.700,0.700,51,0,155
155,1.550,0.0000,0.0000,0.0000,0.0023,-0.0025,-9.7991,0.0002,0.0018,-0.0003,0.700,0.700,0.700,0.700,51,0,156
156,1.560,0.0000,0.0000,0.0000,0.0023,-0.0025,-9.7991,0.0002,0.0018,-0.0003,0.700,0.700,0.700,0.700,51,0,157
157,1.570,0.0000,0.0000,0.0000,0.0023,-0.0025,-9.7991,0.0002,0.0018,-0.0003,0.700,0.700,0.700,0.700,51,0,158
158,1.580,0.0000,0.0000,0.0000,0.0023,-0.0025,-9.7991,0.0002,0.0018,-0.0003,0.700,0.700,0.700,0.700,51,0,159
159,1.590,0.0000,0.0000,0.0000,0.0023,-0.0025,-9.7991,0.0002,0.0018,-0.0003,0.700,0.700,0.700,0.700,51,0,160
160,1.600,0.0000,0.0000,0.0000,0.0023,-0.0025,-9.7991,0.0002,0.0018,-0.0003,0.700,0.700,0.700,0.700,51,0,161
161,1.610,0.0000,0.0000,0.0000,0.0023,-0.0025,-9.7991,0.0002,0.0018,-0.0003,0.700,0.700,0.700,0.700,51,0,162
162,1.620,0.0000,0.0000,0.0000,0.0023,-0.0025,-9.7991,0.0002,0.0018,-0.0003,0.700,0.700,0.700,0.700,51,0,163
163,1.630,0.0000,0.0000,0.0000,0.0023,-0.0025,-9.7991,0.0002,0.0018,-0.0003,0.700,0.700,0.700,0.700,51,0,164
164,1.640,0.0000,0.0000,0.0000,0.0023,-0.0025,-9.7991,0.0002,0.0018,-0.0003,0.700,0.700,0.700,0.700,51,0,165
165,1.650,0.0000,0.0000,0.0000,0.0023,-0.0025,-9.7991,0.0002,0.0018,-0.0003,0.700,0.700,0.700,0.700,51,0,166
166,1.660,0.0000,0.0000,0.0000,0.0023,-0.0025,-9.7991,0.0002,0.0018,-0.0003,0.700,0.700,0.700,0.700,51,0,167
167,1.670,0.0000,0.0000,0.0000,0.0023,-0.0025,-9.7991,0.0002,0.0018,-0.0003,0.700,0.700,0.700,0.700,51,0,168
168,1.680,0.0000,0.0000,0.0000,0.0023,-0.0025,-9.7991,0.0002,0.0018,-0.0003,0.700,0.700,0.700,0.700,51,0,169
169,1.690,0.0000,0.0000,0.0000,0.0023,-0.0025,-9.7991,0.0002,0.0018,-0.0003,0.700,0.700,0.700,0.700,51,0,170
170,1.700,0.0000,0.0000,0.0000,0.0023,-0.0025,-9.7991,0.0002,0.0018,-0.0003,0.700,0.700,0.700,0.700,51,0,171
171,1.710,0.0000,0.0000,0.0000,0.0023,-0.0025,-9.7991,0.0002,0.0018,-0.0003,0.700,0.700,0.700,0.700,51,0,172
172,1.720,0.0000,0.0000,0.0000,0.0023,-0.0025,-9.7991,0.0002,0.0018,-0.0003,0.700,0.700,0.700,0.700,51,0,173
173,1.730,0.0000,0.0000,0.0000,0.0023,-0.0025,-9.7991,0.0002,0.0018,-0.0003,0.700,0.700,0.700,0.700,51,0,174
174,1.740,0.0000,0.0000,0.0000,0.0023,-0.0025,-9.7991,0.0002,0.0018,-0.0003,0.700,0.700,0.700,0.700,51,0,175
175,1.750,0.0000,0.0000,0.0000,0.0023,-0.0025,-9.7991,0.0002,0.0018,-0.0003,0.700,0.700,0.700,0.700,51,0,176
176,1.760,0.0000,0.0000,0.0000,0.0023,-0.0025,-9.7991,0.0002,0.0018,-0.0003,0.700,0.700,0.700,0.700,51,0,177
177,1.770,0.0000,0.0000,0.0000,0.0023,-0.0025,-9.7991,0.0002,0.0018,-0.0003,0.700,0.700,0.700,0.700,51,0,178
178,1.780,0.0000,0.0000,0.0000,0.0023,-0.0025,-9.7991,0.0002,0.0018,-0.0003,0.700,0.700,0.700,0.700,51,0,179
179,1.790,0.0000,0.0000,0.0000,0.0023,-0.0025,-9.7991,0.0002,0.0018,-0.0003,0.700,0.700,0.700,0.700,51,0,180
180,1.800,0.0000,0.0000,0.0000,0.0023,-0.0025,-9.7991,0.0002,0.0018,-0.0003,0.700,0.700,0.700,0.700,51,0,181
181,1.810,0.0000,0.0000,0.0000,0.0023,-0.0025,-9.7991,0.0002,0.0018,-0.0003,0.700,0.700,0.700,0.700,51,0,182
182,1.820,0.0000,0.0000,0.0000,0.0023,-0.0025,-9.7991,0.0002,0.0018,-0.0003,0.700,0.700,0.700,0.700,51,0,183
183,1.830,0.0000,0.0000,0.0000,0.0023,-0.0025,-9.7991,0.0002,0.0018,-0.0003,0.700,0.700,0.700,0.700,51,0,184
184,1.840,0.0000,0.0000,0.0000,0.0023,-0.0025,-9.7991,0.0002,0.0018,-0.0003,0.700,0.700,0.700,0.700,51,0,185
185,1.850,0.0000,0.0000,0.0000,0.0023,-0.0025,-9.7991,0.0002,0.0018,-0.0003,0.700,0.700,0.700,0.700,51,0,186
186,1.860,0.0000,0.0000,0.0000,0.0023,-0.0025,-9.7991,0.0002,0.0018,-0.0003,0.700,0.700,0.700,0.700,51,0,187
187,1.870,0.0000,0.0000,0.0000,0.0023,-0.0025,-9.7991,0.0002,0.0018,-0.0003,0.700,0.700,0.700,0.700,51,0,188
188,1.880,0.0000,0.0000,0.0000,0.0023,-0.0025,-9.7991,0.0002,0.0018,-0.0003,0.700,0.700,0.700,0.700,51,0,189
189,1.890,0.0000,0.0000,0.0000,0.0023,-0.0025,-9.7991,0.0002,0.0018,-0.0003,0.700,0.700,0.700,0.700,51,0,190
190,1.900,0.0000,0.0000,0.0000,0.0023,-0.0025,-9.7991,0.0002,0.0018,-0.0003,0.700,0.700,0.700,0.700,51,0,191
191,1.910,0.0000,0.0000,0.0000,0.0023,-0.0025,-9.7991,0.0002,0.0018,-0.0003,0.700,0.700,0.700,0.700,51,0,192
192,1.920,0.0000,0.0000,0.0000,0.0023,-0.0025,-9.7991,0.0002,0.0018,-0.0003,0.700,0.700,0.700,0.700,51,0,193
193,1.930,0.0000,0.0000,0.0000,0.0023,-0.0025,-9.7991,0.0002,0.0018,-0.0003,0.700,0.700,0.700,0.700,51,0,194
194,1.940,0.0000,0.0000,0.0000,0.0023,-0.0025,-9.7991,0.0002,0.0018,-0.0003,0.700,0.700,0.700,0.700,51,0,195
195,1.950,0.0000,0.0000,0.0000,0.0023,-0.0025,-9.7991,0.0002,0.0018,-0.0003,0.700,0.700,0.700,0.700,51,0,196
196,1.960,0.0000,0.0000,0.0000,0.0023,-0.0025,-9.7991,0.0002,0.0018,-0.0003,0.700,0.700,0.700,0.700,51,0,197
197,1.970,0.0000,0.0000,0.0000,0.0023,-0.0025,-9.7991,0.0002,0.0018,-0.0003,0.700,0.700,0.700,0.700,51,0,198
198,1.980,0.0000,0.0000,0.0000,0.0023,-0.0025,-9.7991,0.0002,0.0018,-0.0003,0.700,0.700,0.700,0.700,51,0,199
199,1.990,0.0000,0.0000,0.0000,0.0023,-0.0025,-9.7991,0.0002,0.0018,-0.0003,0.700,0.700,0.700,0.700,51,0,200
200,2.000,0.0000,0.0000,0.0000,0.0023,-0.0025,-9.7991,0.0002,0.0018,-0.0003,0.700,0.700,0.700,0.700,51,0,201
201,2.010,0.0000,0.0000,0.0000,0.0023,-0.0025,-9.7991,0.0002,0.0018,-0.0003,0.700,0.700,0.700,0.700,51,0,202
202,2.020,0.0000,0.0000,0.0000,0.0023,-0.0025,-9.7991,0.0002,0.0018,-0.0003,0.700,0.700,0.700,0.700,51,0,203
203,2.030,0.0000,0.0000,0.0000,0.0023,-0.0025,-9.7991,0.0002,0.0018,-0.0003,0.700,0.700,0.700,0.700,51,0,204
204,2.040,0.0000,0.0000,0.0000,0.0023,-0.0025,-9.7991,0.0002,0.0018,-0.0003,0.700,0.700,0.700,0.700,51,0,205
205,2.050,0.0000,0.0000,0.0000,0.0023,-0.0025,-9.7991,0.0002,0.0018,-0.0003,0.700,0.700,0.700,0.700,51,0,206
206,2.060,0.0000,0.0000,0.0000,0.0023,-0.0025,-9.7991,0.0002,0.0018,-0.0003,0.700,0.700,0.700,0.700,51,0,207
207,2.070,0.0000,0.0000,0.0000,0.0023,-0.0025,-9.7991,0.0002,0.0018,-0.0003,0.700,0.700,0.700,0.700,51,0,208
208,2.080,0.0000,0.0000,0.0000,0.0023,-0.0025,-9.7991,0.0002,0.0018,-0.0003,0.700,0.700,0.700,0.700,51,0,209
209,2.090,0.0000,0.0000,0.0000,0.0023,-0.0025,-9.7991,0.0002,0.0018,-0.0003,0.700,0.700,0.700,0.700,51,0,210
210,2.100,0.0000,0.0000,0.0000,0.0023,-0.0025,-9.7991,0.0002,0.0018,-0.0003,0.700,0.700,0.700,0.700,51,0,211
211,2.110,0.0000,0.0000,0.0000,0.0023,-0.0025,-9.7991,0.0002,0.0018,-0.0003,0.700,0.700,0.700,0.700,51,0,212
212,2.120,0.0000,0.0000,0.0000,0.0023,-0.0025,-9.7991,0.0002,0.0018,-0.0003,0.700,0.700,0.700,0.700,51,0,213
213,2.130,0.0000,0.0000,0.0000,0.0023,-0.0025,-9.7991,0.0002,0.0018,-0.0003,0.700,0.700,0.700,0.700,51,0,214
214,2.140,0.0000,0.0000,0.0000,0.0023,-0.0025,-9.7991,0.0002,0.0018,-0.0003,0.700,0.700,0.700,0.700,51,0,215
215,2.150,0.0000,0.0000,0.0000,0.0023,-0.0025,-9.7991,0.0002,0.0018,-0.0003,0.700,0.700,0.700,0.700,51,0,216
216,2.160,0.0000,0.0000,0.0000,0.0023,-0.0025,-9.7991,0.0002,0.0018,-0.0003,0.700,0.700,0.700,0.700,51,0,217
217,2.170,0.0000,0.0000,0.0000,0.0023,-0.0025,-9.7991,0.0002,0.0018,-0.0003,0.700,0.700,0.700,0.700,51,0,218
218,2.180,0.0000,0.0000,0.0000,0.0023,-0.0025,-9.7991,0.0002,0.0018,-0.0003,0.700,0.700,0.700,0.700,51,0,219
219,2.190,0.0000,0.0000,0.0000,0.0023,-0.0025,-9.7991,0.0002,0.0018,-0.0003,0.700,0.700,0.700,0.700,51,0,220
220,2.200,0.0000,0.0000,0.0000,0.0023,-0.0025,-9.7991,0.0002,0.0018,-0.0003,0.700,0.700,0.700,0.700,51,0,221
221,2.210,0.0000,0.0000,0.0000,0.0023,-0.0025,-9.7991,0.0002,0.0018,-0.0003,0.700,0.700,0.700,0.700,51,0,222
222,2.220,0.0000,0.0000,0.0000,0.0023,-0.0025,-9.7991,0.0002,0.0018,-0.0003,0.700,0.700,0.700,0.700,51,0,223
223,2.230,0.0000,0.0000,0.0000,0.0023,-0.0025,-9.7991,0.0002,0.0018,-0.0003,0.700,0.700,0.700,0.700,51,0,224
224,2.240,0.0000,0.0000,0.0000,0.0023,-0.0025,-9.7991,0.0002,0.0018,-0.0003,0.700,0.700,0.700,0.700,51,0,225
225,2.250,0.0000,0.0000,0.0000,0.0023,-0.0025,-9.7991,0.0002,0.0018,-0.0003,0.700,0.700,0.700,0.700,51,0,226
226,2.260,0.0000,0.0000,0.0000,0.0023,-0.0025,-9.7991,0.0002,0.0018,-0.0003,0.700,0.700,0.700,0.700,51,0,227
227,2.270,0.0000,0.0000,0.0000,0.0023,-0.0025,-9.7991,0.0002,0.0018,-0.0003,0.700,0.700,0.700,0.700,51,0,228
228,2.280,0.0000,0.0000,0.0000,0.0023,-0.0025,-9.7991,0.0002,0.0018,-0.0003,0.700,0.700,0.700,0.700,51,0,229
229,2.290,0.0000,0.0000,0.0000,0.0023,-0.0025,-9.7991,0.0002,0.0018,-0.0003,0.700,0.700,0.700,0.700,51,0,230
230,2.300,0.0000,0.0000,0.0000,0.0023,-0.0025,-9.7991,0.0002,0.0018,-0.0003,0.700,0.700,0.700,0.700,51,0,231
231,2.310,0.0000,0.0000,0.0000,0.0023,-0.0025,-9.7991,0.0002,0.0018,-0.0003,0.700,0.700,0.700,0.700,51,0,232
232,2.320,0.0000,0.0000,0.0000,0.0023,-0.0025,-9.7991,0.0002,0.0018,-0.0003,0.700,0.700,0.700,0.700,51,0,233
233,2.330,0.0000,0.0000,0.0000,0.0023,-0.0025,-9.7991,0.0002,0.0018,-0.0003,0.700,0.700,0.700,0.700,51,0,234
234,2.340,0.0000,0.0000,0.0000,0.0023,-0.0025,-9.7991,0.0002,0.0018,-0.0003,0.700,0.700,0.700,0.700,51,0,235
235,2.350,0.0000,0.0000,0.0000,0.0023,-0.0025,-9.7991,0.0002,0.0018,-0.0003,0.700,0.700,0.700,0.700,51,0,236
236,2.360,0.0000,0.0000,0.0000,0.0023,-0.0025,-9.7991,0.0002,0.0018,-0.0003,0.700,0.700,0.700,0.700,51,0,237
237,2.370,0.0000,0.0000,0.0000,0.0023,-0.0025,-9.7991,0.0002,0.0018,-0.0003,0.700,0.700,0.700,0.700,51,0,238
238,2.380,0.0000,0.0000,0.0000,0.0023,-0.0025,-9.7991,0.0002,0.0018,-0.0003,0.700,0.700,0.700,0.700,51,0,239
239,2.390,0.0000,0.0000,0.0000,0.0023,-0.0025,-9.7991,0.0002,0.0018,-0.0003,0.700,0.700,0.700,0.700,51,0,240
240,2.400,0.0000,0.0000,0.0000,0.0023,-0.0025,-9.7991,0.0002,0.0018,-0.0003,0.700,0.700,0.700,0.700,51,0,241
241,2.410,0.0000,0.0000,0.0000,0.0023,-0.0025,-9.7991,0.0002,0.0018,-0.0003,0.700,0.700,0.700,0.700,51,0,242
242,2.420,0.0000,0.0000,0.0000,0.0023,-0.0025,-9.7991,0.0002,0.0018,-0.0003,0.700,0.700,0.700,0.700,51,0,243
243,2.430,0.0000,0.0000,0.0000,0.0023,-0.0025,-9.7991,0.0002,0.0018,-0.0003,0.700,0.700,0.700,0.700,51,0,244
244,2.440,0.0000,0.0000,0.0000,0.0023,-0.0025,-9.7991,0.0002,0.0018,-0.0003,0.700,0.700,0.700,0.700,51,0,245
245,2.450,0.0000,0.0000,0.0000,0.0023,-0.0025,-9.7991,0.0002,0.0018,-0.0003,0.700,0.700,0.700,0.700,51,0,246
246,2.460,0.0000,0.0000,0.0000,0.0023,-0.0025,-9.7991,0.0002,0.0018,-0.0003,0.700,0.700,0.700,0.700,51,0,247
247,2.470,0.0000,0.0000,0.0000,0.0023,-0.0025,-9.7991,0.0002,0.0018,-0.0003,0.700,0.700,0.700,0.700,51,0,248
248,2.480,0.0000,0.0000,0.0000,0.0023,-0.0025,-9.7991,0.0002,0.0018,-0.0003,0.700,0.700,0.700,0.700,51,0,249
249,2.490,0.0000,0.0000,0.0000,0.0023,-0.0025,-9.7991,0.0002,0.0018,-0.0003,0.700,0.700,0.700,0.700,51,0,250
250,2.500,0.0000,0.0000,0.0000,0.0023,-0.0025,-9.7991,0.0002,0.0018,-0.0003,0.700,0.700,0.700,0.700,51,0,251
251,2.510,0.0000,0.0000,0.0000,0.0023,-0.0025,-9.7991,0.0002,0.0018,-0.0003,0.700,0.700,0.700,0.700,51,0,252
252,2.520,0.0000,0.0000,0.0000,0.0023,-0.0025,-9.7991,0.0002,0.0018,-0.0003,0.700,0.700,0.700,0.700,51,0,253
253,2.530,0.0000,0.0000,0.0000,0.0023,-0.0025,-9.7991,0.0002,0.0018,-0.0003,0.700,0.700,0.700,0.700,51,0,254
254,2.540,0.0000,0.0000,0.0000,0.0023,-0.0025,-9.7991,0.0002,0.0018,-0.0003,0.700,0.700,0.700,0.700,51,0,255
255,2.550,0.0000,0.0000,0.0000,0.0023,-0.0025,-9.7991,0.0002,0.0018,-0.0003,0.700,0.700,0.700,0.700,51,0,256
256,2.560,0.0000,0.0000,0.0000,0.0023,-0.0025,-9.7991,0.0002,0.0018,-0.0003,0.700,0.700,0.700,0.700,51,0,257
257,2.570,0.0000,0.0000,0.0000,0.0023,-0.0025,-9.7991,0.0002,0.0018,-0.0003,0.700,0.700,0.700,0.700,51,0,258
258,2.580,0.0000,0.0000,0.0000,0.0023,-0.0025,-9.7991,0.0002,0.0018,-0.0003,0.700,0.700,0.700,0.700,51,0,259
259,2.590,0.0000,0.0000,0.0000,0.0023,-0.0025,-9.7991,0.0002,0.0018,-0.0003,0.700,0.700,0.700,0.700,51,0,260
260,2.600,0.0000,0.0000,0.0000,0.0023,-0.0025,-9.7991,0.0002,0.0018,-0.0003,0.700,0.700,0.700,0.700,51,0,261
261,2.610,0.0000,0.0000,0.0000,0.0023,-0.0025,-9.7991,0.0002,0.0018,-0.0003,0.700,0.700,0.700,0.700,51,0,262
262,2.620,0.0000,0.0000,0.0000,0.0023,-0.0025,-9.7991,0.0002,0.0018,-0.0003,0.700,0.700,0.700,0.700,51,0,263
263,2.630,0.0000,0.0000,0.0000,0.0023,-0.0025,-9.7991,0.0002,0.0018,-0.0003,0.700,0.700,0.700,0.700,51,0,264
264,2.640,0.0000,0.0000,0.0000,0.0023,-0.0025,-9.7991,0.0002,0.0018,-0.0003,0.700,0.700,0.700,0.700,51,0,265
265,2.650,0.0000,0.0000,0.0000,0.0023,-0.0025,-9.7991,0.0002,0.0018,-0.0003,0.700,0.700,0.700,0.700,51,0,266
266,2.660,0.0000,0.0000,0.0000,0.0023,-0.0025,-9.7991,0.0002,0.0018,-0.0003,0.700,0.700,0.700,0.700,51,0,267
267,2.670,0.0000,0.0000,0.0000,0.0023,-0.0025,-9.7991,0.0002,0.0018,-0.0003,0.700,0.700,0.700,0.700,51,0,268
268,2.680,0.0000,0.0000,0.0000,0.0023,-0.0025,-9.7991,0.0002,0.0018,-0.0003,0.700,0.700,0.700,0.700,51,0,269
269,2.690,0.0000,0.0000,0.0000,0.0023,-0.0025,-9.7991,0.0002,0.0018,-0.0003,0.700,0.700,0.700,0.700,51,0,270
270,2.700,0.0000,0.0000,0.0000,0.0023,-0.0025,-9.7991,0.0002,0.0018,-0.0003,0.700,0.700,0.700,0.700,51,0,271
271,2.710,0.0000,0.0000,0.0000,0.0023,-0.0025,-9.7991,0.0002,0.0018,-0.0003,0.700,0.700,0.700,0.700,51,0,272
272,2.720,0.0000,0.0000,0.0000,0.0023,-0.0025,-9.7991,0.0002,0.0018,-0.0003,0.700,0.700,0.700,0.700,51,0,273
273,2.730,0.0000,0.0000,0.0000,0.0023,-0.0025,-9.7991,0.0002,0.0018,-0.0003,0.700,0.700,0.700,0.700,51,0,274
274,2.740,0.0000,0.0000,0.0000,0.0023,-0.0025,-9.7991,0.0002,0.0018,-0.0003,0.700,0.700,0.700,0.700,51,0,275
275,2.750,0.0000,0.0000,0.0000,0.0023,-0.0025,-9.7991,0.0002,0.0018,-0.0003,0.700,0.700,0.700,0.700,51,0,276
276,2.760,0.0000,0.0000,0.0000,0.0023,-0.0025,-9.7991,0.0002,0.0018,-0.0003,0.700,0.700,0.700,0.700,51,0,277
277,2.770,0.0000,0.0000,0.0000,0.0023,-0.0025,-9.7991,0.0002,0.0018,-0.0003,0.700,0.700,0.700,0.700,51,0,278
278,2.780,0.0000,0.0000,0.0000,0.0023,-0.0025,-9.7991,0.0002,0.0018,-0.0003,0.700,0.700,0.700,0.700,51,0,279
279,2.790,0.0000,0.0000,0.0000,0.0023,-0.0025,-9.7991,0.0002,0.0018,-0.0003,0.700,0.700,0.700,0.700,51,0,280
280,2.800,0.0000,0.0000,0.0000,0.0023,-0.0025,-9.7991,0.0002,0.0018,-0.0003,0.700,0.700,0.700,0.700,51,0,281
281,2.810,0.0000,0.0000,0.0000,0.0023,-0.0025,-9.7991,0.0002,0.0018,-0.0003,0.700,0.700,0.700,0.700,51,0,282
282,2.820,0.0000,0.0000,0.0000,0.0023,-0.0025,-9.7991,0.0002,0.0018,-0.0003,0.700,0.700,0.700,0.700,51,0,283
283,2.830,0.0000,0.0000,0.0000,0.0023,-0.0025,-9.7991,0.0002,0.0018,-0.0003,0.700,0.700,0.700,0.700,51,0,284
284,2.840,0.0000,0.0000,0.0000,0.0023,-0.0025,-9.7991,0.0002,0.0018,-0.0003,0.700,0.700,0.700,0.700,51,0,285
285,2.850,0.0000,0.0000,0.0000,0.0023,-0.0025,-9.7991,0.0002,0.0018,-0.0003,0.700,0.700,0.700,0.700,51,0,286
286,2.860,0.0000,0.0000,0.0000,0.0023,-0.0025,-9.7991,0.0002,0.0018,-0.0003,0.700,0.700,0.700,0.700,51,0,287
287,2.870,0.0000,0.0000,0.0000,0.0023,-0.0025,-9.7991,0.0002,0.0018,-0.0003,0.700,0.700,0.700,0.700,51,0,288
288,2.880,0.0000,0.0000,0.0000,0.0023,-0.0025,-9.7991,0.0002,0.0018,-0.0003,0.700,0.700,0.700,0.700,51,0,289
289,2.890,0.0000,0.0000,0.0000,0.0023,-0.0025,-9.7991,0.0002,0.0018,-0.0003,0.700,0.700,0.700,0.700,51,0,290
290,2.900,0.0000,0.0000,0.0000,0.0023,-0.0025,-9.7991,0.0002,0.0018,-0.0003,0.700,0.700,0.700,0.700,51,0,291
291,2.910,0.0000,0.0000,0.0000,0.0023,-0.0025,-9.7991,0.0002,0.0018,-0.0003,0.700,0.700,0.700,0.700,51,0,292
292,2.920,0.0000,0.0000,0.0000,0.0023,-0.0025,-9.7991,0.0002,0.0018,-0.0003,0.700,0.700,0.700,0.700,51,0,293
293,2.930,0.0000,0.0000,0.0000,0.0023,-0.0025,-9.7991,0.0002,0.0018,-0.0003,0.700,0.700,0.700,0.700,51,0,294
294,2.940,0.0000,0.0000,0.0000,0.0023,-0.0025,-9.7991,0.0002,0.0018,-0.0003,0.700,0.700,0.700,0.700,51,0,295
295,2.950,0.0000,0.0000,0.0000,0.0023,-0.0025,-9.7991,0.0002,0.0018,-0.0003,0.700,0.700,0.700,0.700,51,0,296
296,2.960,0.0000,0.0000,0.0000,0.0023,-0.0025,-9.7991,0.0002,0.0018,-0.0003,0.700,0.700,0.700,0.700,51,0,297
297,2.970,0.0000,0.0000,0.0000,0.0023,-0.0025,-9.7991,0.0002,0.0018,-0.0003,0.700,0.700,0.700,0.700,51,0,298
298,2.980,0.0000,0.0000,0.0000,0.0023,-0.0025,-9.7991,0.0002,0.0018,-0.0003,0.700,0.700,0.700,0.700,51,0,299
299,2.990,0.0000,0.0000,0.0000,0.0023,-0.0025,-9.7991,0.0002,0.0018,-0.0003,0.700,0.700,0.700,0.700,51,0,300
300,3.000,0.0000,0.0000,0.0000,0.0023,-0.0025,-9.7991,0.0002,0.0018,-0.0003,0.700,0.700,0.700,0.700,51,0,301
301,3.010,0.0000,0.0000,0.0000,0.0023,-0.0025,-9.7991,0.0002,0.0018,-0.0003,0.700,0.700,0.700,0.700,51,0,302
302,3.020,0.0000,0.0000,0.0000,0.0023,-0.0025,-9.7991,0.0002,0.0018,-0.0003,0.700,0.700,0.700,0.700,51,0,303
303,3.030,0.0000,0.0000,0.0000,0.0023,-0.0025,-9.7991,0.0002,0.0018,-0.0003,0.700,0.700,0.700,0.700,51,0,304
304,3.040,0.0000,0.0000,0.0000,0.0023,-0.0025,-9.7991,0.0002,0.0018,-0.0003,0.700,0.700,0.700,0.700,51,0,305
305,3.050,0.0000,0.0000,0.0000,0.0023,-0.0025,-9.7991,0.0002,0.0018,-0.0003,0.700,0.700,0.700,0.700,51,0,306
306,3.060,0.0000,0.0000,0.0000,0.0023,-0.0025,-9.7991,0.0002,0.0018,-0.0003,0.700,0.700,0.700,0.700,51,0,307
307,3.070,0.0000,0.0000,0.0000,0.0023,-0.0025,-9.7991,0.0002,0.0018,-0.0003,0.700,0.700,0.700,0.700,51,0,308
308,3.080,0.0000,0.0000,0.0000,0.0023,-0.0025,-9.7991,0.0002,0.0018,-0.0003,0.700,0.700,0.700,0.700,51,0,309
309,3.090,0.0000,0.0000,0.0000,0.0023,-0.0025,-9.7991,0.0002,0.0018,-0.0003,0.700,0.700,0.700,0.700,51,0,310
310,3.100,0.0000,0.0000,0.0000,0.0023,-0.0025,-9.7991,0.0002,0.0018,-0.0003,0.700,0.700,0.700,0.700,51,0,311
311,3.110,0.0000,0.0000,0.0000,0.0023,-0.0025,-9.7991,0.0002,0.0018,-0.0003,0.700,0.700,0.700,0.700,51,0,312
312,3.120,0.0000,0.0000,0.0000,0.0023,-0.0025,-9.7991,0.0002,0.0018,-0.0003,0.700,0.700,0.700,0.700,51,0,313
313,3.130,0.0000,0.0000,0.0000,0.0023,-0.0025,-9.7991,0.0002,0.0018,-0.0003,0.700,0.700,0.700,0.700,51,0,314
314,3.140,0.0000,0.0000,0.0000,0.0023,-0.0025,-9.7991,0.0002,0.0018,-0.0003,0.700,0.700,0.700,0.700,51,0,315
315,3.150,0.0000,0.0000,0.0000,0.0023,-0.0025,-9.7991,0.0002,0.0018,-0.0003,0.700,0.700,0.700,0.700,51,0,316
316,3.160,0.0000,0.0000,0.0000,0.0023,-0.0025,-9.7991,0.0002,0.0018,-0.0003,0.700,0.700,0.700,0.700,51,0,317
317,3.170,0.0000,0.0000,0.0000,0.0023,-0.0025,-9.7991,0.0002,0.0018,-0.0003,0.700,0.700,0.700,0.700,51,0,318
318,3.180,0.0000,0.0000,0.0000,0.0023,-0.0025,-9.7991,0.0002,0.0018,-0.0003,0.700,0.700,0.700,0.700,51,0,319
319,3.190,0.0000,0.0000,0.0000,0.0023,-0.0025,-9.7991,0.0002,0.0018,-0.0003,0.700,0.700,0.700,0.700,51,0,320
320,3.200,0.0000,0.0000,0.0000,0.0023,-0.0025,-9.7991,0.0002,0.0018,-0.0003,0.700,0.700,0.700,0.700,51,0,321
321,3.210,0.0000,0.0000,0.0000,0.0023,-0.0025,-9.7991,0.0002,0.0018,-0.0003,0.700,0.700,0.700,0.700,51,0,322
322,3.220,0.0000,0.0000,0.0000,0.0023,-0.0025,-9.7991,0.0002,0.0018,-0.0003,0.700,0.700,0.700,0.700,51,0,323
323,3.230,0.0000,0.0000,0.0000,0.0023,-0.0025,-9.7991,0.0002,0.0018,-0.0003,0.700,0.700,0.700,0.700,51,0,324
324,3.240,0.0000,0.0000,0.0000,0.0023,-0.0025,-9.7991,0.0002,0.0018,-0.0003,0.700,0.700,0.700,0.700,51,0,325
325,3.250,0.0000,0.0000,0.0000,0.0023,-0.0025,-9.7991,0.0002,0.0018,-0.0003,0.700,0.700,0.700,0.700,51,0,326
326,3.260,0.0000,0.0000,0.0000,0.0023,-0.0025,-9.7991,0.0002,0.0018,-0.0003,0.700,0.700,0.700,0.700,51,0,327
327,3.270,0.0000,0.0000,0.0000,0.0023,-0.0025,-9.7991,0.0002,0.0018,-0.0003,0.700,0.700,0.700,0.700,51,0,328
328,3.280,0.0000,0.0000,0.0000,0.0023,-0.0025,-9.7991,0.0002,0.0018,-0.0003,0.700,0.700,0.700,0.700,51,0,329
329,3.290,0.0000,0.0000,0.0000,0.0023,-0.0025,-9.7991,0.0002,0.0018,-0.0003,0.700,0.700,0.700,0.700,51,0,330
330,3.300,0.0000,0.0000,0.0000,0.0023,-0.0025,-9.7991,0.0002,0.0018,-0.0003,0.700,0.700,0.700,0.700,51,0,331
331,3.310,0.0000,0.0000,0.0000,0.0023,-0.0025,-9.7991,0.0002,0.0018,-0.0003,0.700,0.700,0.700,0.700,51,0,332
332,3.320,0.0000,0.0000,0.0000,0.0023,-0.0025,-9.7991,0.0002,0.0018,-0.0003,0.700,0.700,0.700,0.700,51,0,333
333,3.330,0.0000,0.0000,0.0000,0.0023,-0.0025,-9.7991,0.0002,0.0018,-0.0003,0.700,0.700,0.700,0.700,51,0,334
334,3.340,0.0000,0.0000,0.0000,0.0023,-0.0025,-9.7991,0.0002,0.0018,-0.0003,0.700,0.700,0.700,0.700,51,0,335
335,3.350,0.0000,0.0000,0.0000,0.0023,-0.0025,-9.7991,0.0002,0.0018,-0.0003,0.700,0.700,0.700,0.700,51,0,336
336,3.360,0.0000,0.0000,0.0000,0.0023,-0.0025,-9.7991,0.0002,0.0018,-0.0003,0.700,0.700,0.700,0.700,51,0,337
337,3.370,0.0000,0.0000,0.0000,0.0023,-0.0025,-9.7991,0.0002,0.0018,-0.0003,0.700,0.700,0.700,0.700,51,0,338
338,3.380,0.0000,0.0000,0.0000,0.0023,-0.0025,-9.7991,0.0002,0.0018,-0.0003,0.700,0.700,0.700,0.700,51,0,339
339,3.390,0.0000,0.0000,0.0000,0.0023,-0.0025,-9.7991,0.0002,0.0018,-0.0003,0.700,0.700,0.700,0.700,51,0,340
340,3.400,0.0000,0.0000,0.0000,0.0023,-0.0025,-9.7991,0.0002,0.0018,-0.0003,0.700,0.700,0.700,0.700,51,0,341
341,3.410,0.0000,0.0000,0.0000,0.0023,-0.0025,-9.7991,0.0002,0.0018,-0.0003,0.700,0.700,0.700,0.700,51,0,342
342,3.420,0.0000,0.0000,0.0000,0.0023,-0.0025,-9.7991,0.0002,0.0018,-0.0003,0.700,0.700,0.700,0.700,51,0,343
343,3.430,0.0000,0.0000,0.0000,0.0023,-0.0025,-9.7991,0.0002,0.0018,-0.0003,0.700,0.700,0.700,0.700,51,0,344
344,3.440,0.0000,0.0000,0.0000,0.0023,-0.0025,-9.7991,0.0002,0.0018,-0.0003,0.700,0.700,0.700,0.700,51,0,345
345,3.450,0.0000,0.0000,0.0000,0.0023,-0.0025,-9.7991,0.0002,0.0018,-0.0003,0.700,0.700,0.700,0.700,51,0,346
346,3.460,0.0000,0.0000,0.0000,0.0023,-0.0025,-9.7991,0.0002,0.0018,-0.0003,0.700,0.700,0.700,0.700,51,0,347
347,3.470,0.0000,0.0000,0.0000,0.0023,-0.0025,-9.7991,0.0002,0.0018,-0.0003,0.700,0.700,0.700,0.700,51,0,348
348,3.480,0.0000,0.0000,0.0000,0.0023,-0.0025,-9.7991,0.0002,0.0018,-0.0003,0.700,0.700,0.700,0.700,51,0,349
349,3.490,0.0000,0.0000,0.0000,0.0023,-0.0025,-9.7991,0.0002,0.0018,-0.0003,0.700,0.700,0.700,0.700,51,0,350
350,3.500,0.0000,0.0000,0.0000,0.0023,-0.0025,-9.7991,0.0002,0.0018,-0.0003,0.700,0.700,0.700,0.700,51,0,351
351,3.510,0.0000,0.0000,0.0000,0.0023,-0.0025,-9.7991,0.0002,0.0018,-0.0003,0.700,0.700,0.700,0.700,51,0,352
352,3.520,0.0000,0.0000,0.0000,0.0023,-0.0025,-9.7991,0.0002,0.0018,-0.0003,0.700,0.700,0.700,0.700,51,0,353
353,3.530,0.0000,0.0000,0.0000,0.0023,-0.0025,-9.7991,0.0002,0.0018,-0.0003,0.700,0.700,0.700,0.700,51,0,354
354,3.540,0.0000,0.0000,0.0000,0.0023,-0.0025,-9.7991,0.0002,0.0018,-0.0003,0.700,0.700,0.700,0.700,51,0,355
355,3.550,0.0000,0.0000,0.0000,0.0023,-0.0025,-9.7991,0.0002,0.0018,-0.0003,0.700,0.700,0.700,0.700,51,0,356
356,3.560,0.0000,0.0000,0.0000,0.0023,-0.0025,-9.7991,0.0002,0.0018,-0.0003,0.700,0.700,0.700,0.700,51,0,357
357,3.570,0.0000,0.0000,0.0000,0.0023,-0.0025,-9.7991,0.0002,0.0018,-0.0003,0.700,0.700,0.700,0.700,51,0,358
358,3.580,0.0000,0.0000,0.0000,0.0023,-0.0025,-9.7991,0.0002,0.0018,-0.0003,0.700,0.700,0.700,0.700,51,0,359
359,3.590,0.0000,0.0000,0.0000,0.0023,-0.0025,-9.7991,0.0002,0.0018,-0.0003,0.700,0.700,0.700,0.700,51,0,360
360,3.600,0.0000,0.0000,0.0000,0.0023,-0.0025,-9.7991,0.0002,0.0018,-0.0003,0.700,0.700,0.700,0.700,51,0,361
361,3.610,0.0000,0.0000,0.0000,0.0023,-0.0025,-9.7991,0.0002,0.0018,-0.0003,0.700,0.700,0.700,0.700,51,0,362
362,3.620,0.0000,0.0000,0.0000,0.0023,-0.0025,-9.7991,0.0002,0.0018,-0.0003,0.700,0.700,0.700,0.700,51,0,363
363,3.630,0.0000,0.0000,0.0000,0.0023,-0.0025,-9.7991,0.0002,0.0018,-0.0003,0.700,0.700,0.700,0.700,51,0,364
364,3.640,0.0000,0.0000,0.0000,0.0023,-0.0025,-9.7991,0.0002,0.0018,-0.0003,0.700,0.700,0.700,0.700,51,0,365
365,3.650,0.0000,0.0000,0.0000,0.0023,-0.0025,-9.7991,0.0002,0.0018,-0.0003,0.700,0.700,0.700,0.700,51,0,366
366,3.660,0.0000,0.0000,0.0000,0.0023,-0.0025,-9.7991,0.0002,0.0018,-0.0003,0.700,0.700,0.700,0.700,51,0,367
367,3.670,0.0000,0.0000,0.0000,0.0023,-0.0025,-9.7991,0.0002,0.0018,-0.0003,0.700,0.700,0.700,0.700,51,0,368
368,3.680,0.0000,0.0000,0.0000,0.0023,-0.0025,-9.7991,0.0002,0.0018,-0.0003,0.700,0.700,0.700,0.700,51,0,369
369,3.690,0.0000,0.0000,0.0000,0.0023,-0.0025,-9.7991,0.0002,0.0018,-0.0003,0.700,0.700,0.700,0.700,51,0,370
370,3.700,0.0000,0.0000,0.0000,0.0023,-0.0025,-9.7991,0.0002,0.0018,-0.0003,0.700,0.700,0.700,0.700,51,0,371
371,3.710,0.0000,0.0000,0.0000,0.0023,-0.0025,-9.7991,0.0002,0.0018,-0.0003,0.700,0.700,0.700,0.700,51,0,372
372,3.720,0.0000,0.0000,0.0000,0.0023,-0.0025,-9.7991,0.0002,0.0018,-0.0003,0.700,0.700,0.700,0.700,51,0,373
373,3.730,0.0000,0.0000,0.0000,0.0023,-0.0025,-9.7991,0.0002,0.0018,-0.0003,0.700,0.700,0.700,0.700,51,0,374
374,3.740,0.0000,0.0000,0.0000,0.0023,-0.0025,-9.7991,0.0002,0.0018,-0.0003,0.700,0.700,0.700,0.700,51,0,375
375,3.750,0.0000,0.0000,0.0000,0.0023,-0.0025,-9.7991,0.0002,0.0018,-0.0003,0.700,0.700,0.700,0.700,51,0,376
376,3.760,0.0000,0.0000,0.0000,0.0023,-0.0025,-9.7991,0.0002,0.0018,-0.0003,0.700,0.700,0.700,0.700,51,0,377
377,3.770,0.0000,0.0000,0.0000,0.0023,-0.0025,-9.7991,0.0002,0.0018,-0.0003,0.700,0.700,0.700,0.700,51,0,378
378,3.780,0.0000,0.0000,0.0000,0.0023,-0.0025,-9.7991,0.0002,0.0018,-0.0003,0.700,0.700,0.700,0.700,51,0,379
379,3.790,0.0000,0.0000,0.0000,0.0023,-0.0025,-9.7991,0.0002,0.0018,-0.0003,0.700,0.700,0.700,0.700,51,0,380
380,3.800,0.0000,0.0000,0.0000,0.0023,-0.0025,-9.7991,0.0002,0.0018,-0.0003,0.700,0.700,0.700,0.700,51,0,381
381,3.810,0.0000,0.0000,0.0000,0.0023,-0.0025,-9.7991,0.0002,0.0018,-0.0003,0.700,0.700,0.700,0.700,51,0,382
382,3.820,0.0000,0.0000,0.0000,0.0023,-0.0025,-9.7991,0.0002,0.0018,-0.0003,0.700,0.700,0.700,0.700,51,0,383
383,3.830,0.0000,0.0000,0.0000,0.0023,-0.0025,-9.7991,0.0002,0.0018,-0.0003,0.700,0.700,0.700,0.700,51,0,384
384,3.840,0.0000,0.0000,0.0000,0.0023,-0.0025,-9.7991,0.0002,0.0018,-0.0003,0.700,0.700,0.700,0.700,51,0,385
385,3.850,0.0000,0.0000,0.0000,0.0023,-0.0025,-9.7991,0.0002,0.0018,-0.0003,0.700,0.700,0.700,0.700,51,0,386
386,3.860,0.0000,0.0000,0.0000,0.0023,-0.0025,-9.7991,0.0002,0.0018,-0.0003,0.700,0.700,0.700,0.700,51,0,387
387,3.870,0.0000,0.0000,0.0000,0.0023,-0.0025,-9.7991,0.0002,0.0018,-0.0003,0.700,0.700,0.700,0.700,51,0,388
388,3.880,0.0000,0.0000,0.0000,0.0023,-0.0025,-9.7991,0.0002,0.0018,-0.0003,0.700,0.700,0.700,0.700,51,0,389
389,3.890,0.0000,0.0000,0.0000,0.0023,-0.0025,-9.7991,0.0002,0.0018,-0.0003,0.700,0.700,0.700,0.700,51,0,390
390,3.900,0.0000,0.0000,0.0000,0.0023,-0.0025,-9.7991,0.0002,0.0018,-0.0003,0.700,0.700,0.700,0.700,51,0,391
391,3.910,0.0000,0.0000,0.0000,0.0023,-0.0025,-9.7991,0.0002,0.0018,-0.0003,0.700,0.700,0.700,0.700,51,0,392
392,3.920,0.0000,0.0000,0.0000,0.0023,-0.0025,-9.7991,0.0002,0.0018,-0.0003,0.700,0.700,0.700,0.700,51,0,393
393,3.930,0.0000,0.0000,0.0000,0.0023,-0.0025,-9.7991,0.0002,0.0018,-0.0003,0.700,0.700,0.700,0.700,51,0,394
394,3.940,0.0000,0.0000,0.0000,0.0023,-0.0025,-9.7991,0.0002,0.0018,-0.0003,0.700,0.700,0.700,0.700,51,0,395
395,3.950,0.0000,0.0000,0.0000,0.0023,-0.0025,-9.7991,0.0002,0.0018,-0.0003,0.700,0.700,0.700,0.700,51,0,396
396,3.960,0.0000,0.0000,0.0000,0.0023,-0.0025,-9.7991,0.0002,0.0018,-0.0003,0.700,0.700,0.700,0.700,51,0,397
397,3.970,0.0000,0.0000,0.0000,0.0023,-0.0025,-9.7991,0.0002,0.0018,-0.0003,0.700,0.700,0.700,0.700,51,0,398
398,3.980,0.0000,0.0000,0.0000,0.0023,-0.0025,-9.7991,0.0002,0.0018,-0.0003,0.700,0.700,0.700,0.700,51,0,399
399,3.990,0.0000,0.0000,0.0000,0.0023,-0.0025,-9.7991,0.0002,0.0018,-0.0003,0.700,0.700,0.700,0.700,51,0,400
400,4.000,0.0000,0.0000,0.0000,0.0023,-0.0025,-9.7991,0.0002,0.0018,-0.0003,0.700,0.700,0.700,0.700,51,0,401
401,4.010,0.0000,0.0000,0.0000,0.0023,-0.0025,-9.7991,0.0002,0.0018,-0.0003,0.700,0.700,0.700,0.700,51,0,402
402,4.020,0.0000,0.0000,0.0000,0.0023,-0.0025,-9.7991,0.0002,0.0018,-0.0003,0.700,0.700,0.700,0.700,51,0,403
403,4.030,0.0000,0.0000,0.0000,0.0023,-0.0025,-9.7991,0.0002,0.0018,-0.0003,0.700,0.700,0.700,0.700,51,0,404
404,4.040,0.0000,0.0000,0.0000,0.0023,-0.0025,-9.7991,0.0002,0.0018,-0.0003,0.700,0.700,0.700,0.700,51,0,405
405,4.050,0.0000,0.0000,0.0000,0.0023,-0.0025,-9.7991,0.0002,0.0018,-0.0003,0.700,0.700,0.700,0.700,51,0,406
406,4.060,0.0000,0.0000,0.0000,0.0023,-0.0025,-9.7991,0.0002,0.0018,-0.0003,0.700,0.700,0.700,0.700,51,0,407
407,4.070,0.0000,0.0000,0.0000,0.0023,-0.0025,-9.7991,0.0002,0.0018,-0.0003,0.700,0.700,0.700,0.700,51,0,408
408,4.080,0.0000,0.0000,0.0000,0.0023,-0.0025,-9.7991,0.0002,0.0018,-0.0003,0.700,0.700,0.700,0.700,51,0,409
409,4.090,0.0000,0.0000,0.0000,0.0023,-0.0025,-9.7991,0.0002,0.0018,-0.0003,0.700,0.700,0.700,0.700,51,0,410
410,4.100,0.0000,0.0000,0.0000,0.0023,-0.0025,-9.7991,0.0002,0.0018,-0.0003,0.700,0.700,0.700,0.700,51,0,411
411,4.110,0.0000,0.0000,0.0000,0.0023,-0.0025,-9.7991,0.0002,0.0018,-0.0003,0.700,0.700,0.700,0.700,51,0,412
412,4.120,0.0000,0.0000,0.0000,0.0023,-0.0025,-9.7991,0.0002,0.0018,-0.0003,0.700,0.700,0.700,0.700,51,0,413
413,4.130,0.0000,0.0000,0.0000,0.0023,-0.0025,-9.7991,0.0002,0.0018,-0.0003,0.700,0.700,0.700,0.700,51,0,414
414,4.140,0.0000,0.0000,0.0000,0.0023,-0.0025,-9.7991,0.0002,0.0018,-0.0003,0.700,0.700,0.700,0.700,51,0,415
415,4.150,0.0000,0.0000,0.0000,0.0023,-0.0025,-9.7991,0.0002,0.0018,-0.0003,0.700,0.700,0.700,0.700,51,0,416
416,4.160,0.0000,0.0000,0.0000,0.0023,-0.0025,-9.7991,0.0002,0.0018,-0.0003,0.700,0.700,0.700,0.700,51,0,417
417,4.170,0.0000,0.0000,0.0000,0.0023,-0.0025,-9.7991,0.0002,0.0018,-0.0003,0.700,0.700,0.700,0.700,51,0,418
418,4.180,0.0000,0.0000,0.0000,0.0023,-0.0025,-9.7991,0.0002,0.0018,-0.0003,0.700,0.700,0.700,0.700,51,0,419
419,4.190,0.0000,0.0000,0.0000,0.0023,-0.0025,-9.7991,0.0002,0.0018,-0.0003,0.700,0.700,0.700,0.700,51,0,420
420,4.200,0.0000,0.0000,0.0000,0.0023,-0.0025,-9.7991,0.0002,0.0018,-0.0003,0.700,0.700,0.700,0.700,51,0,421
421,4.210,0.0000,0.0000,0.0000,0.0023,-0.0025,-9.7991,0.0002,0.0018,-0.0003,0.700,0.700,0.700,0.700,51,0,422
422,4.220,0.0000,0.0000,0.0000,0.0023,-0.0025,-9.7991,0.0002,0.0018,-0.0003,0.700,0.700,0.700,0.700,51,0,423
423,4.230,0.0000,0.0000,0.0000,0.0023,-0.0025,-9.7991,0.0002,0.0018,-0.0003,0.700,0.700,0.700,0.700,51,0,424
424,4.240,0.0000,0.0000,0.0000,0.0023,-0.0025,-9.7991,0.0002,0.0018,-0.0003,0.700,0.700,0.700,0.700,51,0,425
425,4.250,0.0000,0.0000,0.0000,0.0023,-0.0025,-9.7991,0.0002,0.0018,-0.0003,0.700,0.700,0.700,0.700,51,0,426
426,4.260,0.0000,0.0000,0.0000,0.0023,-0.0025,-9.7991,0.0002,0.0018,-0.0003,0.700,0.700,0.700,0.700,51,0,427
427,4.270,0.0000,0.0000,0.0000,0.0023,-0.0025,-9.7991,0.0002,0.0018,-0.0003,0.700,0.700,0.700,0.700,51,0,428
428,4.280,0.0000,0.0000,0.0000,0.0023,-0.0025,-9.7991,0.0002,0.0018,-0.0003,0.700,0.700,0.700,0.700,51,0,429
429,4.290,0.0000,0.0000,0.0000,0.0023,-0.0025,-9.7991,0.0002,0.0018,-0.0003,0.700,0.700,0.700,0.700,51,0,430
430,4.300,0.0000,0.0000,0.0000,0.0023,-0.0025,-9.7991,0.0002,0.0018,-0.0003,0.700,0.700,0.700,0.700,51,0,431
431,4.310,0.0000,0.0000,0.0000,0.0023,-0.0025,-9.7991,0.0002,0.0018,-0.0003,0.700,0.700,0.700,0.700,51,0,432
432,4.320,0.0000,0.0000,0.0000,0.0023,-0.0025,-9.7991,0.0002,0.0018,-0.0003,0.700,0.700,0.700,0.700,51,0,433
433,4.330,0.0000,0.0000,0.0000,0.0023,-0.0025,-9.7991,0.0002,0.0018,-0.0003,0.700,0.700,0.700,0.700,51,0,434
434,4.340,0.0000,0.0000,0.0000,0.0023,-0.0025,-9.7991,0.0002,0.0018,-0.0003,0.700,0.700,0.700,0.700,51,0,435
435,4.350,0.0000,0.0000,0.0000,0.0023,-0.0025,-9.7991,0.0002,0.0018,-0.0003,0.700,0.700,0.700,0.700,51,0,436
436,4.360,0.0000,0.0000,0.0000,0.0023,-0.0025,-9.7991,0.0002,0.0018,-0.0003,0.700,0.700,0.700,0.700,51,0,437
437,4.370,0.0000,0.0000,0.0000,0.0023,-0.0025,-9.7991,0.0002,0.0018,-0.0003,0.700,0.700,0.700,0.700,51,0,438
438,4.380,0.0000,0.0000,0.0000,0.0023,-0.0025,-9.7991,0.0002,0.0018,-0.0003,0.700,0.700,0.700,0.700,51,0,439
439,4.390,0.0000,0.0000,0.0000,0.0023,-0.0025,-9.7991,0.0002,0.0018,-0.0003,0.700,0.700,0.700,0.700,51,0,440
440,4.400,0.0000,0.0000,0.0000,0.0023,-0.0025,-9.7991,0.0002,0.0018,-0.0003,0.700,0.700,0.700,0.700,51,0,441
441,4.410,0.0000,0.0000,0.0000,0.0023,-0.0025,-9.7991,0.0002,0.0018,-0.0003,0.700,0.700,0.700,0.700,51,0,442
442,4.420,0.0000,0.0000,0.0000,0.0023,-0.0025,-9.7991,0.0002,0.0018,-0.0003,0.700,0.700,0.700,0.700,51,0,443
443,4.430,0.0000,0.0000,0.0000,0.0023,-0.0025,-9.7991,0.0002,0.0018,-0.0003,0.700,0.700,0.700,0.700,51,0,444
444,4.440,0.0000,0.0000,0.0000,0.0023,-0.0025,-9.7991,0.0002,0.0018,-0.0003,0.700,0.700,0.700,0.700,51,0,445
445,4.450,0.0000,0.0000,0.0000,0.0023,-0.0025,-9.7991,0.0002,0.0018,-0.0003,0.700,0.700,0.700,0.700,51,0,446
446,4.460,0.0000,0.0000,0.0000,0.0023,-0.0025,-9.7991,0.0002,0.0018,-0.0003,0.700,0.700,0.700,0.700,51,0,447
447,4.470,0.0000,0.0000,0.0000,0.0023,-0.0025,-9.7991,0.0002,0.0018,-0.0003,0.700,0.700,0.700,0.700,51,0,448
448,4.480,0.0000,0.0000,0.0000,0.0023,-0.0025,-9.7991,0.0002,0.0018,-0.0003,0.700,0.700,0.700,0.700,51,0,449
449,4.490,0.0000,0.0000,0.0000,0.0023,-0.0025,-9.7991,0.0002,0.0018,-0.0003,0.700,0.700,0.700,0.700,51,0,450
450,4.500,0.0000,0.0000,0.0000,0.0023,-0.0025,-9.7991,0.0002,0.0018,-0.0003,0.700,0.700,0.700,0.700,51,0,451
451,4.510,0.0000,0.0000,0.0000,0.0023,-0.0025,-9.7991,0.0002,0.0018,-0.0003,0.700,0.700,0.700,0.700,51,0,452
452,4.520,0.0000,0.0000,0.0000,0.0023,-0.0025,-9.7991,0.0002,0.0018,-0.0003,0.700,0.700,0.700,0.700,51,0,453
453,4.530,0.0000,0.0000,0.0000,0.0023,-0.0025,-9.7991,0.0002,0.0018,-0.0003,0.700,0.700,0.700,0.700,51,0,454
454,4.540,0.0000,0.0000,0.0000,0.0023,-0.0025,-9.7991,0.0002,0.0018,-0.0003,0.700,0.700,0.700,0.700,51,0,455
455,4.550,0.0000,0.0000,0.0000,0.0023,-0.0025,-9.7991,0.0002,0.0018,-0.0003,0.700,0.700,0.700,0.700,51,0,456
456,4.560,0.0000,0.0000,0.0000,0.0023,-0.0025,-9.7991,0.0002,0.0018,-0.0003,0.700,0.700,0.700,0.700,51,0,457
457,4.570,0.0000,0.0000,0.0000,0.0023,-0.0025,-9.7991,0.0002,0.0018,-0.0003,0.700,0.700,0.700,0.700,51,0,458
458,4.580,0.0000,0.0000,0.0000,0.0023,-0.0025,-9.7991,0.0002,0.0018,-0.0003,0.700,0.700,0.700,0.700,51,0,459
459,4.590,0.0000,0.0000,0.0000,0.0023,-0.0025,-9.7991,0.0002,0.0018,-0.0003,0.700,0.700,0.700,0.700,51,0,460
460,4.600,0.0000,0.0000,0.0000,0.0023,-0.0025,-9.7991,0.0002,0.0018,-0.0003,0.700,0.700,0.700,0.700,51,0,461
461,4.610,0.0000,0.0000,0.0000,0.0023,-0.0025,-9.7991,0.0002,0.0018,-0.0003,0.700,0.700,0.700,0.700,51,0,462
462,4.620,0.0000,0.0000,0.0000,0.0023,-0.0025,-9.7991,0.0002,0.0018,-0.0003,0.700,0.700,0.700,0.700,51,0,463
463,4.630,0.0000,0.0000,0.0000,0.0023,-0.0025,-9.7991,0.0002,0.0018,-0.0003,0.700,0.700,0.700,0.700,51,0,464
464,4.640,0.0000,0.0000,0.0000,0.0023,-0.0025,-9.7991,0.0002,0.0018,-0.0003,0.700,0.700,0.700,0.700,51,0,465
465,4.650,0.0000,0.0000,0.0000,0.0023,-0.0025,-9.7991,0.0002,0.0018,-0.0003,0.700,0.700,0.700,0.700,51,0,466
466,4.660,0.0000,0.0000,0.0000,0.0023,-0.0025,-9.7991,0.0002,0.0018,-0.0003,0.700,0.700,0.700,0.700,51,0,467
467,4.670,0.0000,0.0000,0.0000,0.0023,-0.0025,-9.7991,0.0002,0.0018,-0.0003,0.700,0.700,0.700,0.700,51,0,468
468,4.680,0.0000,0.0000,0.0000,0.0023,-0.0025,-9.7991,0.0002,0.0018,-0.0003,0.700,0.700,0.700,0.700,51,0,469
469,4.690,0.0000,0.0000,0.0000,0.0023,-0.0025,-9.7991,0.0002,0.0018,-0.0003,0.700,0.700,0.700,0.700,51,0,470
470,4.700,0.0000,0.0000,0.0000,0.0023,-0.0025,-9.7991,0.0002,0.0018,-0.0003,0.700,0.700,0.700,0.700,51,0,471
471,4.710,0.0000,0.0000,0.0000,0.0023,-0.0025,-9.7991,0.0002,0.0018,-0.0003,0.700,0.700,0.700,0.700,51,0,472
472,4.720,0.0000,0.0000,0.0000,0.0023,-0.0025,-9.7991,0.0002,0.0018,-0.0003,0.700,0.700,0.700,0.700,51,0,473
473,4.730,0.0000,0.0000,0.0000,0.0023,-0.0025,-9.7991,0.0002,0.0018,-0.0003,0.700,0.700,0.700,0.700,51,0,474
474,4.740,0.0000,0.0000,0.0000,0.0023,-0.0025,-9.7991,0.0002,0.0018,-0.0003,0.700,0.700,0.700,0.700,51,0,475
475,4.750,0.0000,0.0000,0.0000,0.0023,-0.0025,-9.7991,0.0002,0.0018,-0.0003,0.700,0.700,0.700,0.700,51,0,476
476,4.760,0.0000,0.0000,0.0000,0.0023,-0.0025,-9.7991,0.0002,0.0018,-0.0003,0.700,0.700,0.700,0.700,51,0,477
477,4.770,0.0000,0.0000,0.0000,0.0023,-0.0025,-9.7991,0.0002,0.0018,-0.0003,0.700,0.700,0.700,0.700,51,0,478
478,4.780,0.0000,0.0000,0.0000,0.0023,-0.0025,-9.7991,0.0002,0.0018,-0.0003,0.700,0.700,0.700,0.700,51,0,479
479,4.790,0.0000,0.0000,0.0000,0.0023,-0.0025,-9.7991,0.0002,0.0018,-0.0003,0.700,0.700,0.700,0.700,51,0,480
480,4.800,0.0000,0.0000,0.0000,0.0023,-0.0025,-9.7991,0.0002,0.0018,-0.0003,0.700,0.700,0.700,0.700,51,0,481
481,4.810,0.0000,0.0000,0.0000,0.0023,-0.0025,-9.7991,0.0002,0.0018,-0.0003,0.700,0.700,0.700,0.700,51,0,482
482,4.820,0.0000,0.0000,0.0000,0.0023,-0.0025,-9.7991,0.0002,0.0018,-0.0003,0.700,0.700,0.700,0.700,51,0,483
483,4.830,0.0000,0.0000,0.0000,0.0023,-0.0025,-9.7991,0.0002,0.0018,-0.0003,0.700,0.700,0.700,0.700,51,0,484
484,4.840,0.0000,0.0000,0.0000,0.0023,-0.0025,-9.7991,0.0002,0.0018,-0.0003,0.700,0.700,0.700,0.700,51,0,485
485,4.850,0.0000,0.0000,0.0000,0.0023,-0.0025,-9.7991,0.0002,0.0018,-0.0003,0.700,0.700,0.700,0.700,51,0,486
486,4.860,0.0000,0.0000,0.0000,0.0023,-0.0025,-9.7991,0.0002,0.0018,-0.0003,0.700,0.700,0.700,0.700,51,0,487
487,4.870,0.0000,0.0000,0.0000,0.0023,-0.0025,-9.7991,0.0002,0.0018,-0.0003,0.700,0.700,0.700,0.700,51,0,488
488,4.880,0.0000,0.0000,0.0000,0.0023,-0.0025,-9.7991,0.0002,0.0018,-0.0003,0.700,0.700,0.700,0.700,51,0,489
489,4.890,0.0000,0.0000,0.0000,0.0023,-0.0025,-9.7991,0.0002,0.0018,-0.0003,0.700,0.700,0.700,0.700,51,0,490
490,4.900,0.0000,0.0000,0.0000,0.0023,-0.0025,-9.7991,0.0002,0.0018,-0.0003,0.700,0.700,0.700,0.700,51,0,491
491,4.910,0.0000,0.0000,0.0000,0.0023,-0.0025,-9.7991,0.0002,0.0018,-0.0003,0.700,0.700,0.700,0.700,51,0,492
492,4.920,0.0000,0.0000,0.0000,0.0023,-0.0025,-9.7991,0.0002,0.0018,-0.0003,0.700,0.700,0.700,0.700,51,0,493
493,4.930,0.0000,0.0000,0.0000,0.0023,-0.0025,-9.7991,0.0002,0.0018,-0.0003,0.700,0.700,0.700,0.700,51,0,494
494,4.940,0.0000,0.0000,0.0000,0.0023,-0.0025,-9.7991,0.0002,0.0018,-0.0003,0.700,0.700,0.700,0.700,51,0,495
495,4.950,0.0000,0.0000,0.0000,0.0023,-0.0025,-9.7991,0.0002,0.0018,-0.0003,0.700,0.700,0.700,0.700,51,0,496
496,4.960,0.0000,0.0000,0.0000,0.0023,-0.0025,-9.7991,0.0002,0.0018,-0.0003,0.700,0.700,0.700,0.700,51,0,497
497,4.970,0.0000,0.0000,0.0000,0.0023,-0.0025,-9.7991,0.0002,0.0018,-0.0003,0.700,0.700,0.700,0.700,51,0,498
498,4.980,0.0000,0.0000,0.0000,0.0023,-0.0025,-9.7991,0.0002,0.0018,-0.0003,0.700,0.700,0.700,0.700,51,0,499
499,4.990,0.0000,0.0000,0.0000,0.0023,-0.0025,-9.7991,0.0002,0.0018,-0.0003,0.700,0.700,0.700,0.700,51,0,500
500,5.000,0.0000,0.0000,0.0000,0.0023,-0.0025,-9.7991,0.0002,0.0018,-0.0003,0.700,0.700,0.700,0.700,51,0,501
501,5.010,0.0000,0.0000,0.0000,0.0023,-0.0025,-9.7991,0.0002,0.0018,-0.0003,0.700,0.700,0.700,0.700,51,0,502
502,5.020,0.0000,0.0000,0.0000,0.0023,-0.0025,-9.7991,0.0002,0.0018,-0.0003,0.700,0.700,0.700,0.700,51,0,503
503,5.030,0.0000,0.0000,0.0000,0.0023,-0.0025,-9.7991,0.0002,0.0018,-0.0003,0.700,0.700,0.700,0.700,51,0,504
504,5.040,0.0000,0.0000,0.0000,0.0023,-0.0025,-9.7991,0.0002,0.0018,-0.0003,0.700,0.700,0.700,0.700,51,0,505
505,5.050,0.0000,0.0000,0.0000,0.0023,-0.0025,-9.7991,0.0002,0.0018,-0.0003,0.700,0.700,0.700,0.700,51,0,506
506,5.060,0.0000,0.0000,0.0000,0.0023,-0.0025,-9.7991,0.0002,0.0018,-0.0003,0.700,0.700,0.700,0.700,51,0,507
507,5.070,0.0000,0.0000,0.0000,0.0023,-0.0025,-9.7991,0.0002,0.0018,-0.0003,0.700,0.700,0.700,0.700,51,0,508
508,5.080,0.0000,0.0000,0.0000,0.0023,-0.0025,-9.7991,0.0002,0.0018,-0.0003,0.700,0.700,0.700,0.700,51,0,509
509,5.090,0.0000,0.0000,0.0000,0.0023,-0.0025,-9.7991,0.0002,0.0018,-0.0003,0.700,0.700,0.700,0.700,51,0,510
510,5.100,0.0000,0.0000,0.0000,0.0023,-0.0025,-9.7991,0.0002,0.0018,-0.0003,0.700,0.700,0.700,0.700,51,0,511
511,5.110,0.0000,0.0000,0.0000,0.0023,-0.0025,-9.7991,0.0002,0.0018,-0.0003,0.700,0.700,0.700,0.700,51,0,512
512,5.120,0.0000,0.0000,0.0000,0.0023,-0.0025,-9.7991,0.0002,0.0018,-0.0003,0.700,0.700,0.700,0.700,51,0,513
513,5.130,0.0000,0.0000,0.0000,0.0023,-0.0025,-9.7991,0.0002,0.0018,-0.0003,0.700,0.700,0.700,0.700,51,0,514
514,5.140,0.0000,0.0000,0.0000,0.0023,-0.0025,-9.7991,0.0002,0.0018,-0.0003,0.700,0.700,0.700,0.700,51,0,515
515,5.150,0.0000,0.0000,0.0000,0.0023,-0.0025,-9.7991,0.0002,0.0018,-0.0003,0.700,0.700,0.700,0.700,51,0,516
516,5.160,0.0000,0.0000,0.0000,0.0023,-0.0025,-9.7991,0.0002,0.0018,-0.0003,0.700,0.700,0.700,0.700,51,0,517
517,5.170,0.0000,0.0000,0.0000,0.0023,-0.0025,-9.7991,0.0002,0.0018,-0.0003,0.700,0.700,0.700,0.700,51,0,518
518,5.180,0.0000,0.0000,0.0000,0.0023,-0.0025,-9.7991,0.0002,0.0018,-0.0003,0.700,0.700,0.700,0.700,51,0,519
519,5.190,0.0000,0.0000,0.0000,0.0023,-0.0025,-9.7991,0.0002,0.0018,-0.0003,0.700,0.700,0.700,0.700,51,0,520
520,5.200,0.0000,0.0000,0.0000,0.0023,-0.0025,-9.7991,0.0002,0.0018,-0.0003,0.700,0.700,0.700,0.700,51,0,521
521,5.210,0.0000,0.0000,0.0000,0.0023,-0.0025,-9.7991,0.0002,0.0018,-0.0003,0.700,0.700,0.700,0.700,51,0,522
522,5.220,0.0000,0.0000,0.0000,0.0023,-0.0025,-9.7991,0.0002,0.0018,-0.0003,0.700,0.700,0.700,0.700,51,0,523
523,5.230,0.0000,0.0000,0.0000,0.0023,-0.0025,-9.7991,0.0002,0.0018,-0.0003,0.700,0.700,0.700,0.700,51,0,524
524,5.240,0.0000,0.0000,0.0000,0.0023,-0.0025,-9.7991,0.0002,0.0018,-0.0003,0.700,0.700,0.700,0.700,51,0,525
525,5.250,0.0000,0.0000,0.0000,0.0023,-0.0025,-9.7991,0.0002,0.0018,-0.0003,0.700,0.700,0.700,0.700,51,0,526
526,5.260,0.0000,0.0000,0.0000,0.0023,-0.0025,-9.7991,0.0002,0.0018,-0.0003,0.700,0.700,0.700,0.700,51,0,527
527,5.270,0.0000,0.0000,0.0000,0.0023,-0.0025,-9.7991,0.0002,0.0018,-0.0003,0.700,0.700,0.700,0.700,51,0,528
528,5.280,0.0000,0.0000,0.0000,0.0023,-0.0025,-9.7991,0.0002,0.0018,-0.0003,0.700,0.700,0.700,0.700,51,0,529
529,5.290,0.0000,0.0000,0.0000,0.0023,-0.0025,-9.7991,0.0002,0.0018,-0.0003,0.700,0.700,0.700,0.700,51,0,530
530,5.300,0.0000,0.0000,0.0000,0.0023,-0.0025,-9.7991,0.0002,0.0018,-0.0003,0.700,0.700,0.700,0.700,51,0,531
531,5.310,0.0000,0.0000,0.0000,0.0023,-0.0025,-9.7991,0.0002,0.0018,-0.0003,0.700,0.700,0.700,0.700,51,0,532
532,5.320,0.0000,0.0000,0.0000,0.0023,-0.0025,-9.7991,0.0002,0.0018,-0.0003,0.700,0.700,0.700,0.700,51,0,533
533,5.330,0.0000,0.0000,0.0000,0.0023,-0.0025,-9.7991,0.0002,0.0018,-0.0003,0.700,0.700,0.700,0.700,51,0,534
534,5.340,0.0000,0.0000,0.0000,0.0023,-0.0025,-9.7991,0.0002,0.0018,-0.0003,0.700,0.700,0.700,0.700,51,0,535
535,5.350,0.0000,0.0000,0.0000,0.0023,-0.0025,-9.7991,0.0002,0.0018,-0.0003,0.700,0.700,0.700,0.700,51,0,536
536,5.360,0.0000,0.0000,0.0000,0.0023,-0.0025,-9.7991,0.0002,0.0018,-0.0003,0.700,0.700,0.700,0.700,51,0,537
537,5.370,0.0000,0.0000,0.0000,0.0023,-0.0025,-9.7991,0.0002,0.0018,-0.0003,0.700,0.700,0.700,0.700,51,0,538
538,5.380,0.0000,0.0000,0.0000,0.0023,-0.0025,-9.7991,0.0002,0.0018,-0.0003,0.700,0.700,0.700,0.700,51,0,539
539,5.390,0.0000,0.0000,0.0000,0.0023,-0.0025,-9.7991,0.0002,0.0018,-0.0003,0.700,0.700,0.700,0.700,51,0,540
540,5.400,0.0000,0.0000,0.0000,0.0023,-0.0025,-9.7991,0.0002,0.0018,-0.0003,0.700,0.700,0.700,0.700,51,0,541
541,5.410,0.0000,0.0000,0.0000,0.0023,-0.0025,-9.7991,0.0002,0.0018,-0.0003,0.700,0.700,0.700,0.700,51,0,542
542,5.420,0.0000,0.0000,0.0000,0.0023,-0.0025,-9.7991,0.0002,0.0018,-0.0003,0.700,0.700,0.700,0.700,51,0,543
543,5.430,0.0000,0.0000,0.0000,0.0023,-0.0025,-9.7991,0.0002,0.0018,-0.0003,0.700,0.700,0.700,0.700,51,0,544
544,5.440,0.0000,0.0000,0.0000,0.0023,-0.0025,-9.7991,0.0002,0.0018,-0.0003,0.700,0.700,0.700,0.700,51,0,545
545,5.450,0.0000,0.0000,0.0000,0.0023,-0.0025,-9.7991,0.0002,0.0018,-0.0003,0.700,0.700,0.700,0.700,51,0,546
546,5.460,0.0000,0.0000,0.0000,0.0023,-0.0025,-9.7991,0.0002,0.0018,-0.0003,0.700,0.700,0.700,0.700,51,0,547
547,5.470,0.0000,0.0000,0.0000,0.0023,-0.0025,-9.7991,0.0002,0.0018,-0.0003,0.700,0.700,0.700,0.700,51,0,548
548,5.480,0.0000,0.0000,0.0000,0.0023,-0.0025,-9.7991,0.0002,0.0018,-0.0003,0.700,0.700,0.700,0.700,51,0,549
549,5.490,0.0000,0.0000,0.0000,0.0023,-0.0025,-9.7991,0.0002,0.0018,-0.0003,0.700,0.700,0.700,0.700,51,0,550
550,5.500,0.0000,0.0000,0.0000,0.0023,-0.0025,-9.7991,0.0002,0.0018,-0.0003,0.700,0.700,0.700,0.700,51,0,551
551,5.510,0.0000,0.0000,0.0000,0.0023,-0.0025,-9.7991,0.0002,0.0018,-0.0003,0.700,0.700,0.700,0.700,51,0,552
552,5.520,0.0000,0.0000,0.0000,0.0023,-0.0025,-9.7991,0.0002,0.0018,-0.0003,0.700,0.700,0.700,0.700,51,0,553
553,5.530,0.0000,0.0000,0.0000,0.0023,-0.0025,-9.7991,0.0002,0.0018,-0.0003,0.700,0.700,0.700,0.700,51,0,554
554,5.540,0.0000,0.0000,0.0000,0.0023,-0.0025,-9.7991,0.0002,0.0018,-0.0003,0.700,0.700,0.700,0.700,51,0,555
555,5.550,0.0000,0.0000,0.0000,0.0023,-0.0025,-9.7991,0.0002,0.0018,-0.0003,0.700,0.700,0.700,0.700,51,0,556
556,5.560,0.0000,0.0000,0.0000,0.0023,-0.0025,-9.7991,0.0002,0.0018,-0.0003,0.700,0.700,0.700,0.700,51,0,557
557,5.570,0.0000,0.0000,0.0000,0.0023,-0.0025,-9.7991,0.0002,0.0018,-0.0003,0.700,0.700,0.700,0.700,51,0,558
558,5.580,0.0000,0.0000,0.0000,0.0023,-0.0025,-9.7991,0.0002,0.0018,-0.0003,0.700,0.700,0.700,0.700,51,0,559
559,5.590,0.0000,0.0000,0.0000,0.0023,-0.0025,-9.7991,0.0002,0.0018,-0.0003,0.700,0.700,0.700,0.700,51,0,560
560,5.600,0.0000,0.0000,0.0000,0.0023,-0.0025,-9.7991,0.0002,0.0018,-0.0003,0.700,0.700,0.700,0.700,51,0,561
561,5.610,0.0000,0.0000,0.0000,0.0023,-0.0025,-9.7991,0.0002,0.0018,-0.0003,0.700,0.700,0.700,0.700,51,0,562
562,5.620,0.0000,0.0000,0.0000,0.0023,-0.0025,-9.7991,0.0002,0.0018,-0.0003,0.700,0.700,0.700,0.700,51,0,563
563,5.630,0.0000,0.0000,0.0000,0.0023,-0.0025,-9.7991,0.0002,0.0018,-0.0003,0.700,0.700,0.700,0.700,51,0,564
564,5.640,0.0000,0.0000,0.0000,0.0023,-0.0025,-9.7991,0.0002,0.0018,-0.0003,0.700,0.700,0.700,0.700,51,0,565
565,5.650,0.0000,0.0000,0.0000,0.0023,-0.0025,-9.7991,0.0002,0.0018,-0.0003,0.700,0.700,0.700,0.700,51,0,566
566,5.660,0.0000,0.0000,0.0000,0.0023,-0.0025,-9.7991,0.0002,0.0018,-0.0003,0.700,0.700,0.700,0.700,51,0,567
567,5.670,0.0000,0.0000,0.0000,0.0023,-0.0025,-9.7991,0.0002,0.0018,-0.0003,0.700,0.700,0.700,0.700,51,0,568
568,5.680,0.0000,0.0000,0.0000,0.0023,-0.0025,-9.7991,0.0002,0.0018,-0.0003,0.700,0.700,0.700,0.700,51,0,569
569,5.690,0.0000,0.0000,0.0000,0.0023,-0.0025,-9.7991,0.0002,0.0018,-0.0003,0.700,0.700,0.700,0.700,51,0,570
570,5.700,0.0000,0.0000,0.0000,0.0023,-0.0025,-9.7991,0.0002,0.0018,-0.0003,0.700,0.700,0.700,0.700,51,0,571
571,5.710,0.0000,0.0000,0.0000,0.0023,-0.0025,-9.7991,0.0002,0.0018,-0.0003,0.700,0.700,0.700,0.700,51,0,572
572,5.720,0.0000,0.0000,0.0000,0.0023,-0.0025,-9.7991,0.0002,0.0018,-0.0003,0.700,0.700,0.700,0.700,51,0,573
573,5.730,0.0000,0.0000,0.0000,0.0023,-0.0025,-9.7991,0.0002,0.0018,-0.0003,0.700,0.700,0.700,0.700,51,0,574
574,5.740,0.0000,0.0000,0.0000,0.0023,-0.0025,-9.7991,0.0002,0.0018,-0.0003,0.700,0.700,0.700,0.700,51,0,575
575,5.750,0.0000,0.0000,0.0000,0.0023,-0.0025,-9.7991,0.0002,0.0018,-0.0003,0.700,0.700,0.700,0.700,51,0,576
576,5.760,0.0000,0.0000,0.0000,0.0023,-0.0025,-9.7991,0.0002,0.0018,-0.0003,0.700,0.700,0.700,0.700,51,0,577
577,5.770,0.0000,0.0000,0.0000,0.0023,-0.0025,-9.7991,0.0002,0.0018,-0.0003,0.700,0.700,0.700,0.700,51,0,578
578,5.780,0.0000,0.0000,0.0000,0.0023,-0.0025,-9.7991,0.0002,0.0018,-0.0003,0.700,0.700,0.700,0.700,51,0,579
579,5.790,0.0000,0.0000,0.0000,0.0023,-0.0025,-9.7991,0.0002,0.0018,-0.0003,0.700,0.700,0.700,0.700,51,0,580
580,5.800,0.0000,0.0000,0.0000,0.0023,-0.0025,-9.7991,0.0002,0.0018,-0.0003,0.700,0.700,0.700,0.700,51,0,581
581,5.810,0.0000,0.0000,0.0000,0.0023,-0.0025,-9.7991,0.0002,0.0018,-0.0003,0.700,0.700,0.700,0.700,51,0,582
582,5.820,0.0000,0.0000,0.0000,0.0023,-0.0025,-9.7991,0.0002,0.0018,-0.0003,0.700,0.700,0.700,0.700,51,0,583
583,5.830,0.0000,0.0000,0.0000,0.0023,-0.0025,-9.7991,0.0002,0.0018,-0.0003,0.700,0.700,0.700,0.700,51,0,584
584,5.840,0.0000,0.0000,0.0000,0.0023,-0.0025,-9.7991,0.0002,0.0018,-0.0003,0.700,0.700,0.700,0.700,51,0,585
585,5.850,0.0000,0.0000,0.0000,0.0023,-0.0025,-9.7991,0.0002,0.0018,-0.0003,0.700,0.700,0.700,0.700,51,0,586
586,5.860,0.0000,0.0000,0.0000,0.0023,-0.0025,-9.7991,0.0002,0.0018,-0.0003,0.700,0.700,0.700,0.700,51,0,587
587,5.870,0.0000,0.0000,0.0000,0.0023,-0.0025,-9.7991,0.0002,0.0018,-0.0003,0.700,0.700,0.700,0.700,51,0,588
588,5.880,0.0000,0.0000,0.0000,0.0023,-0.0025,-9.7991,0.0002,0.0018,-0.0003,0.700,0.700,0.700,0.700,51,0,589
589,5.890,0.0000,0.0000,0.0000,0.0023,-0.0025,-9.7991,0.0002,0.0018,-0.0003,0.700,0.700,0.700,0.700,51,0,590
590,5.900,0.0000,0.0000,0.0000,0.0023,-0.0025,-9.7991,0.0002,0.0018,-0.0003,0.700,0.700,0.700,0.700,51,0,591
591,5.910,0.0000,0.0000,0.0000,0.0023,-0.0025,-9.7991,0.0002,0.0018,-0.0003,0.700,0.700,0.700,0.700,51,0,592
592,5.920,0.0000,0.0000,0.0000,0.0023,-0.0025,-9.7991,0.0002,0.0018,-0.0003,0.700,0.700,0.700,0.700,51,0,593
593,5.930,0.0000,0.0000,0.0000,0.0023,-0.0025,-9.7991,0.0002,0.0018,-0.0003,0.700,0.700,0.700,0.700,51,0,594
594,5.940,0.0000,0.0000,0.0000,0.0023,-0.0025,-9.7991,0.0002,0.0018,-0.0003,0.700,0.700,0.700,0.700,51,0,595
595,5.950,0.0000,0.0000,0.0000,0.0023,-0.0025,-9.7991,0.0002,0.0018,-0.0003,0.700,0.700,0.700,0.700,51,0,596
596,5.960,0.0000,0.0000,0.0000,0.0023,-0.0025,-9.7991,0.0002,0.0018,-0.0003,0.700,0.700,0.700,0.700,51,0,597
597,5.970,0.0000,0.0000,0.0000,0.0023,-0.0025,-9.7991,0.0002,0.0018,-0.0003,0.700,0.700,0.700,0.700,51,0,598
598,5.980,0.0000,0.0000,0.0000,0.0023,-0.0025,-9.7991,0.0002,0.0018,-0.0003,0.700,0.700,0.700,0.700,51,0,599
599,5.990,0.0000,0.0000,0.0000,0.0023,-0.0025,-9.7991,0.0002,0.0018,-0.0003,0.700,0.700,0.700,0.700,51,0,600
600,6.000,0.0000,0.0000,0.0000,0.0023,-0.0025,-9.7991,0.0002,0.0018,-0.0003,0.700,0.700,0.700,0.700,51,0,601
601,6.010,0.0000,0.0000,0.0000,0.0023,-0.0025,-9.7991,0.0002,0.0018,-0.0003,0.700,0.700,0.700,0.700,51,0,602
602,6.020,0.0000,0.0000,0.0000,0.0023,-0.0025,-9.7991,0.0002,0.0018,-0.0003,0.700,0.700,0.700,0.700,51,0,603
603,6.030,0.0000,0.0000,0.0000,0.0023,-0.0025,-9.7991,0.0002,0.0018,-0.0003,0.700,0.700,0.700,0.700,51,0,604
604,6.040,0.0000,0.0000,0.0000,0.0023,-0.0025,-9.7991,0.0002,0.0018,-0.0003,0.700,0.700,0.700,0.700,51,0,605
605,6.050,0.0000,0.0000,0.0000,0.0023,-0.0025,-9.7991,0.0002,0.0018,-0.0003,0.700,0.700,0.700,0.700,51,0,606
606,6.060,0.0000,0.0000,0.0000,0.0023,-0.0025,-9.7991,0.0002,0.0018,-0.0003,0.700,0.700,0.700,0.700,51,0,607
607,6.070,0.0000,0.0000,0.0000,0.0023,-0.0025,-9.7991,0.0002,0.0018,-0.0003,0.700,0.700,0.700,0.700,51,0,608
608,6.080,0.0000,0.0000,0.0000,0.0023,-0.0025,-9.7991,0.0002,0.0018,-0.0003,0.700,0.700,0.700,0.700,51,0,609
609,6.090,0.0000,0.0000,0.0000,0.0023,-0.0025,-9.7991,0.0002,0.0018,-0.0003,0.700,0.700,0.700,0.700,51,0,610
610,6.100,0.0000,0.0000,0.0000,0.0023,-0.0025,-9.7991,0.0002,0.0018,-0.0003,0.700,0.700,0.700,0.700,51,0,611
611,6.110,0.0000,0.0000,0.0000,0.0023,-0.0025,-9.7991,0.0002,0.0018,-0.0003,0.700,0.700,0.700,0.700,51,0,612
612,6.120,0.0000,0.0000,0.0000,0.0023,-0.0025,-9.7991,0.0002,0.0018,-0.0003,0.700,0.700,0.700,0.700,51,0,613
613,6.130,0.0000,0.0000,0.0000,0.0023,-0.0025,-9.7991,0.0002,0.0018,-0.0003,0.700,0.700,0.700,0.700,51,0,614
614,6.140,0.0000,0.0000,0.0000,0.0023,-0.0025,-9.7991,0.0002,0.0018,-0.0003,0.700,0.700,0.700,0.700,51,0,615
615,6.150,0.0000,0.0000,0.0000,0.0023,-0.0025,-9.7991,0.0002,0.0018,-0.0003,0.700,0.700,0.700,0.700,51,0,616
616,6.160,0.0000,0.0000,0.0000,0.0023,-0.0025,-9.7991,0.0002,0.0018,-0.0003,0.700,0.700,0.700,0.700,51,0,617
617,6.170,0.0000,0.0000,0.0000,0.0023,-0.0025,-9.7991,0.0002,0.0018,-0.0003,0.700,0.700,0.700,0.700,51,0,618
618,6.180,0.0000,0.0000,0.0000,0.0023,-0.0025,-9.7991,0.0002,0.0018,-0.0003,0.700,0.700,0.700,0.700,51,0,619
619,6.190,0.0000,0.0000,0.0000,0.0023,-0.0025,-9.7991,0.0002,0.0018,-0.0003,0.700,0.700,0.700,0.700,51,0,620
620,6.200,0.0000,0.0000,0.0000,0.0023,-0.0025,-9.7991,0.0002,0.0018,-0.0003,0.700,0.700,0.700,0.700,51,0,621
621,6.210,0.0000,0.0000,0.0000,0.0023,-0.0025,-9.7991,0.0002,0.0018,-0.0003,0.700,0.700,0.700,0.700,51,0,622
622,6.220,0.0000,0.0000,0.0000,0.0023,-0.0025,-9.7991,0.0002,0.0018,-0.0003,0.700,0.700,0.700,0.700,51,0,623
623,6.230,0.0000,0.0000,0.0000,0.0023,-0.0025,-9.7991,0.0002,0.0018,-0.0003,0.700,0.700,0.700,0.700,51,0,624
624,6.240,0.0000,0.0000,0.0000,0.0023,-0.0025,-9.7991,0.0002,0.0018,-0.0003,0.700,0.700,0.700,0.700,51,0,625
625,6.250,0.0000,0.0000,0.0000,0.0023,-0.0025,-9.7991,0.0002,0.0018,-0.0003,0.700,0.700,0.700,0.700,51,0,626
626,6.260,0.0000,0.0000,0.0000,0.0023,-0.0025,-9.7991,0.0002,0.0018,-0.0003,0.700,0.700,0.700,0.700,51,0,627
627,6.270,0.0000,0.0000,0.0000,0.0023,-0.0025,-9.7991,0.0002,0.0018,-0.0003,0.700,0.700,0.700,0.700,51,0,628
628,6.280,0.0000,0.0000,0.0000,0.0023,-0.0025,-9.7991,0.0002,0.0018,-0.0003,0.700,0.700,0.700,0.700,51,0,629
629,6.290,0.0000,0.0000,0.0000,0.0023,-0.0025,-9.7991,0.0002,0.0018,-0.0003,0.700,0.700,0.700,0.700,51,0,630
630,6.300,0.0000,0.0000,0.0000,0.0023,-0.0025,-9.7991,0.0002,0.0018,-0.0003,0.700,0.700,0.700,0.700,51,0,631
631,6.310,0.0000,0.0000,0.0000,0.0023,-0.0025,-9.7991,0.0002,0.0018,-0.0003,0.700,0.700,0.700,0.700,51,0,632
632,6.320,0.0000,0.0000,0.0000,0.0023,-0.0025,-9.7991,0.0002,0.0018,-0.0003,0.700,0.700,0.700,0.700,51,0,633
633,6.330,0.0000,0.0000,0.0000,0.0023,-0.0025,-9.7991,0.0002,0.0018,-0.0003,0.700,0.700,0.700,0.700,51,0,634
634,6.340,0.0000,0.0000,0.0000,0.0023,-0.0025,-9.7991,0.0002,0.0018,-0.0003,0.700,0.700,0.700,0.700,51,0,635
635,6.350,0.0000,0.0000,0.0000,0.0023,-0.0025,-9.7991,0.0002,0.0018,-0.0003,0.700,0.700,0.700,0.700,51,0,636
636,6.360,0.0000,0.0000,0.0000,0.0023,-0.0025,-9.7991,0.0002,0.0018,-0.0003,0.700,0.700,0.700,0.700,51,0,637
637,6.370,0.0000,0.0000,0.0000,0.0023,-0.0025,-9.7991,0.0002,0.0018,-0.0003,0.700,0.700,0.700,0.700,51,0,638
638,6.380,0.0000,0.0000,0.0000,0.0023,-0.0025,-9.7991,0.0002,0.0018,-0.0003,0.700,0.700,0.700,0.700,51,0,639
639,6.390,0.0000,0.0000,0.0000,0.0023,-0.0025,-9.7991,0.0002,0.0018,-0.0003,0.700,0.700,0.700,0.700,51,0,640
640,6.400,0.0000,0.0000,0.0000,0.0023,-0.0025,-9.7991,0.0002,0.0018,-0.0003,0.700,0.700,0.700,0.700,51,0,641
641,6.410,0.0000,0.0000,0.0000,0.0023,-0.0025,-9.7991,0.0002,0.0018,-0.0003,0.700,0.700,0.700,0.700,51,0,642
642,6.420,0.0000,0.0000,0.0000,0.0023,-0.0025,-9.7991,0.0002,0.0018,-0.0003,0.700,0.700,0.700,0.700,51,0,643
643,6.430,0.0000,0.0000,0.0000,0.0023,-0.0025,-9.7991,0.0002,0.0018,-0.0003,0.700,0.700,0.700,0.700,51,0,644
644,6.440,0.0000,0.0000,0.0000,0.0023,-0.0025,-9.7991,0.0002,0.0018,-0.0003,0.700,0.700,0.700,0.700,51,0,645
645,6.450,0.0000,0.0000,0.0000,0.0023,-0.0025,-9.7991,0.0002,0.0018,-0.0003,0.700,0.700,0.700,0.700,51,0,646
646,6.460,0.0000,0.0000,0.0000,0.0023,-0.0025,-9.7991,0.0002,0.0018,-0.0003,0.700,0.700,0.700,0.700,51,0,647
647,6.470,0.0000,0.0000,0.0000,0.0023,-0.0025,-9.7991,0.0002,0.0018,-0.0003,0.700,0.700,0.700,0.700,51,0,648
648,6.480,0.0000,0.0000,0.0000,0.0023,-0.0025,-9.7991,0.0002,0.0018,-0.0003,0.700,0.700,0.700,0.700,51,0,649
649,6.490,0.0000,0.0000,0.0000,0.0023,-0.0025,-9.7991,0.0002,0.0018,-0.0003,0.700,0.700,0.700,0.700,51,0,650
650,6.500,0.0000,0.0000,0.0000,0.0023,-0.0025,-9.7991,0.0002,0.0018,-0.0003,0.700,0.700,0.700,0.700,51,0,651
651,6.510,0.0000,0.0000,0.0000,0.0023,-0.0025,-9.7991,0.0002,0.0018,-0.0003,0.700,0.700,0.700,0.700,51,0,652
652,6.520,0.0000,0.0000,0.0000,0.0023,-0.0025,-9.7991,0.0002,0.0018,-0.0003,0.700,0.700,0.700,0.700,51,0,653
653,6.530,0.0000,0.0000,0.0000,0.0023,-0.0025,-9.7991,0.0002,0.0018,-0.0003,0.700,0.700,0.700,0.700,51,0,654
654,6.540,0.0000,0.0000,0.0000,0.0023,-0.0025,-9.7991,0.0002,0.0018,-0.0003,0.700,0.700,0.700,0.700,51,0,655
655,6.550,0.0000,0.0000,0.0000,0.0023,-0.0025,-9.7991,0.0002,0.0018,-0.0003,0.700,0.700,0.700,0.700,51,0,656
656,6.560,0.0000,0.0000,0.0000,0.0023,-0.0025,-9.7991,0.0002,0.0018,-0.0003,0.700,0.700,0.700,0.700,51,0,657
657,6.570,0.0000,0.0000,0.0000,0.0023,-0.0025,-9.7991,0.0002,0.0018,-0.0003,0.700,0.700,0.700,0.700,51,0,658
658,6.580,0.0000,0.0000,0.0000,0.0023,-0.0025,-9.7991,0.0002,0.0018,-0.0003,0.700,0.700,0.700,0.700,51,0,659
659,6.590,0.0000,0.0000,0.0000,0.0023,-0.0025,-9.7991,0.0002,0.0018,-0.0003,0.700,0.700,0.700,0.700,51,0,660
660,6.600,0.0000,0.0000,0.0000,0.0023,-0.0025,-9.7991,0.0002,0.0018,-0.0003,0.700,0.700,0.700,0.700,51,0,661
661,6.610,0.0000,0.0000,0.0000,0.0023,-0.0025,-9.7991,0.0002,0.0018,-0.0003,0.700,0.700,0.700,0.700,51,0,662
662,6.620,0.0000,0.0000,0.0000,0.0023,-0.0025,-9.7991,0.0002,0.0018,-0.0003,0.700,0.700,0.700,0.700,51,0,663
663,6.630,0.0000,0.0000,0.0000,0.0023,-0.0025,-9.7991,0.0002,0.0018,-0.0003,0.700,0.700,0.700,0.700,51,0,664
664,6.640,0.0000,0.0000,0.0000,0.0023,-0.0025,-9.7991,0.0002,0.0018,-0.0003,0.700,0.700,0.700,0.700,51,0,665
665,6.650,0.0000,0.0000,0.0000,0.0023,-0.0025,-9.7991,0.0002,0.0018,-0.0003,0.700,0.700,0.700,0.700,51,0,666
666,6.660,0.0000,0.0000,0.0000,0.0023,-0.0025,-9.7991,0.0002,0.0018,-0.0003,0.700,0.700,0.700,0.700,51,0,667
667,6.670,0.0000,0.0000,0.0000,0.0023,-0.0025,-9.7991,0.0002,0.0018,-0.0003,0.700,0.700,0.700,0.700,51,0,668
668,6.680,0.0000,0.0000,0.0000,0.0023,-0.0025,-9.7991,0.0002,0.0018,-0.0003,0.700,0.700,0.700,0.700,51,0,669
669,6.690,0.0000,0.0000,0.0000,0.0023,-0.0025,-9.7991,0.0002,0.0018,-0.0003,0.700,0.700,0.700,0.700,51,0,670
670,6.700,0.0000,0.0000,0.0000,0.0023,-0.0025,-9.7991,0.0002,0.0018,-0.0003,0.700,0.700,0.700,0.700,51,0,671
671,6.710,0.0000,0.0000,0.0000,0.0023,-0.0025,-9.7991,0.0002,0.0018,-0.0003,0.700,0.700,0.700,0.700,51,0,672
672,6.720,0.0000,0.0000,0.0000,0.0023,-0.0025,-9.7991,0.0002,0.0018,-0.0003,0.700,0.700,0.700,0.700,51,0,673
673,6.730,0.0000,0.0000,0.0000,0.0023,-0.0025,-9.7991,0.0002,0.0018,-0.0003,0.700,0.700,0.700,0.700,51,0,674
674,6.740,0.0000,0.0000,0.0000,0.0023,-0.0025,-9.7991,0.0002,0.0018,-0.0003,0.700,0.700,0.700,0.700,51,0,675
675,6.750,0.0000,0.0000,0.0000,0.0023,-0.0025,-9.7991,0.0002,0.0018,-0.0003,0.700,0.700,0.700,0.700,51,0,676
676,6.760,0.0000,0.0000,0.0000,0.0023,-0.0025,-9.7991,0.0002,0.0018,-0.0003,0.700,0.700,0.700,0.700,51,0,677
677,6.770,0.0000,0.0000,0.0000,0.0023,-0.0025,-9.7991,0.0002,0.0018,-0.0003,0.700,0.700,0.700,0.700,51,0,678
678,6.780,0.0000,0.0000,0.0000,0.0023,-0.0025,-9.7991,0.0002,0.0018,-0.0003,0.700,0.700,0.700,0.700,51,0,679
679,6.790,0.0000,0.0000,0.0000,0.0023,-0.0025,-9.7991,0.0002,0.0018,-0.0003,0.700,0.700,0.700,0.700,51,0,680
680,6.800,0.0000,0.0000,0.0000,0.0023,-0.0025,-9.7991,0.0002,0.0018,-0.0003,0.700,0.700,0.700,0.700,51,0,681
681,6.810,0.0000,0.0000,0.0000,0.0023,-0.0025,-9.7991,0.0002,0.0018,-0.0003,0.700,0.700,0.700,0.700,51,0,682
682,6.820,0.0000,0.0000,0.0000,0.0023,-0.0025,-9.7991,0.0002,0.0018,-0.0003,0.700,0.700,0.700,0.700,51,0,683
683,6.830,0.0000,0.0000,0.0000,0.0023,-0.0025,-9.7991,0.0002,0.0018,-0.0003,0.700,0.700,0.700,0.700,51,0,684
684,6.840,0.0000,0.0000,0.0000,0.0023,-0.0025,-9.7991,0.0002,0.0018,-0.0003,0.700,0.700,0.700,0.700,51,0,685
685,6.850,0.0000,0.0000,0.0000,0.0023,-0.0025,-9.7991,0.0002,0.0018,-0.0003,0.700,0.700,0.700,0.700,51,0,686
686,6.860,0.0000,0.0000,0.0000,0.0023,-0.0025,-9.7991,0.0002,0.0018,-0.0003,0.700,0.700,0.700,0.700,51,0,687
687,6.870,0.0000,0.0000,0.0000,0.0023,-0.0025,-9.7991,0.0002,0.0018,-0.0003,0.700,0.700,0.700,0.700,51,0,688
688,6.880,0.0000,0.0000,0.0000,0.0023,-0.0025,-9.7991,0.0002,0.0018,-0.0003,0.700,0.700,0.700,0.700,51,0,689
689,6.890,0.0000,0.0000,0.0000,0.0023,-0.0025,-9.7991,0.0002,0.0018,-0.0003,0.700,0.700,0.700,0.700,51,0,690
690,6.900,0.0000,0.0000,0.0000,0.0023,-0.0025,-9.7991,0.0002,0.0018,-0.0003,0.700,0.700,0.700,0.700,51,0,691
691,6.910,0.0000,0.0000,0.0000,0.0023,-0.0025,-9.7991,0.0002,0.0018,-0.0003,0.700,0.700,0.700,0.700,51,0,692
692,6.920,0.0000,0.0000,0.0000,0.0023,-0.0025,-9.7991,0.0002,0.0018,-0.0003,0.700,0.700,0.700,0.700,51,0,693
693,6.930,0.0000,0.0000,0.0000,0.0023,-0.0025,-9.7991,0.0002,0.0018,-0.0003,0.700,0.700,0.700,0.700,51,0,694
694,6.940,0.0000,0.0000,0.0000,0.0023,-0.0025,-9.7991,0.0002,0.0018,-0.0003,0.700,0.700,0.700,0.700,51,0,695
695,6.950,0.0000,0.0000,0.0000,0.0023,-0.0025,-9.7991,0.0002,0.0018,-0.0003,0.700,0.700,0.700,0.700,51,0,696
696,6.960,0.0000,0.0000,0.0000,0.0023,-0.0025,-9.7991,0.0002,0.0018,-0.0003,0.700,0.700,0.700,0.700,51,0,697
697,6.970,0.0000,0.0000,0.0000,0.0023,-0.0025,-9.7991,0.0002,0.0018,-0.0003,0.700,0.700,0.700,0.700,51,0,698
698,6.980,0.0000,0.0000,0.0000,0.0023,-0.0025,-9.7991,0.0002,0.0018,-0.0003,0.700,0.700,0.700,0.700,51,0,699
699,6.990,0.0000,0.0000,0.0000,0.0023,-0.0025,-9.7991,0.0002,0.0018,-0.0003,0.700,0.700,0.700,0.700,51,0,700
700,7.000,0.0000,0.0000,0.0000,0.0023,-0.0025,-9.7991,0.0002,0.0018,-0.0003,0.700,0.700,0.700,0.700,51,0,701
701,7.010,0.0000,0.0000,0.0000,0.0023,-0.0025,-9.7991,0.0002,0.0018,-0.0003,0.700,0.700,0.700,0.700,51,0,702
702,7.020,0.0000,0.0000,0.0000,0.0023,-0.0025,-9.7991,0.0002,0.0018,-0.0003,0.700,0.700,0.700,0.700,51,0,703
703,7.030,0.0000,0.0000,0.0000,0.0023,-0.0025,-9.7991,0.0002,0.0018,-0.0003,0.700,0.700,0.700,0.700,51,0,704
704,7.040,0.0000,0.0000,0.0000,0.0023,-0.0025,-9.7991,0.0002,0.0018,-0.0003,0.700,0.700,0.700,0.700,51,0,705
705,7.050,0.0000,0.0000,0.0000,0.0023,-0.0025,-9.7991,0.0002,0.0018,-0.0003,0.700,0.700,0.700,0.700,51,0,706
706,7.060,0.0000,0.0000,0.0000,0.0023,-0.0025,-9.7991,0.0002,0.0018,-0.0003,0.700,0.700,0.700,0.700,51,0,707
707,7.070,0.0000,0.0000,0.0000,0.0023,-0.0025,-9.7991,0.0002,0.0018,-0.0003,0.700,0.700,0.700,0.700,51,0,708
708,7.080,0.0000,0.0000,0.0000,0.0023,-0.0025,-9.7991,0.0002,0.0018,-0.0003,0.700,0.700,0.700,0.700,51,0,709
709,7.090,0.0000,0.0000,0.0000,0.0023,-0.0025,-9.7991,0.0002,0.0018,-0.0003,0.700,0.700,0.700,0.700,51,0,710
710,7.100,0.0000,0.0000,0.0000,0.0023,-0.0025,-9.7991,0.0002,0.0018,-0.0003,0.700,0.700,0.700,0.700,51,0,711
711,7.110,0.0000,0.0000,0.0000,0.0023,-0.0025,-9.7991,0.0002,0.0018,-0.0003,0.700,0.700,0.700,0.700,51,0,712
712,7.120,0.0000,0.0000,0.0000,0.0023,-0.0025,-9.7991,0.0002,0.0018,-0.0003,0.700,0.700,0.700,0.700,51,0,713
713,7.130,0.0000,0.0000,0.0000,0.0023,-0.0025,-9.7991,0.0002,0.0018,-0.0003,0.700,0.700,0.700,0.700,51,0,714
714,7.140,0.0000,0.0000,0.0000,0.0023,-0.0025,-9.7991,0.0002,0.0018,-0.0003,0.700,0.700,0.700,0.700,51,0,715
715,7.150,0.0000,0.0000,0.0000,0.0023,-0.0025,-9.7991,0.0002,0.0018,-0.0003,0.700,0.700,0.700,0.700,51,0,716
716,7.160,0.0000,0.0000,0.0000,0.0023,-0.0025,-9.7991,0.0002,0.0018,-0.0003,0.700,0.700,0.700,0.700,51,0,717
717,7.170,0.0000,0.0000,0.0000,0.0023,-0.0025,-9.7991,0.0002,0.0018,-0.0003,0.700,0.700,0.700,0.700,51,0,718
718,7.180,0.0000,0.0000,0.0000,0.0023,-0.0025,-9.7991,0.0002,0.0018,-0.0003,0.700,0.700,0.700,0.700,51,0,719
719,7.190,0.0000,0.0000,0.0000,0.0023,-0.0025,-9.7991,0.0002,0.0018,-0.0003,0.700,0.700,0.700,0.700,51,0,720
720,7.200,0.0000,0.0000,0.0000,0.0023,-0.0025,-9.7991,0.0002,0.0018,-0.0003,0.700,0.700,0.700,0.700,51,0,721
721,7.210,0.0000,0.0000,0.0000,0.0023,-0.0025,-9.7991,0.0002,0.0018,-0.0003,0.700,0.700,0.700,0.700,51,0,722
722,7.220,0.0000,0.0000,0.0000,0.0023,-0.0025,-9.7991,0.0002,0.0018,-0.0003,0.700,0.700,0.700,0.700,51,0,723
723,7.230,0.0000,0.0000,0.0000,0.0023,-0.0025,-9.7991,0.0002,0.0018,-0.0003,0.700,0.700,0.700,0.700,51,0,724
724,7.240,0.0000,0.0000,0.0000,0.0023,-0.0025,-9.7991,0.0002,0.0018,-0.0003,0.700,0.700,0.700,0.700,51,0,725
725,7.250,0.0000,0.0000,0.0000,0.0023,-0.0025,-9.7991,0.0002,0.0018,-0.0003,0.700,0.700,0.700,0.700,51,0,726
726,7.260,0.0000,0.0000,0.0000,0.0023,-0.0025,-9.7991,0.0002,0.0018,-0.0003,0.700,0.700,0.700,0.700,51,0,727
727,7.270,0.0000,0.0000,0.0000,0.0023,-0.0025,-9.7991,0.0002,0.0018,-0.0003,0.700,0.700,0.700,0.700,51,0,728
728,7.280,0.0000,0.0000,0.0000,0.0023,-0.0025,-9.7991,0.0002,0.0018,-0.0003,0.700,0.700,0.700,0.700,51,0,729
729,7.290,0.0000,0.0000,0.0000,0.0023,-0.0025,-9.7991,0.0002,0.0018,-0.0003,0.700,0.700,0.700,0.700,51,0,730
730,7.300,0.0000,0.0000,0.0000,0.0023,-0.0025,-9.7991,0.0002,0.0018,-0.0003,0.700,0.700,0.700,0.700,51,0,731
731,7.310,0.0000,0.0000,0.0000,0.0023,-0.0025,-9.7991,0.0002,0.0018,-0.0003,0.700,0.700,0.700,0.700,51,0,732
732,7.320,0.0000,0.0000,0.0000,0.0023,-0.0025,-9.7991,0.0002,0.0018,-0.0003,0.700,0.700,0.700,0.700,51,0,733
733,7.330,0.0000,0.0000,0.0000,0.0023,-0.0025,-9.7991,0.0002,0.0018,-0.0003,0.700,0.700,0.700,0.700,51,0,734
734,7.340,0.0000,0.0000,0.0000,0.0023,-0.0025,-9.7991,0.0002,0.0018,-0.0003,0.700,0.700,0.700,0.700,51,0,735
735,7.350,0.0000,0.0000,0.0000,0.0023,-0.0025,-9.7991,0.0002,0.0018,-0.0003,0.700,0.700,0.700,0.700,51,0,736
736,7.360,0.0000,0.0000,0.0000,0.0023,-0.0025,-9.7991,0.0002,0.0018,-0.0003,0.700,0.700,0.700,0.700,51,0,737
737,7.370,0.0000,0.0000,0.0000,0.0023,-0.0025,-9.7991,0.0002,0.0018,-0.0003,0.700,0.700,0.700,0.700,51,0,738
738,7.380,0.0000,0.0000,0.0000,0.0023,-0.0025,-9.7991,0.0002,0.0018,-0.0003,0.700,0.700,0.700,0.700,51,0,739
739,7.390,0.0000,0.0000,0.0000,0.0023,-0.0025,-9.7991,0.0002,0.0018,-0.0003,0.700,0.700,0.700,0.700,51,0,740
740,7.400,0.0000,0.0000,0.0000,0.0023,-0.0025,-9.7991,0.0002,0.0018,-0.0003,0.700,0.700,0.700,0.700,51,0,741
741,7.410,0.0000,0.0000,0.0000,0.0023,-0.0025,-9.7991,0.0002,0.0018,-0.0003,0.700,0.700,0.700,0.700,51,0,742
742,7.420,0.0000,0.0000,0.0000,0.0023,-0.0025,-9.7991,0.0002,0.0018,-0.0003,0.700,0.700,0.700,0.700,51,0,743
743,7.430,0.0000,0.0000,0.0000,0.0023,-0.0025,-9.7991,0.0002,0.0018,-0.0003,0.700,0.700,0.700,0.700,51,0,744
744,7.440,0.0000,0.0000,0.0000,0.0023,-0.0025,-9.7991,0.0002,0.0018,-0.0003,0.700,0.700,0.700,0.700,51,0,745
745,7.450,0.0000,0.0000,0.0000,0.0023,-0.0025,-9.7991,0.0002,0.0018,-0.0003,0.700,0.700,0.700,0.700,51,0,746
746,7.460,0.0000,0.0000,0.0000,0.0023,-0.0025,-9.7991,0.0002,0.0018,-0.0003,0.700,0.700,0.700,0.700,51,0,747
747,7.470,0.0000,0.0000,0.0000,0.0023,-0.0025,-9.7991,0.0002,0.0018,-0.0003,0.700,0.700,0.700,0.700,51,0,748
748,7.480,0.0000,0.0000,0.0000,0.0023,-0.0025,-9.7991,0.0002,0.0018,-0.0003,0.700,0.700,0.700,0.700,51,0,749
749,7.490,0.0000,0.0000,0.0000,0.0023,-0.0025,-9.7991,0.0002,0.0018,-0.0003,0.700,0.700,0.700,0.700,51,0,750
750,7.500,0.0000,0.0000,0.0000,0.0023,-0.0025,-9.7991,0.0002,0.0018,-0.0003,0.700,0.700,0.700,0.700,51,0,751
751,7.510,0.0000,0.0000,0.0000,0.0023,-0.0025,-9.7991,0.0002,0.0018,-0.0003,0.700,0.700,0.700,0.700,51,0,752
752,7.520,0.0000,0.0000,0.0000,0.0023,-0.0025,-9.7991,0.0002,0.0018,-0.0003,0.700,0.700,0.700,0.700,51,0,753
753,7.530,0.0000,0.0000,0.0000,0.0023,-0.0025,-9.7991,0.0002,0.0018,-0.0003,0.700,0.700,0.700,0.700,51,0,754
754,7.540,0.0000,0.0000,0.0000,0.0023,-0.0025,-9.7991,0.0002,0.0018,-0.0003,0.700,0.700,0.700,0.700,51,0,755
755,7.550,0.0000,0.0000,0.0000,0.0023,-0.0025,-9.7991,0.0002,0.0018,-0.0003,0.700,0.700,0.700,0.700,51,0,756
756,7.560,0.0000,0.0000,0.0000,0.0023,-0.0025,-9.7991,0.0002,0.0018,-0.0003,0.700,0.700,0.700,0.700,51,0,757
757,7.570,0.0000,0.0000,0.0000,0.0023,-0.0025,-9.7991,0.0002,0.0018,-0.0003,0.700,0.700,0.700,0.700,51,0,758
758,7.580,0.0000,0.0000,0.0000,0.0023,-0.0025,-9.7991,0.0002,0.0018,-0.0003,0.700,0.700,0.700,0.700,51,0,759
759,7.590,0.0000,0.0000,0.0000,0.0023,-0.0025,-9.7991,0.0002,0.0018,-0.0003,0.700,0.700,0.700,0.700,51,0,760
760,7.600,0.0000,0.0000,0.0000,0.0023,-0.0025,-9.7991,0.0002,0.0018,-0.0003,0.700,0.700,0.700,0.700,51,0,761
761,7.610,0.0000,0.0000,0.0000,0.0023,-0.0025,-9.7991,0.0002,0.0018,-0.0003,0.700,0.700,0.700,0.700,51,0,762
762,7.620,0.0000,0.0000,0.0000,0.0023,-0.0025,-9.7991,0.0002,0.0018,-0.0003,0.700,0.700,0.700,0.700,51,0,763
763,7.630,0.0000,0.0000,0.0000,0.0023,-0.0025,-9.7991,0.0002,0.0018,-0.0003,0.700,0.700,0.700,0.700,51,0,764
764,7.640,0.0000,0.0000,0.0000,0.0023,-0.0025,-9.7991,0.0002,0.0018,-0.0003,0.700,0.700,0.700,0.700,51,0,765
765,7.650,0.0000,0.0000,0.0000,0.0023,-0.0025,-9.7991,0.0002,0.0018,-0.0003,0.700,0.700,0.700,0.700,51,0,766
766,7.660,0.0000,0.0000,0.0000,0.0023,-0.0025,-9.7991,0.0002,0.0018,-0.0003,0.700,0.700,0.700,0.700,51,0,767
767,7.670,0.0000,0.0000,0.0000,0.0023,-0.0025,-9.7991,0.0002,0.0018,-0.0003,0.700,0.700,0.700,0.700,51,0,768
768,7.680,0.0000,0.0000,0.0000,0.0023,-0.0025,-9.7991,0.0002,0.0018,-0.0003,0.700,0.700,0.700,0.700,51,0,769
769,7.690,0.0000,0.0000,0.0000,0.0023,-0.0025,-9.7991,0.0002,0.0018,-0.0003,0.700,0.700,0.700,0.700,51,0,770
770,7.700,0.0000,0.0000,0.0000,0.0023,-0.0025,-9.7991,0.0002,0.0018,-0.0003,0.700,0.700,0.700,0.700,51,0,771
771,7.710,0.0000,0.0000,0.0000,0.0023,-0.0025,-9.7991,0.0002,0.0018,-0.0003,0.700,0.700,0.700,0.700,51,0,772
772,7.720,0.0000,0.0000,0.0000,0.0023,-0.0025,-9.7991,0.0002,0.0018,-0.0003,0.700,0.700,0.700,0.700,51,0,773
773,7.730,0.0000,0.0000,0.0000,0.0023,-0.0025,-9.7991,0.0002,0.0018,-0.0003,0.700,0.700,0.700,0.700,51,0,774
774,7.740,0.0000,0.0000,0.0000,0.0023,-0.0025,-9.7991,0.0002,0.0018,-0.0003,0.700,0.700,0.700,0.700,51,0,775
775,7.750,0.0000,0.0000,0.0000,0.0023,-0.0025,-9.7991,0.0002,0.0018,-0.0003,0.700,0.700,0.700,0.700,51,0,776
776,7.760,0.0000,0.0000,0.0000,0.0023,-0.0025,-9.7991,0.0002,0.0018,-0.0003,0.700,0.700,0.700,0.700,51,0,777
777,7.770,0.0000,0.0000,0.0000,0.0023,-0.0025,-9.7991,0.0002,0.0018,-0.0003,0.700,0.700,0.700,0.700,51,0,778
778,7.780,0.0000,0.0000,0.0000,0.0023,-0.0025,-9.7991,0.0002,0.0018,-0.0003,0.700,0.700,0.700,0.700,51,0,779
779,7.790,0.0000,0.0000,0.0000,0.0023,-0.0025,-9.7991,0.0002,0.0018,-0.0003,0.700,0.700,0.700,0.700,51,0,780
780,7.800,0.0000,0.0000,0.0000,0.0023,-0.0025,-9.7991,0.0002,0.0018,-0.0003,0.700,0.700,0.700,0.700,51,0,781
781,7.810,0.0000,0.0000,0.0000,0.0023,-0.0025,-9.7991,0.0002,0.0018,-0.0003,0.700,0.700,0.700,0.700,51,0,782
782,7.820,0.0000,0.0000,0.0000,0.0023,-0.0025,-9.7991,0.0002,0.0018,-0.0003,0.700,0.700,0.700,0.700,51,0,783
783,7.830,0.0000,0.0000,0.0000,0.0023,-0.0025,-9.7991,0.0002,0.0018,-0.0003,0.700,0.700,0.700,0.700,51,0,784
784,7.840,0.0000,0.0000,0.0000,0.0023,-0.0025,-9.7991,0.0002,0.0018,-0.0003,0.700,0.700,0.700,0.700,51,0,785
785,7.850,0.0000,0.0000,0.0000,0.0023,-0.0025,-9.7991,0.0002,0.0018,-0.0003,0.700,0.700,0.700,0.700,51,0,786
786,7.860,0.0000,0.0000,0.0000,0.0023,-0.0025,-9.7991,0.0002,0.0018,-0.0003,0.700,0.700,0.700,0.700,51,0,787
787,7.870,0.0000,0.0000,0.0000,0.0023,-0.0025,-9.7991,0.0002,0.0018,-0.0003,0.700,0.700,0.700,0.700,51,0,788
788,7.880,0.0000,0.0000,0.0000,0.0023,-0.0025,-9.7991,0.0002,0.0018,-0.0003,0.700,0.700,0.700,0.700,51,0,789
789,7.890,0.0000,0.0000,0.0000,0.0023,-0.0025,-9.7991,0.0002,0.0018,-0.0003,0.700,0.700,0.700,0.700,51,0,790
790,7.900,0.0000,0.0000,0.0000,0.0023,-0.0025,-9.7991,0.0002,0.0018,-0.0003,0.700,0.700,0.700,0.700,51,0,791
791,7.910,0.0000,0.0000,0.0000,0.0023,-0.0025,-9.7991,0.0002,0.0018,-0.0003,0.700,0.700,0.700,0.700,51,0,792
792,7.920,0.0000,0.0000,0.0000,0.0023,-0.0025,-9.7991,0.0002,0.0018,-0.0003,0.700,0.700,0.700,0.700,51,0,793
793,7.930,0.0000,0.0000,0.0000,0.0023,-0.0025,-9.7991,0.0002,0.0018,-0.0003,0.700,0.700,0.700,0.700,51,0,794
794,7.940,0.0000,0.0000,0.0000,0.0023,-0.0025,-9.7991,0.0002,0.0018,-0.0003,0.700,0.700,0.700,0.700,51,0,795
795,7.950,0.0000,0.0000,0.0000,0.0023,-0.0025,-9.7991,0.0002,0.0018,-0.0003,0.700,0.700,0.700,0.700,51,0,796
796,7.960,0.0000,0.0000,0.0000,0.0023,-0.0025,-9.7991,0.0002,0.0018,-0.0003,0.700,0.700,0.700,0.700,51,0,797
797,7.970,0.0000,0.0000,0.0000,0.0023,-0.0025,-9.7991,0.0002,0.0018,-0.0003,0.700,0.700,0.700,0.700,51,0,798
798,7.980,0.0000,0.0000,0.0000,0.0023,-0.0025,-9.7991,0.0002,0.0018,-0.0003,0.700,0.700,0.700,0.700,51,0,799
799,7.990,0.0000,0.0000,0.0000,0.0023,-0.0025,-9.7991,0.0002,0.0018,-0.0003,0.700,0.700,0.700,0.700,51,0,800
800,8.000,0.0000,0.0000,0.0000,0.0023,-0.0025,-9.7991,0.0002,0.0018,-0.0003,0.700,0.700,0.700,0.700,51,0,801
801,8.010,0.0000,0.0000,0.0000,0.0023,-0.0025,-9.7991,0.0002,0.0018,-0.0003,0.700,0.700,0.700,0.700,51,0,802
802,8.020,0.0000,0.0000,0.0000,0.0023,-0.0025,-9.7991,0.0002,0.0018,-0.0003,0.700,0.700,0.700,0.700,51,0,803
803,8.030,0.0000,0.0000,0.0000,0.0023,-0.0025,-9.7991,0.0002,0.0018,-0.0003,0.700,0.700,0.700,0.700,51,0,804
804,8.040,0.0000,0.0000,0.0000,0.0023,-0.0025,-9.7991,0.0002,0.0018,-0.0003,0.700,0.700,0.700,0.700,51,0,805
805,8.050,0.0000,0.0000,0.0000,0.0023,-0.0025,-9.7991,0.0002,0.0018,-0.0003,0.700,0.700,0.700,0.700,51,0,806
806,8.060,0.0000,0.0000,0.0000,0.0023,-0.0025,-9.7991,0.0002,0.0018,-0.0003,0.700,0.700,0.700,0.700,51,0,807
807,8.070,0.0000,0.0000,0.0000,0.0023,-0.0025,-9.7991,0.0002,0.0018,-0.0003,0.700,0.700,0.700,0.700,51,0,808
808,8.080,0.0000,0.0000,0.0000,0.0023,-0.0025,-9.7991,0.0002,0.0018,-0.0003,0.700,0.700,0.700,0.700,51,0,809
809,8.090,0.0000,0.0000,0.0000,0.0023,-0.0025,-9.7991,0.0002,0.0018,-0.0003,0.700,0.700,0.700,0.700,51,0,810
810,8.100,0.0000,0.0000,0.0000,0.0023,-0.0025,-9.7991,0.0002,0.0018,-0.0003,0.700,0.700,0.700,0.700,51,0,811
811,8.110,0.0000,0.0000,0.0000,0.0023,-0.0025,-9.7991,0.0002,0.0018,-0.0003,0.700,0.700,0.700,0.700,51,0,812
812,8.120,0.0000,0.0000,0.0000,0.0023,-0.0025,-9.7991,0.0002,0.0018,-0.0003,0.700,0.700,0.700,0.700,51,0,813
813,8.130,0.0000,0.0000,0.0000,0.0023,-0.0025,-9.7991,0.0002,0.0018,-0.0003,0.700,0.700,0.700,0.700,51,0,814
814,8.140,0.0000,0.0000,0.0000,0.0023,-0.0025,-9.7991,0.0002,0.0018,-0.0003,0.700,0.700,0.700,0.700,51,0,815
815,8.150,0.0000,0.0000,0.0000,0.0023,-0.0025,-9.7991,0.0002,0.0018,-0.0003,0.700,0.700,0.700,0.700,51,0,816
816,8.160,0.0000,0.0000,0.0000,0.0023,-0.0025,-9.7991,0.0002,0.0018,-0.0003,0.700,0.700,0.700,0.700,51,0,817
817,8.170,0.0000,0.0000,0.0000,0.0023,-0.0025,-9.7991,0.0002,0.0018,-0.0003,0.700,0.700,0.700,0.700,51,0,818
818,8.180,0.0000,0.0000,0.0000,0.0023,-0.0025,-9.7991,0.0002,0.0018,-0.0003,0.700,0.700,0.700,0.700,51,0,819
819,8.190,0.0000,0.0000,0.0000,0.0023,-0.0025,-9.7991,0.0002,0.0018,-0.0003,0.700,0.700,0.700,0.700,51,0,820
820,8.200,0.0000,0.0000,0.0000,0.0023,-0.0025,-9.7991,0.0002,0.0018,-0.0003,0.700,0.700,0.700,0.700,51,0,821
821,8.210,0.0000,0.0000,0.0000,0.0023,-0.0025,-9.7991,0.0002,0.0018,-0.0003,0.700,0.700,0.700,0.700,51,0,822
822,8.220,0.0000,0.0000,0.0000,0.0023,-0.0025,-9.7991,0.0002,0.0018,-0.0003,0.700,0.700,0.700,0.700,51,0,823
823,8.230,0.0000,0.0000,0.0000,0.0023,-0.0025,-9.7991,0.0002,0.0018,-0.0003,0.700,0.700,0.700,0.700,51,0,824
824,8.240,0.0000,0.0000,0.0000,0.0023,-0.0025,-9.7991,0.0002,0.0018,-0.0003,0.700,0.700,0.700,0.700,51,0,825
825,8.250,0.0000,0.0000,0.0000,0.0023,-0.0025,-9.7991,0.0002,0.0018,-0.0003,0.700,0.700,0.700,0.700,51,0,826
826,8.260,0.0000,0.0000,0.0000,0.0023,-0.0025,-9.7991,0.0002,0.0018,-0.0003,0.700,0.700,0.700,0.700,51,0,827
827,8.270,0.0000,0.0000,0.0000,0.0023,-0.0025,-9.7991,0.0002,0.0018,-0.0003,0.700,0.700,0.700,0.700,51,0,828
828,8.280,0.0000,0.0000,0.0000,0.0023,-0.0025,-9.7991,0.0002,0.0018,-0.0003,0.700,0.700,0.700,0.700,51,0,829
829,8.290,0.0000,0.0000,0.0000,0.0023,-0.0025,-9.7991,0.0002,0.0018,-0.0003,0.700,0.700,0.700,0.700,51,0,830
830,8.300,0.0000,0.0000,0.0000,0.0023,-0.0025,-9.7991,0.0002,0.0018,-0.0003,0.700,0.700,0.700,0.700,51,0,831
831,8.310,0.0000,0.0000,0.0000,0.0023,-0.0025,-9.7991,0.0002,0.0018,-0.0003,0.700,0.700,0.700,0.700,51,0,832
832,8.320,0.0000,0.0000,0.0000,0.0023,-0.0025,-9.7991,0.0002,0.0018,-0.0003,0.700,0.700,0.700,0.700,51,0,833
833,8.330,0.0000,0.0000,0.0000,0.0023,-0.0025,-9.7991,0.0002,0.0018,-0.0003,0.700,0.700,0.700,0.700,51,0,834
834,8.340,0.0000,0.0000,0.0000,0.0023,-0.0025,-9.7991,0.0002,0.0018,-0.0003,0.700,0.700,0.700,0.700,51,0,835
835,8.350,0.0000,0.0000,0.0000,0.0023,-0.0025,-9.7991,0.0002,0.0018,-0.0003,0.700,0.700,0.700,0.700,51,0,836
836,8.360,0.0000,0.0000,0.0000,0.0023,-0.0025,-9.7991,0.0002,0.0018,-0.0003,0.700,0.700,0.700,0.700,51,0,837
837,8.370,0.0000,0.0000,0.0000,0.0023,-0.0025,-9.7991,0.0002,0.0018,-0.0003,0.700,0.700,0.700,0.700,51,0,838
838,8.380,0.0000,0.0000,0.0000,0.0023,-0.0025,-9.7991,0.0002,0.0018,-0.0003,0.700,0.700,0.700,0.700,51,0,839
839,8.390,0.0000,0.0000,0.0000,0.0023,-0.0025,-9.7991,0.0002,0.0018,-0.0003,0.700,0.700,0.700,0.700,51,0,840
840,8.400,0.0000,0.0000,0.0000,0.0023,-0.0025,-9.7991,0.0002,0.0018,-0.0003,0.700,0.700,0.700,0.700,51,0,841
841,8.410,0.0000,0.0000,0.0000,0.0023,-0.0025,-9.7991,0.0002,0.0018,-0.0003,0.700,0.700,0.700,0.700,51,0,842
842,8.420,0.0000,0.0000,0.0000,0.0023,-0.0025,-9.7991,0.0002,0.0018,-0.0003,0.700,0.700,0.700,0.700,51,0,843
843,8.430,0.0000,0.0000,0.0000,0.0023,-0.0025,-9.7991,0.0002,0.0018,-0.0003,0.700,0.700,0.700,0.700,51,0,844
844,8.440,0.0000,0.0000,0.0000,0.0023,-0.0025,-9.7991,0.0002,0.0018,-0.0003,0.700,0.700,0.700,0.700,51,0,845
845,8.450,0.0000,0.0000,0.0000,0.0023,-0.0025,-9.7991,0.0002,0.0018,-0.0003,0.700,0.700,0.700,0.700,51,0,846
846,8.460,0.0000,0.0000,0.0000,0.0023,-0.0025,-9.7991,0.0002,0.0018,-0.0003,0.700,0.700,0.700,0.700,51,0,847
847,8.470,0.0000,0.0000,0.0000,0.0023,-0.0025,-9.7991,0.0002,0.0018,-0.0003,0.700,0.700,0.700,0.700,51,0,848
848,8.480,0.0000,0.0000,0.0000,0.0023,-0.0025,-9.7991,0.0002,0.0018,-0.0003,0.700,0.700,0.700,0.700,51,0,849
849,8.490,0.0000,0.0000,0.0000,0.0023,-0.0025,-9.7991,0.0002,0.0018,-0.0003,0.700,0.700,0.700,0.700,51,0,850
850,8.500,0.0000,0.0000,0.0000,0.0023,-0.0025,-9.7991,0.0002,0.0018,-0.0003,0.700,0.700,0.700,0.700,51,0,851
851,8.510,0.0000,0.0000,0.0000,0.0023,-0.0025,-9.7991,0.0002,0.0018,-0.0003,0.700,0.700,0.700,0.700,51,0,852
852,8.520,0.0000,0.0000,0.0000,0.0023,-0.0025,-9.7991,0.0002,0.0018,-0.0003,0.700,0.700,0.700,0.700,51,0,853
853,8.530,0.0000,0.0000,0.0000,0.0023,-0.0025,-9.7991,0.0002,0.0018,-0.0003,0.700,0.700,0.700,0.700,51,0,854
854,8.540,0.0000,0.0000,0.0000,0.0023,-0.0025,-9.7991,0.0002,0.0018,-0.0003,0.700,0.700,0.700,0.700,51,0,855
855,8.550,0.0000,0.0000,0.0000,0.0023,-0.0025,-9.7991,0.0002,0.0018,-0.0003,0.700,0.700,0.700,0.700,51,0,856
856,8.560,0.0000,0.0000,0.0000,0.0023,-0.0025,-9.7991,0.0002,0.0018,-0.0003,0.700,0.700,0.700,0.700,51,0,857
857,8.570,0.0000,0.0000,0.0000,0.0023,-0.0025,-9.7991,0.0002,0.0018,-0.0003,0.700,0.700,0.700,0.700,51,0,858
858,8.580,0.0000,0.0000,0.0000,0.0023,-0.0025,-9.7991,0.0002,0.0018,-0.0003,0.700,0.700,0.700,0.700,51,0,859
859,8.590,0.0000,0.0000,0.0000,0.0023,-0.0025,-9.7991,0.0002,0.0018,-0.0003,0.700,0.700,0.700,0.700,51,0,860
860,8.600,0.0000,0.0000,0.0000,0.0023,-0.0025,-9.7991,0.0002,0.0018,-0.0003,0.700,0.700,0.700,0.700,51,0,861
861,8.610,0.0000,0.0000,0.0000,0.0023,-0.0025,-9.7991,0.0002,0.0018,-0.0003,0.700,0.700,0.700,0.700,51,0,862
862,8.620,0.0000,0.0000,0.0000,0.0023,-0.0025,-9.7991,0.0002,0.0018,-0.0003,0.700,0.700,0.700,0.700,51,0,863
863,8.630,0.0000,0.0000,0.0000,0.0023,-0.0025,-9.7991,0.0002,0.0018,-0.0003,0.700,0.700,0.700,0.700,51,0,864
864,8.640,0.0000,0.0000,0.0000,0.0023,-0.0025,-9.7991,0.0002,0.0018,-0.0003,0.700,0.700,0.700,0.700,51,0,865
865,8.650,0.0000,0.0000,0.0000,0.0023,-0.0025,-9.7991,0.0002,0.0018,-0.0003,0.700,0.700,0.700,0.700,51,0,866
866,8.660,0.0000,0.0000,0.0000,0.0023,-0.0025,-9.7991,0.0002,0.0018,-0.0003,0.700,0.700,0.700,0.700,51,0,867
867,8.670,0.0000,0.0000,0.0000,0.0023,-0.0025,-9.7991,0.0002,0.0018,-0.0003,0.700,0.700,0.700,0.700,51,0,868
868,8.680,0.0000,0.0000,0.0000,0.0023,-0.0025,-9.7991,0.0002,0.0018,-0.0003,0.700,0.700,0.700,0.700,51,0,869
869,8.690,0.0000,0.0000,0.0000,0.0023,-0.0025,-9.7991,0.0002,0.0018,-0.0003,0.700,0.700,0.700,0.700,51,0,870
870,8.700,0.0000,0.0000,0.0000,0.0023,-0.0025,-9.7991,0.0002,0.0018,-0.0003,0.700,0.700,0.700,0.700,51,0,871
871,8.710,0.0000,0.0000,0.0000,0.0023,-0.0025,-9.7991,0.0002,0.0018,-0.0003,0.700,0.700,0.700,0.700,51,0,872
872,8.720,0.0000,0.0000,0.0000,0.0023,-0.0025,-9.7991,0.0002,0.0018,-0.0003,0.700,0.700,0.700,0.700,51,0,873
873,8.730,0.0000,0.0000,0.0000,0.0023,-0.0025,-9.7991,0.0002,0.0018,-0.0003,0.700,0.700,0.700,0.700,51,0,874
874,8.740,0.0000,0.0000,0.0000,0.0023,-0.0025,-9.7991,0.0002,0.0018,-0.0003,0.700,0.700,0.700,0.700,51,0,875
875,8.750,0.0000,0.0000,0.0000,0.0023,-0.0025,-9.7991,0.0002,0.0018,-0.0003,0.700,0.700,0.700,0.700,51,0,876
876,8.760,0.0000,0.0000,0.0000,0.0023,-0.0025,-9.7991,0.0002,0.0018,-0.0003,0.700,0.700,0.700,0.700,51,0,877
877,8.770,0.0000,0.0000,0.0000,0.0023,-0.0025,-9.7991,0.0002,0.0018,-0.0003,0.700,0.700,0.700,0.700,51,0,878
878,8.780,0.0000,0.0000,0.0000,0.0023,-0.0025,-9.7991,0.0002,0.0018,-0.0003,0.700,0.700,0.700,0.700,51,0,879
879,8.790,0.0000,0.0000,0.0000,0.0023,-0.0025,-9.7991,0.0002,0.0018,-0.0003,0.700,0.700,0.700,0.700,51,0,880
880,8.800,0.0000,0.0000,0.0000,0.0023,-0.0025,-9.7991,0.0002,0.0018,-0.0003,0.700,0.700,0.700,0.700,51,0,881
881,8.810,0.0000,0.0000,0.0000,0.0023,-0.0025,-9.7991,0.0002,0.0018,-0.0003,0.700,0.700,0.700,0.700,51,0,882
882,8.820,0.0000,0.0000,0.0000,0.0023,-0.0025,-9.7991,0.0002,0.0018,-0.0003,0.700,0.700,0.700,0.700,51,0,883
883,8.830,0.0000,0.0000,0.0000,0.0023,-0.0025,-9.7991,0.0002,0.0018,-0.0003,0.700,0.700,0.700,0.700,51,0,884
884,8.840,0.0000,0.0000,0.0000,0.0023,-0.0025,-9.7991,0.0002,0.0018,-0.0003,0.700,0.700,0.700,0.700,51,0,885
885,8.850,0.0000,0.0000,0.0000,0.0023,-0.0025,-9.7991,0.0002,0.0018,-0.0003,0.700,0.700,0.700,0.700,51,0,886
886,8.860,0.0000,0.0000,0.0000,0.0023,-0.0025,-9.7991,0.0002,0.0018,-0.0003,0.700,0.700,0.700,0.700,51,0,887
887,8.870,0.0000,0.0000,0.0000,0.0023,-0.0025,-9.7991,0.0002,0.0018,-0.0003,0.700,0.700,0.700,0.700,51,0,888
888,8.880,0.0000,0.0000,0.0000,0.0023,-0.0025,-9.7991,0.0002,0.0018,-0.0003,0.700,0.700,0.700,0.700,51,0,889
889,8.890,0.0000,0.0000,0.0000,0.0023,-0.0025,-9.7991,0.0002,0.0018,-0.0003,0.700,0.700,0.700,0.700,51,0,890
890,8.900,0.0000,0.0000,0.0000,0.0023,-0.0025,-9.7991,0.0002,0.0018,-0.0003,0.700,0.700,0.700,0.700,51,0,891
891,8.910,0.0000,0.0000,0.0000,0.0023,-0.0025,-9.7991,0.0002,0.0018,-0.0003,0.700,0.700,0.700,0.700,51,0,892
892,8.920,0.0000,0.0000,0.0000,0.0023,-0.0025,-9.7991,0.0002,0.0018,-0.0003,0.700,0.700,0.700,0.700,51,0,893
893,8.930,0.0000,0.0000,0.0000,0.0023,-0.0025,-9.7991,0.0002,0.0018,-0.0003,0.700,0.700,0.700,0.700,51,0,894
894,8.940,0.0000,0.0000,0.0000,0.0023,-0.0025,-9.7991,0.0002,0.0018,-0.0003,0.700,0.700,0.700,0.700,51,0,895
895,8.950,0.0000,0.0000,0.0000,0.0023,-0.0025,-9.7991,0.0002,0.0018,-0.0003,0.700,0.700,0.700,0.700,51,0,896
896,8.960,0.0000,0.0000,0.0000,0.0023,-0.0025,-9.7991,0.0002,0.0018,-0.0003,0.700,0.700,0.700,0.700,51,0,897
897,8.970,0.0000,0.0000,0.0000,0.0023,-0.0025,-9.7991,0.0002,0.0018,-0.0003,0.700,0.700,0.700,0.700,51,0,898
898,8.980,0.0000,0.0000,0.0000,0.0023,-0.0025,-9.7991,0.0002,0.0018,-0.0003,0.700,0.700,0.700,0.700,51,0,899
899,8.990,0.0000,0.0000,0.0000,0.0023,-0.0025,-9.7991,0.0002,0.0018,-0.0003,0.700,0.700,0.700,0.700,51,0,900
900,9.000,0.0000,0.0000,0.0000,0.0023,-0.0025,-9.7991,0.0002,0.0018,-0.0003,0.700,0.700,0.700,0.700,51,0,901
901,9.010,0.0000,0.0000,0.0000,0.0023,-0.0025,-9.7991,0.0002,0.0018,-0.0003,0.700,0.700,0.700,0.700,51,0,902
902,9.020,0.0000,0.0000,0.0000,0.0023,-0.0025,-9.7991,0.0002,0.0018,-0.0003,0.700,0.700,0.700,0.700,51,0,903
903,9.030,0.0000,0.0000,0.0000,0.0023,-0.0025,-9.7991,0.0002,0.0018,-0.0003,0.700,0.700,0.700,0.700,51,0,904
904,9.040,0.0000,0.0000,0.0000,0.0023,-0.0025,-9.7991,0.0002,0.0018,-0.0003,0.700,0.700,0.700,0.700,51,0,905
905,9.050,0.0000,0.0000,0.0000,0.0023,-0.0025,-9.7991,0.0002,0.0018,-0.0003,0.700,0.700,0.700,0.700,51,0,906
906,9.060,0.0000,0.0000,0.0000,0.0023,-0.0025,-9.7991,0.0002,0.0018,-0.0003,0.700,0.700,0.700,0.700,51,0,907
907,9.070,0.0000,0.0000,0.0000,0.0023,-0.0025,-9.7991,0.0002,0.0018,-0.0003,0.700,0.700,0.700,0.700,51,0,908
908,9.080,0.0000,0.0000,0.0000,0.0023,-0.0025,-9.7991,0.0002,0.0018,-0.0003,0.700,0.700,0.700,0.700,51,0,909
909,9.090,0.0000,0.0000,0.0000,0.0023,-0.0025,-9.7991,0.0002,0.0018,-0.0003,0.700,0.700,0.700,0.700,51,0,910
910,9.100,0.0000,0.0000,0.0000,0.0023,-0.0025,-9.7991,0.0002,0.0018,-0.0003,0.700,0.700,0.700,0.700,51,0,911
911,9.110,0.0000,0.0000,0.0000,0.0023,-0.0025,-9.7991,0.0002,0.0018,-0.0003,0.700,0.700,0.700,0.700,51,0,912
912,9.120,0.0000,0.0000,0.0000,0.0023,-0.0025,-9.7991,0.0002,0.0018,-0.0003,0.700,0.700,0.700,0.700,51,0,913
913,9.130,0.0000,0.0000,0.0000,0.0023,-0.0025,-9.7991,0.0002,0.0018,-0.0003,0.700,0.700,0.700,0.700,51,0,914
914,9.140,0.0000,0.0000,0.0000,0.0023,-0.0025,-9.7991,0.0002,0.0018,-0.0003,0.700,0.700,0.700,0.700,51,0,915
915,9.150,0.0000,0.0000,0.0000,0.0023,-0.0025,-9.7991,0.0002,0.0018,-0.0003,0.700,0.700,0.700,0.700,51,0,916
916,9.160,0.0000,0.0000,0.0000,0.0023,-0.0025,-9.7991,0.0002,0.0018,-0.0003,0.700,0.700,0.700,0.700,51,0,917
917,9.170,0.0000,0.0000,0.0000,0.0023,-0.0025,-9.7991,0.0002,0.0018,-0.0003,0.700,0.700,0.700,0.700,51,0,918
918,9.180,0.0000,0.0000,0.0000,0.0023,-0.0025,-9.7991,0.0002,0.0018,-0.0003,0.700,0.700,0.700,0.700,51,0,919
919,9.190,0.0000,0.0000,0.0000,0.0023,-0.0025,-9.7991,0.0002,0.0018,-0.0003,0.700,0.700,0.700,0.700,51,0,920
920,9.200,0.0000,0.0000,0.0000,0.0023,-0.0025,-9.7991,0.0002,0.0018,-0.0003,0.700,0.700,0.700,0.700,51,0,921
921,9.210,0.0000,0.0000,0.0000,0.0023,-0.0025,-9.7991,0.0002,0.0018,-0.0003,0.700,0.700,0.700,0.700,51,0,922
922,9.220,0.0000,0.0000,0.0000,0.0023,-0.0025,-9.7991,0.0002,0.0018,-0.0003,0.700,0.700,0.700,0.700,51,0,923
923,9.230,0.0000,0.0000,0.0000,0.0023,-0.0025,-9.7991,0.0002,0.0018,-0.0003,0.700,0.700,0.700,0.700,51,0,924
924,9.240,0.0000,0.0000,0.0000,0.0023,-0.0025,-9.7991,0.0002,0.0018,-0.0003,0.700,0.700,0.700,0.700,51,0,925
925,9.250,0.0000,0.0000,0.0000,0.0023,-0.0025,-9.7991,0.0002,0.0018,-0.0003,0.700,0.700,0.700,0.700,51,0,926
926,9.260,0.0000,0.0000,0.0000,0.0023,-0.0025,-9.7991,0.0002,0.0018,-0.0003,0.700,0.700,0.700,0.700,51,0,927
927,9.270,0.0000,0.0000,0.0000,0.0023,-0.0025,-9.7991,0.0002,0.0018,-0.0003,0.700,0.700,0.700,0.700,51,0,928
928,9.280,0.0000,0.0000,0.0000,0.0023,-0.0025,-9.7991,0.0002,0.0018,-0.0003,0.700,0.700,0.700,0.700,51,0,929
929,9.290,0.0000,0.0000,0.0000,0.0023,-0.0025,-9.7991,0.0002,0.0018,-0.0003,0.700,0.700,0.700,0.700,51,0,930
930,9.300,0.0000,0.0000,0.0000,0.0023,-0.0025,-9.7991,0.0002,0.0018,-0.0003,0.700,0.700,0.700,0.700,51,0,931
931,9.310,0.0000,0.0000,0.0000,0.0023,-0.0025,-9.7991,0.0002,0.0018,-0.0003,0.700,0.700,0.700,0.700,51,0,932
932,9.320,0.0000,0.0000,0.0000,0.0023,-0.0025,-9.7991,0.0002,0.0018,-0.0003,0.700,0.700,0.700,0.700,51,0,933
933,9.330,0.0000,0.0000,0.0000,0.0023,-0.0025,-9.7991,0.0002,0.0018,-0.0003,0.700,0.700,0.700,0.700,51,0,934
934,9.340,0.0000,0.0000,0.0000,0.0023,-0.0025,-9.7991,0.0002,0.0018,-0.0003,0.700,0.700,0.700,0.700,51,0,935
935,9.350,0.0000,0.0000,0.0000,0.0023,-0.0025,-9.7991,0.0002,0.0018,-0.0003,0.700,0.700,0.700,0.700,51,0,936
936,9.360,0.0000,0.0000,0.0000,0.0023,-0.0025,-9.7991,0.0002,0.0018,-0.0003,0.700,0.700,0.700,0.700,51,0,937
937,9.370,0.0000,0.0000,0.0000,0.0023,-0.0025,-9.7991,0.0002,0.0018,-0.0003,0.700,0.700,0.700,0.700,51,0,938
938,9.380,0.0000,0.0000,0.0000,0.0023,-0.0025,-9.7991,0.0002,0.0018,-0.0003,0.700,0.700,0.700,0.700,51,0,939
939,9.390,0.0000,0.0000,0.0000,0.0023,-0.0025,-9.7991,0.0002,0.0018,-0.0003,0.700,0.700,0.700,0.700,51,0,940
940,9.400,0.0000,0.0000,0.0000,0.0023,-0.0025,-9.7991,0.0002,0.0018,-0.0003,0.700,0.700,0.700,0.700,51,0,941
941,9.410,0.0000,0.0000,0.0000,0.0023,-0.0025,-9.7991,0.0002,0.0018,-0.0003,0.700,0.700,0.700,0.700,51,0,942
942,9.420,0.0000,0.0000,0.0000,0.0023,-0.0025,-9.7991,0.0002,0.0018,-0.0003,0.700,0.700,0.700,0.700,51,0,943
943,9.430,0.0000,0.0000,0.0000,0.0023,-0.0025,-9.7991,0.0002,0.0018,-0.0003,0.700,0.700,0.700,0.700,51,0,944
944,9.440,0.0000,0.0000,0.0000,0.0023,-0.0025,-9.7991,0.0002,0.0018,-0.0003,0.700,0.700,0.700,0.700,51,0,945
945,9.450,0.0000,0.0000,0.0000,0.0023,-0.0025,-9.7991,0.0002,0.0018,-0.0003,0.700,0.700,0.700,0.700,51,0,946
946,9.460,0.0000,0.0000,0.0000,0.0023,-0.0025,-9.7991,0.0002,0.0018,-0.0003,0.700,0.700,0.700,0.700,51,0,947
947,9.470,0.0000,0.0000,0.0000,0.0023,-0.0025,-9.7991,0.0002,0.0018,-0.0003,0.700,0.700,0.700,0.700,51,0,948
948,9.480,0.0000,0.0000,0.0000,0.0023,-0.0025,-9.7991,0.0002,0.0018,-0.0003,0.700,0.700,0.700,0.700,51,0,949
949,9.490,0.0000,0.0000,0.0000,0.0023,-0.0025,-9.7991,0.0002,0.0018,-0.0003,0.700,0.700,0.700,0.700,51,0,950
950,9.500,0.0000,0.0000,0.0000,0.0023,-0.0025,-9.7991,0.0002,0.0018,-0.0003,0.700,0.700,0.700,0.700,51,0,951
951,9.510,0.0000,0.0000,0.0000,0.0023,-0.0025,-9.7991,0.0002,0.0018,-0.0003,0.700,0.700,0.700,0.700,51,0,952
952,9.520,0.0000,0.0000,0.0000,0.0023,-0.0025,-9.7991,0.0002,0.0018,-0.0003,0.700,0.700,0.700,0.700,51,0,953
953,9.530,0.0000,0.0000,0.0000,0.0023,-0.0025,-9.7991,0.0002,0.0018,-0.0003,0.700,0.700,0.700,0.700,51,0,954
954,9.540,0.0000,0.0000,0.0000,0.0023,-0.0025,-9.7991,0.0002,0.0018,-0.0003,0.700,0.700,0.700,0.700,51,0,955
955,9.550,0.0000,0.0000,0.0000,0.0023,-0.0025,-9.7991,0.0002,0.0018,-0.0003,0.700,0.700,0.700,0.700,51,0,956
956,9.560,0.0000,0.0000,0.0000,0.0023,-0.0025,-9.7991,0.0002,0.0018,-0.0003,0.700,0.700,0.700,0.700,51,0,957
957,9.570,0.0000,0.0000,0.0000,0.0023,-0.0025,-9.7991,0.0002,0.0018,-0.0003,0.700,0.700,0.700,0.700,51,0,958
958,9.580,0.0000,0.0000,0.0000,0.0023,-0.0025,-9.7991,0.0002,0.0018,-0.0003,0.700,0.700,0.700,0.700,51,0,959
959,9.590,0.0000,0.0000,0.0000,0.0023,-0.0025,-9.7991,0.0002,0.0018,-0.0003,0.700,0.700,0.700,0.700,51,0,960
960,9.600,0.0000,0.0000,0.0000,0.0023,-0.0025,-9.7991,0.0002,0.0018,-0.0003,0.700,0.700,0.700,0.700,51,0,961
961,9.610,0.0000,0.0000,0.0000,0.0023,-0.0025,-9.7991,0.0002,0.0018,-0.0003,0.700,0.700,0.700,0.700,51,0,962
962,9.620,0.0000,0.0000,0.0000,0.0023,-0.0025,-9.7991,0.0002,0.0018,-0.0003,0.700,0.700,0.700,0.700,51,0,963
963,9.630,0.0000,0.0000,0.0000,0.0023,-0.0025,-9.7991,0.0002,0.0018,-0.0003,0.700,0.700,0.700,0.700,51,0,964
964,9.640,0.0000,0.0000,0.0000,0.0023,-0.0025,-9.7991,0.0002,0.0018,-0.0003,0.700,0.700,0.700,0.700,51,0,965
965,9.650,0.0000,0.0000,0.0000,0.0023,-0.0025,-9.7991,0.0002,0.0018,-0.0003,0.700,0.700,0.700,0.700,51,0,966
966,9.660,0.0000,0.0000,0.0000,0.0023,-0.0025,-9.7991,0.0002,0.0018,-0.0003,0.700,0.700,0.700,0.700,51,0,967
967,9.670,0.0000,0.0000,0.0000,0.0023,-0.0025,-9.7991,0.0002,0.0018,-0.0003,0.700,0.700,0.700,0.700,51,0,968
968,9.680,0.0000,0.0000,0.0000,0.0023,-0.0025,-9.7991,0.0002,0.0018,-0.0003,0.700,0.700,0.700,0.700,51,0,969
969,9.690,0.0000,0.0000,0.0000,0.0023,-0.0025,-9.7991,0.0002,0.0018,-0.0003,0.700,0.700,0.700,0.700,51,0,970
970,9.700,0.0000,0.0000,0.0000,0.0023,-0.0025,-9.7991,0.0002,0.0018,-0.0003,0.700,0.700,0.700,0.700,51,0,971
971,9.710,0.0000,0.0000,0.0000,0.0023,-0.0025,-9.7991,0.0002,0.0018,-0.0003,0.700,0.700,0.700,0.700,51,0,972
972,9.720,0.0000,0.0000,0.0000,0.0023,-0.0025,-9.7991,0.0002,0.0018,-0.0003,0.700,0.700,0.700,0.700,51,0,973
973,9.730,0.0000,0.0000,0.0000,0.0023,-0.0025,-9.7991,0.0002,0.0018,-0.0003,0.700,0.700,0.700,0.700,51,0,974
974,9.740,0.0000,0.0000,0.0000,0.0023,-0.0025,-9.7991,0.0002,0.0018,-0.0003,0.700,0.700,0.700,0.700,51,0,975
975,9.750,0.0000,0.0000,0.0000,0.0023,-0.0025,-9.7991,0.0002,0.0018,-0.0003,0.700,0.700,0.700,0.700,51,0,976
976,9.760,0.0000,0.0000,0.0000,0.0023,-0.0025,-9.7991,0.0002,0.0018,-0.0003,0.700,0.700,0.700,0.700,51,0,977
977,9.770,0.0000,0.0000,0.0000,0.0023,-0.0025,-9.7991,0.0002,0.0018,-0.0003,0.700,0.700,0.700,0.700,51,0,978
978,9.780,0.0000,0.0000,0.0000,0.0023,-0.0025,-9.7991,0.0002,0.0018,-0.0003,0.700,0.700,0.700,0.700,51,0,979
979,9.790,0.0000,0.0000,0.0000,0.0023,-0.0025,-9.7991,0.0002,0.0018,-0.0003,0.700,0.700,0.700,0.700,51,0,980
980,9.800,0.0000,0.0000,0.0000,0.0023,-0.0025,-9.7991,0.0002,0.0018,-0.0003,0.700,0.700,0.700,0.700,51,0,981
981,9.810,0.0000,0.0000,0.0000,0.0023,-0.0025,-9.7991,0.0002,0.0018,-0.0003,0.700,0.700,0.700,0.700,51,0,982
982,9.820,0.0000,0.0000,0.0000,0.0023,-0.0025,-9.7991,0.0002,0.0018,-0.0003,0.700,0.700,0.700,0.700,51,0,983
983,9.830,0.0000,0.0000,0.0000,0.0023,-0.0025,-9.7991,0.0002,0.0018,-0.0003,0.700,0.700,0.700,0.700,51,0,984
984,9.840,0.0000,0.0000,0.0000,0.0023,-0.0025,-9.7991,0.0002,0.0018,-0.0003,0.700,0.700,0.700,0.700,51,0,985
985,9.850,0.0000,0.0000,0.0000,0.0023,-0.0025,-9.7991,0.0002,0.0018,-0.0003,0.700,0.700,0.700,0.700,51,0,986
986,9.860,0.0000,0.0000,0.0000,0.0023,-0.0025,-9.7991,0.0002,0.0018,-0.0003,0.700,0.700,0.700,0.700,51,0,987
987,9.870,0.0000,0.0000,0.0000,0.0023,-0.0025,-9.7991,0.0002,0.0018,-0.0003,0.700,0.700,0.700,0.700,51,0,988
988,9.880,0.0000,0.0000,0.0000,0.0023,-0.0025,-9.7991,0.0002,0.0018,-0.0003,0.700,0.700,0.700,0.700,51,0,989
989,9.890,0.0000,0.0000,0.0000,0.0023,-0.0025,-9.7991,0.0002,0.0018,-0.0003,0.700,0.700,0.700,0.700,51,0,990
990,9.900,0.0000,0.0000,0.0000,0.0023,-0.0025,-9.7991,0.0002,0.0018,-0.0003,0.700,0.700,0.700,0.700,51,0,991
991,9.910,0.0000,0.0000,0.0000,0.0023,-0.0025,-9.7991,0.0002,0.0018,-0.0003,0.700,0.700,0.700,0.700,51,0,992
992,9.920,0.0000,0.0000,0.0000,0.0023,-0.0025,-9.7991,0.0002,0.0018,-0.0003,0.700,0.700,0.700,0.700,51,0,993
993,9.930,0.0000,0.0000,0.0000,0.0023,-0.0025,-9.7991,0.0002,0.0018,-0.0003,0.700,0.700,0.700,0.700,51,0,994
994,9.940,0.0000,0.0000,0.0000,0.0023,-0.0025,-9.7991,0.0002,0.0018,-0.0003,0.700,0.700,0.700,0.700,51,0,995
995,9.950,0.0000,0.0000,0.0000,0.0023,-0.0025,-9.7991,0.0002,0.0018,-0.0003,0.700,0.700,0.700,0.700,51,0,996
996,9.960,0.0000,0.0000,0.0000,0.0023,-0.0025,-9.7991,0.0002,0.0018,-0.0003,0.700,0.700,0.700,0.700,51,0,997
997,9.970,0.0000,0.0000,0.0000,0.0023,-0.0025,-9.7991,0.0002,0.0018,-0.0003,0.700,0.700,0.700,0.700,51,0,998
998,9.980,0.0000,0.0000,0.0000,0.0023,-0.0025,-9.7991,0.0002,0.0018,-0.0003,0.700,0.700,0.700,0.700,51,0,999
999,9.990,0.0000,0.0000,0.0000,0.0023,-0.0025,-9.7991,0.0002,0.0018,-0.0003,0.700,0.700,0.700,0.700,51,0,1000
