step,t_s,n_m,e_m,d_m,ax_body,ay_body,az_body,gx_body,gy_body,gz_body,m0,m1,m2,m3,imu_recv,navsat_recv,motor_send
0,0.000,0.0000,0.0000,0.0000,-0.0037,0.0028,-9.7987,-0.0003,0.0006,0.0009,0.820,0.820,0.820,0.820,51,0,1
1,0.010,0.0000,0.0000,-0.0200,0.0024,0.0003,-9.8000,0.0021,-0.0006,0.0003,0.789,0.789,0.789,0.789,54,2,2
2,0.020,0.0000,0.0000,-0.0200,0.0018,-0.0019,-9.7958,0.0009,0.0009,0.0007,0.791,0.791,0.791,0.791,56,2,3
3,0.030,0.0000,0.0000,-0.0200,-0.0020,0.0026,-9.7989,-0.0004,0.0009,0.0009,0.792,0.792,0.792,0.792,59,3,4
4,0.040,0.0000,0.0000,-0.0200,-0.0012,-0.0018,-9.7985,-0.0006,0.0002,-0.0011,0.793,0.793,0.793,0.793,61,4,5
5,0.050,0.0000,0.0000,-0.0200,-0.0030,-0.0025,-9.8560,-0.0009,-0.0005,0.0003,0.795,0.795,0.795,0.795,63,4,6
6,0.060,0.0000,0.0000,-0.0200,-0.0030,0.0053,-10.2474,-0.0004,0.0009,0.0002,0.796,0.796,0.796,0.796,65,5,7
7,0.070,0.0000,0.0000,-0.0200,-0.0010,-0.0011,-10.5012,-0.0004,-0.0000,0.0002,0.797,0.797,0.797,0.797,68,5,8
8,0.080,0.0000,0.0000,-0.0202,0.0032,-0.0016,-10.5777,0.0001,0.0002,-0.0004,0.798,0.798,0.798,0.798,70,6,9
9,0.090,0.0000,0.0000,-0.0202,0.0012,0.0012,-10.6220,-0.0012,0.0002,-0.0016,0.799,0.799,0.799,0.799,72,6,10
10,0.100,0.0000,0.0000,-0.0207,-0.0016,0.0006,-10.6686,0.0012,0.0014,-0.0005,0.799,0.799,0.799,0.799,75,7,11
11,0.110,0.0000,0.0000,-0.0215,-0.0010,0.0005,-10.6868,-0.0000,0.0005,0.0009,0.799,0.799,0.799,0.799,77,8,12
12,0.120,0.0000,0.0000,-0.0215,-0.0006,0.0005,-10.6968,-0.0001,-0.0001,0.0005,0.800,0.800,0.800,0.800,79,8,13
13,0.130,0.0000,0.0000,-0.0227,-0.0009,-0.0040,-10.7062,0.0003,-0.0011,0.0010,0.799,0.799,0.799,0.799,81,9,14
14,0.140,0.0000,0.0000,-0.0227,0.0009,0.0026,-10.7065,0.0002,-0.0007,0.0006,0.800,0.800,0.800,0.800,83,9,15
15,0.150,0.0000,0.0000,-0.0242,0.0004,0.0020,-10.7208,0.0001,-0.0001,-0.0006,0.799,0.799,0.799,0.799,86,10,16
16,0.160,0.0000,0.0000,-0.0242,-0.0019,-0.0048,-10.7164,-0.0007,-0.0008,0.0006,0.800,0.800,0.800,0.800,88,10,17
17,0.170,0.0000,0.0000,-0.0261,0.0004,0.0050,-10.7165,0.0004,-0.0002,0.0003,0.798,0.798,0.798,0.798,91,11,18
18,0.180,0.0000,0.0000,-0.0283,-0.0009,-0.0010,-10.7024,0.0009,-0.0006,-0.0018,0.795,0.795,0.795,0.795,93,12,19
19,0.190,0.0000,0.0000,-0.0283,0.0038,-0.0026,-10.6729,0.0006,-0.0002,-0.0001,0.796,0.796,0.796,0.796,95,12,20
20,0.200,0.0000,0.0000,-0.0309,0.0002,-0.0033,-10.6480,-0.0001,0.0004,0.0019,0.793,0.793,0.793,0.793,98,13,21
21,0.210,0.0000,0.0000,-0.0309,-0.0004,0.0035,-10.6254,0.0008,-0.0004,-0.0007,0.795,0.795,0.795,0.795,100,13,22
22,0.220,0.0000,0.0000,-0.0339,-0.0012,-0.0022,-10.6064,-0.0001,-0.0003,-0.0006,0.791,0.791,0.791,0.791,102,14,23
23,0.230,0.0000,0.0000,-0.0372,-0.0022,-0.0047,-10.5643,0.0007,-0.0011,0.0016,0.787,0.787,0.787,0.787,105,15,24
24,0.240,0.0000,0.0000,-0.0372,-0.0012,0.0019,-10.5196,-0.0017,0.0007,-0.0008,0.789,0.789,0.789,0.789,107,15,25
25,0.250,0.0000,0.0000,-0.0408,-0.0026,-0.0032,-10.4782,0.0007,0.0015,0.0002,0.785,0.785,0.785,0.785,110,16,26
26,0.260,0.0000,0.0000,-0.0408,0.0001,-0.0003,-10.4341,0.0007,0.0009,0.0024,0.787,0.787,0.787,0.787,112,16,27
27,0.270,0.0000,0.0000,-0.0446,0.0037,0.0009,-10.4038,0.0005,0.0002,-0.0014,0.782,0.782,0.782,0.782,115,17,28
28,0.280,0.0000,0.0000,-0.0488,0.0020,-0.0014,-10.3594,-0.0002,0.0005,0.0001,0.778,0.778,0.778,0.778,117,18,29
29,0.290,0.0000,0.0000,-0.0488,0.0006,0.0015,-10.3022,-0.0009,-0.0002,-0.0000,0.780,0.780,0.780,0.780,119,18,30
30,0.300,0.0000,0.0000,-0.0531,0.0027,0.0001,-10.2586,-0.0000,-0.0003,-0.0007,0.775,0.775,0.775,0.775,121,19,31
31,0.310,0.0000,0.0000,-0.0531,0.0007,0.0009,-10.2155,-0.0010,0.0005,-0.0003,0.777,0.777,0.777,0.777,123,19,32
32,0.320,0.0000,0.0000,-0.0576,0.0031,0.0019,-10.1620,-0.0008,0.0006,0.0007,0.772,0.772,0.772,0.772,126,20,33
33,0.330,0.0000,0.0000,-0.0576,0.0019,-0.0010,-10.1181,0.0010,-0.0003,0.0005,0.774,0.774,0.774,0.774,128,20,34
34,0.340,0.0000,0.0000,-0.0623,0.0032,-0.0019,-10.0794,0.0003,-0.0004,0.0004,0.769,0.769,0.769,0.769,131,21,35
35,0.350,0.0000,0.0000,-0.0670,-0.0018,-0.0013,-10.0356,0.0005,-0.0015,-0.0004,0.764,0.764,0.764,0.764,133,22,36
36,0.360,0.0000,0.0000,-0.0670,-0.0021,0.0027,-9.9683,-0.0008,0.0020,0.0007,0.767,0.767,0.767,0.767,135,22,37
37,0.370,0.0000,0.0000,-0.0719,-0.0005,-0.0016,-9.9056,0.0004,0.0014,-0.0000,0.762,0.762,0.762,0.762,138,23,38
38,0.380,0.0000,0.0000,-0.0719,-0.0009,-0.0011,-9.8567,-0.0014,-0.0012,-0.0004,0.764,0.764,0.764,0.764,140,23,39
39,0.390,0.0000,0.0000,-0.0768,0.0003,-0.0014,-9.8252,0.0010,0.0016,0.0001,0.759,0.759,0.759,0.759,143,24,40
40,0.400,0.0000,0.0000,-0.0818,0.0019,0.0028,-9.7793,0.0001,0.0001,-0.0006,0.755,0.755,0.755,0.755,145,25,41
41,0.410,0.0000,0.0000,-0.0818,0.0041,0.0030,-9.6826,-0.0006,-0.0008,0.0001,0.758,0.758,0.758,0.758,148,25,42
42,0.420,0.0000,0.0000,-0.0867,0.0034,-0.0007,-9.6602,0.0004,-0.0009,-0.0004,0.753,0.753,0.753,0.753,150,26,43
43,0.430,0.0000,0.0000,-0.0867,-0.0012,-0.0005,-9.6247,-0.0000,0.0019,0.0000,0.756,0.756,0.756,0.756,152,26,44
44,0.440,0.0000,0.0000,-0.0915,0.0027,-0.0011,-9.5917,-0.0011,-0.0006,-0.0009,0.751,0.751,0.751,0.751,154,27,45
45,0.450,0.0000,0.0000,-0.0963,-0.0039,-0.0018,-9.5582,-0.0001,-0.0005,0.0002,0.747,0.747,0.747,0.747,157,28,46
46,0.460,0.0000,0.0000,-0.0963,0.0050,0.0005,-9.4985,0.0008,-0.0000,-0.0003,0.751,0.751,0.751,0.751,159,28,47
47,0.470,0.0000,0.0000,-0.1010,0.0000,0.0002,-9.4704,0.0005,-0.0006,-0.0009,0.747,0.747,0.747,0.747,161,29,48
48,0.480,0.0000,0.0000,-0.1010,-0.0010,0.0023,-9.4419,0.0001,0.0001,0.0012,0.750,0.750,0.750,0.750,163,29,49
49,0.490,0.0000,0.0000,-0.1056,0.0018,0.0001,-9.4270,0.0000,0.0003,-0.0017,0.746,0.746,0.746,0.746,166,30,50
50,0.500,0.0000,0.0000,-0.1056,-0.0031,0.0009,-9.4068,-0.0001,-0.0007,-0.0003,0.751,0.748,0.747,0.753,168,30,51
51,0.510,0.0000,0.0000,-0.1100,-0.0004,0.0015,-9.4080,0.0007,0.0019,0.0012,0.746,0.747,0.747,0.744,170,31,52
52,0.520,0.0000,0.0000,-0.1142,-0.0034,-0.0017,-9.3916,-0.0001,0.0014,-0.0006,0.742,0.743,0.743,0.743,173,32,53
53,0.530,0.0000,0.0000,-0.1142,0.0011,-0.0011,-9.3481,0.0005,0.0042,-0.0002,0.745,0.748,0.748,0.745,175,32,54
54,0.540,-0.0000,-0.0000,-0.1183,0.0009,-0.0014,-9.3404,0.0002,0.0036,-0.0007,0.743,0.744,0.744,0.743,178,33,55
55,0.550,-0.0000,-0.0000,-0.1183,0.0009,-0.0006,-9.3234,0.0016,0.0037,-0.0012,0.747,0.749,0.747,0.746,180,33,56
56,0.560,-0.0000,-0.0000,-0.1222,-0.0029,-0.0036,-9.3318,0.0015,0.0015,0.0005,0.745,0.744,0.744,0.744,182,34,57
57,0.570,-0.0000,-0.0000,-0.1259,-0.0001,0.0021,-9.3204,0.0004,-0.0012,0.0000,0.743,0.741,0.741,0.743,185,35,58
58,0.580,-0.0000,-0.0000,-0.1259,-0.0008,0.0009,-9.2914,0.0001,-0.0024,-0.0002,0.746,0.745,0.745,0.747,187,35,59
59,0.590,-0.0000,-0.0000,-0.1295,-0.0021,-0.0020,-9.3054,-0.0015,0.0008,-0.0006,0.742,0.744,0.745,0.743,190,36,60
60,0.600,-0.0000,-0.0000,-0.1295,0.0024,0.0029,-9.3010,-0.0021,0.0033,0.0010,0.746,0.747,0.749,0.746,192,36,61
61,0.610,-0.0000,-0.0000,-0.1328,-0.0010,0.0005,-9.3190,-0.0002,-0.0013,-0.0019,0.747,0.745,0.742,0.747,194,37,62
62,0.620,-0.0000,-0.0000,-0.1328,0.0001,-0.0006,-9.3332,-0.0003,-0.0007,-0.0019,0.748,0.749,0.749,0.749,196,37,63
63,0.630,-0.0000,-0.0000,-0.1359,0.0002,0.0013,-9.3605,0.0002,0.0006,-0.0005,0.747,0.747,0.748,0.746,199,38,64
64,0.640,-0.0000,-0.0000,-0.1389,-0.0028,0.0013,-9.3652,0.0004,-0.0007,-0.0006,0.746,0.745,0.745,0.746,201,39,65
65,0.650,-0.0000,-0.0000,-0.1389,-0.0038,-0.0005,-9.3509,-0.0005,0.0005,0.0007,0.749,0.749,0.750,0.749,204,39,66
66,0.660,-0.0000,-0.0000,-0.1416,-0.0013,-0.0016,-9.3808,0.0016,0.0002,-0.0002,0.749,0.749,0.747,0.747,206,40,67
67,0.670,-0.0000,-0.0000,-0.1442,0.0014,-0.0026,-9.3873,0.0011,-0.0011,0.0002,0.748,0.747,0.747,0.748,209,41,68
68,0.680,-0.0000,-0.0000,-0.1442,0.0046,-0.0032,-9.3788,0.0005,-0.0012,-0.0012,0.750,0.751,0.750,0.751,211,41,69
69,0.690,-0.0000,-0.0000,-0.1466,-0.0008,-0.0029,-9.4050,-0.0001,0.0001,-0.0012,0.749,0.750,0.750,0.750,213,42,70
70,0.700,-0.0000,-0.0000,-0.1466,-0.0006,0.0007,-9.4230,-0.0002,-0.0004,0.0006,0.754,0.752,0.753,0.753,215,42,71
71,0.710,-0.0000,-0.0000,-0.1489,-0.0020,-0.0005,-9.4644,-0.0006,-0.0008,0.0012,0.753,0.752,0.753,0.753,218,43,72
72,0.720,-0.0000,-0.0000,-0.1489,0.0004,0.0008,-9.4780,0.0012,-0.0014,-0.0004,0.756,0.756,0.754,0.756,220,43,73
73,0.730,-0.0000,-0.0000,-0.1510,0.0018,-0.0021,-9.5122,-0.0000,0.0015,0.0000,0.754,0.756,0.757,0.754,222,44,74
74,0.740,-0.0000,-0.0000,-0.1531,0.0019,0.0005,-9.5443,0.0010,0.0003,-0.0003,0.756,0.755,0.754,0.755,225,45,75
75,0.750,-0.0000,-0.0000,-0.1531,-0.0049,0.0017,-9.5520,-0.0011,0.0005,-0.0011,0.756,0.757,0.758,0.759,227,45,76
76,0.760,-0.0000,-0.0001,-0.1550,-0.0009,-0.0001,-9.5935,-0.0006,-0.0013,0.0005,0.759,0.756,0.757,0.758,230,46,77
77,0.770,-0.0000,-0.0001,-0.1550,0.0016,-0.0001,-9.6057,-0.0018,-0.0025,0.0007,0.760,0.759,0.760,0.761,232,46,78
78,0.780,-0.0000,-0.0001,-0.1568,0.0005,0.0016,-9.6512,0.0002,0.0005,0.0011,0.760,0.761,0.761,0.758,235,47,79
79,0.790,-0.0000,-0.0001,-0.1585,-0.0022,-0.0036,-9.6706,0.0016,0.0002,-0.0018,0.760,0.761,0.758,0.760,237,48,80
80,0.800,-0.0000,-0.0001,-0.1585,-0.0026,0.0017,-9.6799,0.0016,0.0003,-0.0004,0.763,0.763,0.763,0.762,239,48,81
81,0.810,-0.0000,-0.0001,-0.1602,0.0012,-0.0018,-9.7040,0.0017,-0.0001,-0.0012,0.762,0.763,0.762,0.762,241,49,82
82,0.820,-0.0000,-0.0001,-0.1602,0.0023,0.0014,-9.7218,-0.0013,0.0003,0.0003,0.764,0.764,0.766,0.765,243,49,83
83,0.830,-0.0000,-0.0001,-0.1619,0.0006,0.0007,-9.7530,-0.0007,-0.0003,-0.0024,0.764,0.765,0.764,0.766,245,50,84
84,0.840,-0.0000,-0.0001,-0.1619,-0.0013,0.0032,-9.7871,0.0007,0.0008,-0.0010,0.767,0.768,0.767,0.766,248,50,85
85,0.850,-0.0000,-0.0001,-0.1635,0.0009,-0.0005,-9.8253,-0.0003,-0.0004,-0.0002,0.767,0.766,0.767,0.767,250,51,86
86,0.860,-0.0000,-0.0001,-0.1635,0.0017,-0.0010,-9.8413,-0.0003,-0.0005,0.0003,0.769,0.769,0.769,0.769,252,51,87
87,0.870,-0.0000,-0.0001,-0.1652,-0.0033,0.0020,-9.8824,0.0002,-0.0006,0.0016,0.769,0.768,0.769,0.768,255,52,88
88,0.880,-0.0000,-0.0001,-0.1668,-0.0014,-0.0006,-9.8928,0.0006,0.0008,-0.0001,0.767,0.769,0.768,0.768,257,53,89
89,0.890,-0.0000,-0.0001,-0.1668,0.0020,0.0026,-9.8959,-0.0007,-0.0008,-0.0017,0.770,0.770,0.770,0.772,259,53,90
90,0.900,-0.0000,-0.0001,-0.1685,0.0003,0.0007,-9.9251,-0.0013,0.0002,-0.0006,0.769,0.770,0.771,0.770,262,54,91
91,0.910,-0.0000,-0.0001,-0.1685,0.0005,0.0010,-9.9303,0.0012,0.0000,-0.0008,0.773,0.773,0.771,0.771,264,54,92
92,0.920,-0.0000,-0.0002,-0.1703,0.0011,-0.0003,-9.9630,0.0020,-0.0019,0.0009,0.773,0.770,0.770,0.771,267,55,93
93,0.930,-0.0000,-0.0002,-0.1721,-0.0014,0.0027,-9.9680,-0.0003,-0.0006,0.0007,0.769,0.770,0.771,0.771,269,56,94
94,0.940,-0.0000,-0.0002,-0.1721,-0.0027,0.0006,-9.9669,-0.0018,0.0015,0.0001,0.771,0.773,0.774,0.772,271,56,95
95,0.950,-0.0000,-0.0002,-0.1740,-0.0029,0.0016,-9.9823,-0.0013,0.0020,-0.0002,0.771,0.772,0.772,0.771,274,57,96
96,0.960,-0.0000,-0.0002,-0.1740,0.0010,0.0003,-9.9854,-0.0015,0.0020,-0.0006,0.773,0.774,0.774,0.774,276,57,97
97,0.970,-0.0001,-0.0002,-0.1759,0.0002,0.0001,-10.0020,-0.0002,-0.0019,-0.0013,0.774,0.772,0.770,0.774,278,58,98
98,0.980,-0.0001,-0.0002,-0.1779,0.0006,-0.0009,-10.0119,0.0009,-0.0018,-0.0004,0.772,0.771,0.771,0.771,281,59,99
99,0.990,-0.0001,-0.0002,-0.1779,0.0019,-0.0022,-10.0010,0.0020,0.0000,-0.0008,0.773,0.774,0.773,0.772,283,59,100
100,1.000,-0.0001,-0.0002,-0.1800,0.0020,-0.0005,-10.0074,0.0007,-0.0017,-0.0000,0.772,0.771,0.771,0.773,286,60,101
101,1.010,-0.0001,-0.0002,-0.1800,-0.0027,-0.0003,-10.0043,-0.0006,0.0005,-0.0008,0.772,0.774,0.775,0.774,288,60,102
102,1.020,-0.0001,-0.0002,-0.1822,0.0053,0.0022,-10.0157,-0.0011,0.0000,0.0001,0.772,0.772,0.773,0.772,290,61,103
103,1.030,-0.0001,-0.0002,-0.1822,-0.0019,0.0002,-10.0191,-0.0019,0.0017,0.0008,0.773,0.774,0.776,0.774,292,61,104
104,1.040,-0.0001,-0.0003,-0.1845,0.0018,0.0021,-10.0278,-0.0008,-0.0015,-0.0013,0.773,0.772,0.771,0.774,295,62,105
105,1.050,-0.0001,-0.0003,-0.1868,-0.0011,0.0001,-10.0288,0.0004,-0.0032,0.0000,0.772,0.770,0.770,0.771,297,63,106
106,1.060,-0.0001,-0.0003,-0.1868,-0.0022,0.0002,-10.0132,0.0007,-0.0019,-0.0010,0.772,0.773,0.772,0.773,299,63,107
107,1.070,-0.0001,-0.0003,-0.1893,-0.0008,0.0009,-10.0071,0.0023,0.0016,-0.0022,0.770,0.773,0.771,0.769,302,64,108
108,1.080,-0.0001,-0.0003,-0.1893,-0.0026,-0.0017,-9.9963,0.0001,-0.0000,0.0003,0.773,0.771,0.773,0.773,304,64,109
109,1.090,-0.0001,-0.0003,-0.1918,-0.0001,-0.0001,-10.0057,-0.0003,-0.0022,-0.0032,0.771,0.771,0.769,0.773,307,65,110
110,1.100,-0.0001,-0.0003,-0.1944,-0.0012,-0.0011,-9.9918,0.0004,-0.0019,-0.0005,0.770,0.768,0.769,0.768,309,66,111
111,1.110,-0.0001,-0.0003,-0.1944,0.0018,0.0019,-9.9720,-0.0018,0.0008,-0.0006,0.769,0.771,0.773,0.771,311,66,112
112,1.120,-0.0001,-0.0003,-0.1971,0.0010,-0.0002,-9.9611,-0.0004,-0.0002,0.0010,0.770,0.768,0.768,0.768,314,67,113
113,1.130,-0.0001,-0.0003,-0.1971,-0.0036,0.0012,-9.9467,0.0027,0.0004,0.0008,0.772,0.772,0.770,0.769,316,67,114
114,1.140,-0.0001,-0.0004,-0.1998,0.0033,0.0015,-9.9517,-0.0002,-0.0003,-0.0004,0.767,0.768,0.769,0.770,319,68,115
115,1.150,-0.0001,-0.0004,-0.2027,-0.0000,-0.0019,-9.9362,0.0012,-0.0005,-0.0013,0.767,0.767,0.765,0.766,321,69,116
116,1.160,-0.0001,-0.0004,-0.2027,-0.0018,-0.0002,-9.9079,-0.0013,-0.0008,-0.0011,0.768,0.767,0.769,0.770,323,69,117
117,1.170,-0.0001,-0.0004,-0.2055,0.0022,0.0015,-9.8972,-0.0026,-0.0015,-0.0027,0.765,0.765,0.766,0.768,325,70,118
118,1.180,-0.0001,-0.0004,-0.2055,-0.0027,0.0022,-9.8819,0.0013,-0.0002,-0.0008,0.769,0.770,0.767,0.766,328,70,119
119,1.190,-0.0001,-0.0004,-0.2084,0.0013,0.0024,-9.8859,-0.0001,-0.0017,-0.0017,0.766,0.765,0.765,0.767,330,71,120
120,1.200,-0.0002,-0.0004,-0.2113,-0.0003,0.0061,-9.8706,-0.0010,0.0017,-0.0001,0.762,0.764,0.765,0.762,333,72,121
121,1.210,-0.0002,-0.0004,-0.2113,-0.0015,0.0004,-9.8412,0.0001,-0.0002,-0.0012,0.766,0.766,0.764,0.766,335,72,122
122,1.220,-0.0002,-0.0005,-0.2143,0.0008,-0.0023,-9.8303,-0.0023,0.0012,-0.0014,0.761,0.763,0.765,0.764,337,73,123
123,1.230,-0.0002,-0.0005,-0.2143,0.0038,0.0000,-9.8089,-0.0002,-0.0009,-0.0021,0.767,0.766,0.764,0.766,340,73,124
124,1.240,-0.0002,-0.0005,-0.2173,-0.0041,0.0004,-9.8137,-0.0004,-0.0006,0.0001,0.763,0.763,0.764,0.763,342,74,125
125,1.250,-0.0002,-0.0005,-0.2203,0.0080,-0.0008,-9.8035,-0.0019,0.0004,0.0005,0.760,0.760,0.762,0.761,345,75,126
126,1.260,-0.0002,-0.0005,-0.2203,-0.0013,0.0004,-9.7705,-0.0019,0.0008,0.0002,0.763,0.763,0.764,0.763,347,75,127
127,1.270,-0.0002,-0.0005,-0.2232,-0.0011,0.0019,-9.7665,-0.0003,0.0010,-0.0003,0.761,0.762,0.761,0.760,349,76,128
128,1.280,-0.0002,-0.0005,-0.2232,0.0006,-0.0031,-9.7588,-0.0002,0.0002,-0.0016,0.763,0.764,0.763,0.764,351,76,129
129,1.290,-0.0002,-0.0005,-0.2262,-0.0014,0.0056,-9.7528,-0.0001,0.0013,-0.0011,0.760,0.762,0.762,0.760,353,77,130
130,1.300,-0.0002,-0.0005,-0.2262,0.0011,-0.0030,-9.7455,0.0012,0.0016,-0.0014,0.763,0.765,0.763,0.763,356,77,131
131,1.310,-0.0002,-0.0005,-0.2291,-0.0010,-0.0022,-9.7536,0.0003,0.0010,-0.0011,0.761,0.761,0.761,0.761,358,78,132
132,1.320,-0.0002,-0.0006,-0.2321,-0.0001,-0.0011,-9.7450,-0.0018,0.0003,0.0001,0.758,0.758,0.760,0.760,361,79,133
133,1.330,-0.0002,-0.0006,-0.2321,0.0008,0.0001,-9.7224,-0.0005,-0.0016,-0.0002,0.762,0.761,0.760,0.762,363,79,134
134,1.340,-0.0002,-0.0006,-0.2350,-0.0009,0.0018,-9.7161,-0.0002,-0.0012,-0.0003,0.759,0.759,0.759,0.759,365,80,135
135,1.350,-0.0002,-0.0006,-0.2350,0.0014,0.0036,-9.7021,0.0003,0.0009,-0.0006,0.761,0.763,0.762,0.761,368,80,136
136,1.360,-0.0002,-0.0006,-0.2378,-0.0021,-0.0002,-9.7110,-0.0010,0.0010,-0.0009,0.759,0.759,0.760,0.760,370,81,137
137,1.370,-0.0002,-0.0006,-0.2378,0.0015,-0.0009,-9.7105,-0.0019,-0.0000,-0.0003,0.762,0.761,0.762,0.763,372,81,138
138,1.380,-0.0003,-0.0006,-0.2406,-0.0027,0.0006,-9.7191,-0.0006,-0.0007,-0.0026,0.760,0.761,0.759,0.761,375,82,139
139,1.390,-0.0003,-0.0006,-0.2434,-0.0003,-0.0036,-9.7094,-0.0008,-0.0004,-0.0008,0.758,0.758,0.758,0.758,377,83,140
140,1.400,-0.0003,-0.0006,-0.2434,-0.0023,0.0016,-9.6809,0.0012,-0.0001,-0.0008,0.761,0.761,0.760,0.760,380,83,141
141,1.410,-0.0003,-0.0007,-0.2462,0.0000,-0.0018,-9.6829,0.0011,0.0011,-0.0010,0.758,0.759,0.759,0.758,382,84,142
142,1.420,-0.0003,-0.0007,-0.2489,-0.0017,0.0058,-9.6774,-0.0010,-0.0001,-0.0017,0.756,0.756,0.757,0.758,385,85,143
143,1.430,-0.0003,-0.0007,-0.2489,0.0019,0.0004,-9.6542,-0.0009,-0.0005,-0.0016,0.759,0.759,0.759,0.760,387,85,144
144,1.440,-0.0003,-0.0007,-0.2516,-0.0026,-0.0012,-9.6562,-0.0017,-0.0009,-0.0009,0.757,0.757,0.758,0.758,389,86,145
145,1.450,-0.0003,-0.0007,-0.2516,0.0000,0.0014,-9.6514,-0.0014,-0.0004,-0.0007,0.760,0.760,0.760,0.760,392,86,146
146,1.460,-0.0003,-0.0007,-0.2542,-0.0003,0.0008,-9.6648,0.0002,0.0003,-0.0029,0.758,0.760,0.758,0.759,394,87,147
147,1.470,-0.0003,-0.0007,-0.2542,-0.0004,0.0017,-9.6711,0.0010,-0.0003,-0.0001,0.762,0.761,0.761,0.760,396,87,148
148,1.480,-0.0003,-0.0007,-0.2567,0.0022,0.0011,-9.6752,0.0005,0.0006,-0.0023,0.758,0.760,0.759,0.760,398,88,149
149,1.490,-0.0003,-0.0008,-0.2592,0.0021,0.0006,-9.6833,-0.0006,-0.0006,-0.0006,0.758,0.757,0.758,0.758,401,89,150
150,1.500,-0.0003,-0.0008,-0.2592,-0.0006,0.0042,-9.6664,-0.0002,-0.0001,-0.0029,0.759,0.761,0.760,0.761,403,89,151
151,1.510,-0.0003,-0.0008,-0.2616,-0.0012,-0.0006,-9.6639,-0.0009,-0.0003,-0.0012,0.759,0.758,0.759,0.759,405,90,152
152,1.520,-0.0003,-0.0008,-0.2616,0.0004,-0.0038,-9.6728,0.0004,0.0016,-0.0013,0.761,0.763,0.761,0.760,408,90,153
153,1.530,-0.0003,-0.0008,-0.2640,0.0013,0.0001,-9.6909,0.0015,0.0007,-0.0032,0.760,0.761,0.758,0.760,410,91,154
154,1.540,-0.0003,-0.0008,-0.2640,0.0034,-0.0006,-9.6919,-0.0002,-0.0010,-0.0001,0.763,0.760,0.763,0.763,412,91,155
155,1.550,-0.0003,-0.0008,-0.2664,-0.0017,0.0010,-9.7180,-0.0015,-0.0019,-0.0028,0.760,0.760,0.760,0.763,415,92,156
156,1.560,-0.0004,-0.0008,-0.2687,-0.0004,-0.0002,-9.7218,-0.0017,0.0014,-0.0004,0.758,0.760,0.761,0.758,417,93,157
157,1.570,-0.0004,-0.0008,-0.2687,-0.0002,-0.0001,-9.7112,-0.0011,0.0004,-0.0016,0.762,0.762,0.761,0.763,419,93,158
158,1.580,-0.0004,-0.0009,-0.2709,-0.0024,0.0005,-9.7195,0.0010,0.0018,-0.0024,0.760,0.762,0.760,0.760,422,94,159
159,1.590,-0.0004,-0.0009,-0.2709,0.0036,0.0003,-9.7173,0.0003,-0.0006,-0.0014,0.764,0.762,0.762,0.764,424,94,160
160,1.600,-0.0004,-0.0009,-0.2732,-0.0004,0.0001,-9.7348,0.0016,0.0000,-0.0023,0.762,0.763,0.761,0.761,426,95,161
161,1.610,-0.0004,-0.0009,-0.2754,0.0019,0.0005,-9.7386,0.0008,0.0011,0.0001,0.760,0.760,0.761,0.760,429,96,162
162,1.620,-0.0004,-0.0009,-0.2754,-0.0004,-0.0036,-9.7233,0.0001,0.0008,-0.0028,0.762,0.763,0.762,0.764,431,96,163
163,1.630,-0.0004,-0.0009,-0.2776,-0.0038,0.0028,-9.7377,-0.0000,-0.0005,-0.0034,0.761,0.761,0.761,0.763,434,97,164
164,1.640,-0.0004,-0.0009,-0.2776,-0.0006,0.0005,-9.7372,-0.0005,-0.0010,-0.0027,0.764,0.763,0.763,0.764,436,97,165
165,1.650,-0.0004,-0.0009,-0.2797,-0.0005,0.0022,-9.7568,0.0001,0.0010,-0.0017,0.762,0.764,0.763,0.762,438,98,166
166,1.660,-0.0004,-0.0009,-0.2797,-0.0034,0.0013,-9.7628,0.0009,0.0003,-0.0014,0.765,0.765,0.764,0.765,440,98,167
167,1.670,-0.0004,-0.0010,-0.2818,0.0009,0.0061,-9.7744,0.0013,0.0001,-0.0024,0.763,0.764,0.763,0.764,442,99,168
168,1.680,-0.0004,-0.0010,-0.2840,0.0046,-0.0006,-9.7799,-0.0013,0.0007,-0.0030,0.761,0.762,0.763,0.763,445,100,169
169,1.690,-0.0004,-0.0010,-0.2840,-0.0024,0.0056,-9.7711,-0.0029,0.0006,-0.0029,0.763,0.764,0.765,0.766,447,100,170
170,1.700,-0.0004,-0.0010,-0.2861,0.0015,-0.0013,-9.7790,0.0016,0.0006,-0.0031,0.764,0.765,0.761,0.762,450,101,171
171,1.710,-0.0004,-0.0010,-0.2861,0.0018,-0.0001,-9.7908,0.0033,-0.0020,-0.0024,0.767,0.765,0.763,0.766,452,101,172
172,1.720,-0.0004,-0.0010,-0.2882,-0.0036,-0.0021,-9.7967,-0.0002,-0.0001,-0.0014,0.762,0.764,0.766,0.765,454,102,173
173,1.730,-0.0004,-0.0010,-0.2903,0.0019,0.0001,-9.8058,0.0001,0.0018,-0.0017,0.762,0.764,0.763,0.762,457,103,174
174,1.740,-0.0004,-0.0010,-0.2903,0.0026,-0.0030,-9.7900,-0.0012,0.0020,-0.0017,0.764,0.765,0.766,0.766,459,103,175
175,1.750,-0.0004,-0.0011,-0.2924,-0.0014,0.0023,-9.8041,0.0011,-0.0000,-0.0023,0.765,0.765,0.762,0.764,462,104,176
176,1.760,-0.0004,-0.0011,-0.2924,0.0010,-0.0003,-9.7969,0.0014,0.0004,-0.0028,0.766,0.767,0.765,0.766,464,104,177
177,1.770,-0.0004,-0.0011,-0.2945,-0.0018,0.0004,-9.8198,0.0001,-0.0009,-0.0043,0.764,0.765,0.764,0.766,467,105,178
178,1.780,-0.0004,-0.0011,-0.2965,-0.0004,0.0033,-9.8174,-0.0008,-0.0004,-0.0048,0.762,0.764,0.763,0.764,469,106,179
179,1.790,-0.0004,-0.0011,-0.2965,-0.0028,-0.0005,-9.8013,0.0001,-0.0014,-0.0039,0.766,0.766,0.764,0.766,471,106,180
180,1.800,-0.0004,-0.0011,-0.2986,0.0012,-0.0042,-9.8096,0.0008,0.0010,-0.0031,0.763,0.766,0.765,0.763,473,107,181
181,1.810,-0.0004,-0.0011,-0.2986,0.0006,-0.0010,-9.8094,-0.0010,-0.0007,-0.0047,0.765,0.766,0.766,0.769,476,107,182
182,1.820,-0.0004,-0.0012,-0.3008,0.0012,0.0001,-9.8226,-0.0009,-0.0002,-0.0028,0.765,0.765,0.765,0.765,478,108,183
183,1.830,-0.0004,-0.0012,-0.3008,-0.0007,-0.0006,-9.8262,-0.0011,0.0006,-0.0038,0.766,0.768,0.767,0.768,480,108,184
184,1.840,-0.0004,-0.0012,-0.3029,-0.0011,-0.0011,-9.8437,0.0020,-0.0001,-0.0027,0.767,0.767,0.764,0.765,483,109,185
185,1.850,-0.0005,-0.0012,-0.3050,0.0020,-0.0030,-9.8401,0.0017,0.0016,-0.0028,0.763,0.766,0.764,0.764,485,110,186
186,1.860,-0.0005,-0.0012,-0.3050,0.0002,0.0024,-9.8292,-0.0006,0.0036,-0.0039,0.764,0.767,0.768,0.767,487,110,187
187,1.870,-0.0005,-0.0012,-0.3071,0.0033,0.0015,-9.8346,-0.0008,-0.0007,-0.0031,0.766,0.764,0.763,0.767,490,111,188
188,1.880,-0.0005,-0.0012,-0.3071,0.0027,-0.0014,-9.8313,-0.0001,0.0014,-0.0046,0.765,0.769,0.767,0.767,492,111,189
189,1.890,-0.0005,-0.0012,-0.3093,0.0003,-0.0026,-9.8392,-0.0012,-0.0014,-0.0052,0.765,0.765,0.764,0.768,494,112,190
190,1.900,-0.0005,-0.0013,-0.3115,-0.0039,0.0008,-9.8410,0.0007,-0.0002,-0.0047,0.764,0.765,0.763,0.764,497,113,191
191,1.910,-0.0005,-0.0013,-0.3115,0.0013,0.0039,-9.8225,-0.0001,0.0004,-0.0033,0.765,0.766,0.766,0.766,499,113,192
192,1.920,-0.0005,-0.0013,-0.3136,0.0018,0.0010,-9.8240,-0.0001,-0.0017,-0.0040,0.765,0.764,0.763,0.766,501,114,193
193,1.930,-0.0005,-0.0013,-0.3136,0.0040,-0.0007,-9.8252,0.0027,-0.0017,-0.0061,0.767,0.769,0.764,0.767,504,114,194
194,1.940,-0.0005,-0.0013,-0.3158,-0.0001,-0.0026,-9.8315,0.0000,-0.0005,-0.0039,0.764,0.765,0.766,0.766,506,115,195
195,1.950,-0.0005,-0.0013,-0.3158,-0.0013,-0.0018,-9.8346,-0.0013,-0.0001,-0.0036,0.766,0.767,0.767,0.768,508,115,196
196,1.960,-0.0005,-0.0013,-0.3180,-0.0013,-0.0014,-9.8478,0.0000,-0.0004,-0.0044,0.765,0.766,0.764,0.766,511,116,197
197,1.970,-0.0005,-0.0014,-0.3203,0.0009,-0.0022,-9.8472,-0.0011,-0.0013,-0.0056,0.763,0.764,0.763,0.766,513,117,198
198,1.980,-0.0005,-0.0014,-0.3203,0.0006,0.0007,-9.8253,-0.0004,-0.0026,-0.0054,0.766,0.766,0.764,0.767,516,117,199
199,1.990,-0.0005,-0.0014,-0.3225,0.0029,0.0022,-9.8260,0.0004,0.0010,-0.0070,0.762,0.767,0.764,0.764,518,118,200
200,2.000,-0.0005,-0.0014,-0.3225,0.0036,0.0005,-9.8200,0.0006,0.0017,-0.0037,0.766,0.767,0.767,0.766,520,118,201
201,2.010,-0.0005,-0.0014,-0.3248,-0.0000,0.0013,-9.8321,-0.0001,0.0009,-0.0056,0.764,0.765,0.764,0.766,522,119,202
202,2.020,-0.0005,-0.0015,-0.3270,-0.0008,-0.0001,-9.8281,-0.0019,-0.0009,-0.0058,0.762,0.762,0.763,0.765,525,120,203
203,2.030,-0.0005,-0.0015,-0.3270,-0.0007,0.0001,-9.8082,0.0009,-0.0004,-0.0064,0.765,0.767,0.763,0.765,527,120,204
204,2.040,-0.0005,-0.0015,-0.3293,0.0003,0.0021,-9.8137,0.0011,-0.0012,-0.0049,0.764,0.764,0.763,0.764,530,121,205
205,2.050,-0.0005,-0.0015,-0.3293,-0.0037,0.0006,-9.8048,-0.0009,-0.0000,-0.0056,0.764,0.766,0.766,0.767,532,121,206
206,2.060,-0.0005,-0.0015,-0.3316,0.0025,-0.0020,-9.8085,-0.0012,0.0009,-0.0059,0.763,0.765,0.764,0.765,534,122,207
207,2.070,-0.0005,-0.0015,-0.3316,-0.0011,0.0009,-9.8150,-0.0005,0.0006,-0.0072,0.765,0.767,0.765,0.767,536,122,208
208,2.080,-0.0005,-0.0015,-0.3338,-0.0010,0.0018,-9.8176,-0.0021,-0.0010,-0.0058,0.764,0.763,0.764,0.766,539,123,209
209,2.090,-0.0005,-0.0016,-0.3361,-0.0007,0.0012,-9.8181,0.0023,-0.0022,-0.0067,0.764,0.765,0.759,0.763,541,124,210
210,2.100,-0.0005,-0.0016,-0.3361,0.0025,-0.0001,-9.7978,0.0004,0.0003,-0.0071,0.762,0.766,0.765,0.765,544,124,211
211,2.110,-0.0005,-0.0016,-0.3384,0.0003,-0.0001,-9.8001,0.0008,0.0006,-0.0061,0.763,0.764,0.763,0.763,546,125,212
212,2.120,-0.0005,-0.0016,-0.3384,-0.0021,0.0004,-9.7939,0.0017,0.0001,-0.0090,0.764,0.767,0.763,0.766,548,125,213
213,2.130,-0.0005,-0.0016,-0.3407,-0.0008,0.0000,-9.8000,-0.0012,0.0010,-0.0087,0.761,0.764,0.764,0.765,551,126,214
214,2.140,-0.0005,-0.0017,-0.3430,-0.0007,-0.0005,-9.7967,0.0007,-0.0013,-0.0087,0.762,0.763,0.759,0.763,553,127,215
215,2.150,-0.0005,-0.0017,-0.3430,0.0001,-0.0011,-9.7783,-0.0007,-0.0015,-0.0087,0.763,0.764,0.763,0.766,555,127,216
216,2.160,-0.0005,-0.0017,-0.3452,0.0002,0.0038,-9.7758,-0.0008,-0.0003,-0.0094,0.761,0.764,0.762,0.763,557,128,217
217,2.170,-0.0005,-0.0017,-0.3452,0.0007,-0.0016,-9.7738,-0.0000,-0.0000,-0.0081,0.764,0.765,0.764,0.765,559,128,218
218,2.180,-0.0005,-0.0017,-0.3475,0.0007,-0.0025,-9.7785,0.0013,-0.0004,-0.0096,0.762,0.765,0.761,0.764,562,129,219
219,2.190,-0.0005,-0.0017,-0.3475,-0.0007,0.0015,-9.7761,0.0016,-0.0010,-0.0100,0.764,0.766,0.763,0.766,564,129,220
220,2.200,-0.0005,-0.0017,-0.3498,-0.0012,-0.0024,-9.7912,0.0007,0.0005,-0.0095,0.761,0.765,0.763,0.764,567,130,221
221,2.210,-0.0005,-0.0018,-0.3520,-0.0018,0.0012,-9.7803,-0.0013,0.0004,-0.0110,0.759,0.762,0.761,0.764,569,131,222
222,2.220,-0.0005,-0.0018,-0.3520,-0.0015,0.0034,-9.7634,-0.0008,0.0007,-0.0106,0.762,0.765,0.763,0.765,572,131,223
223,2.230,-0.0005,-0.0018,-0.3543,0.0016,-0.0010,-9.7694,-0.0005,-0.0001,-0.0101,0.761,0.763,0.761,0.763,574,132,224
224,2.240,-0.0005,-0.0018,-0.3543,-0.0001,-0.0018,-9.7593,0.0005,-0.0008,-0.0099,0.764,0.765,0.762,0.765,576,132,225
225,2.250,-0.0005,-0.0018,-0.3565,0.0034,0.0027,-9.7742,-0.0009,0.0007,-0.0095,0.760,0.764,0.763,0.764,579,133,226
226,2.260,-0.0005,-0.0019,-0.3587,0.0008,-0.0001,-9.7693,-0.0000,-0.0002,-0.0122,0.760,0.763,0.759,0.763,581,134,227
227,2.270,-0.0005,-0.0019,-0.3587,-0.0004,0.0016,-9.7559,-0.0014,-0.0004,-0.0125,0.761,0.764,0.762,0.765,583,134,228
228,2.280,-0.0005,-0.0019,-0.3609,0.0017,-0.0003,-9.7543,0.0004,0.0007,-0.0116,0.761,0.764,0.760,0.762,586,135,229
229,2.290,-0.0005,-0.0019,-0.3609,-0.0003,0.0006,-9.7505,-0.0008,0.0007,-0.0121,0.762,0.765,0.763,0.766,588,135,230
230,2.300,-0.0005,-0.0019,-0.3631,0.0020,0.0020,-9.7609,0.0010,-0.0003,-0.0128,0.762,0.764,0.760,0.763,591,136,231
231,2.310,-0.0005,-0.0020,-0.3653,-0.0004,0.0008,-9.7600,0.0009,-0.0004,-0.0127,0.760,0.762,0.759,0.762,593,137,232
232,2.320,-0.0005,-0.0020,-0.3653,-0.0010,-0.0016,-9.7441,0.0011,-0.0003,-0.0145,0.761,0.765,0.761,0.765,595,137,233
233,2.330,-0.0005,-0.0020,-0.3674,0.0011,-0.0027,-9.7455,0.0006,0.0001,-0.0145,0.760,0.763,0.760,0.763,598,138,234
234,2.340,-0.0005,-0.0020,-0.3674,0.0020,-0.0009,-9.7450,0.0011,0.0001,-0.0145,0.762,0.766,0.762,0.765,600,138,235
235,2.350,-0.0005,-0.0020,-0.3696,0.0016,0.0016,-9.7550,0.0004,-0.0015,-0.0151,0.761,0.763,0.760,0.765,602,139,236
236,2.360,-0.0005,-0.0020,-0.3717,-0.0001,0.0000,-9.7560,-0.0013,0.0014,-0.0127,0.758,0.762,0.762,0.762,605,140,237
237,2.370,-0.0005,-0.0020,-0.3717,0.0039,-0.0018,-9.7411,0.0000,0.0013,-0.0161,0.760,0.766,0.760,0.765,607,140,238
238,2.380,-0.0005,-0.0021,-0.3738,0.0037,-0.0024,-9.7457,-0.0000,-0.0001,-0.0163,0.760,0.763,0.759,0.764,609,141,239
239,2.390,-0.0005,-0.0021,-0.3738,0.0017,-0.0034,-9.7453,-0.0004,0.0001,-0.0146,0.762,0.765,0.762,0.765,611,141,240
240,2.400,-0.0005,-0.0021,-0.3758,0.0015,0.0002,-9.7575,-0.0008,-0.0004,-0.0170,0.760,0.764,0.760,0.765,614,142,241
241,2.410,-0.0005,-0.0021,-0.3758,0.0024,0.0030,-9.7574,0.0001,0.0002,-0.0179,0.762,0.767,0.762,0.766,616,142,242
242,2.420,-0.0005,-0.0021,-0.3779,0.0002,-0.0025,-9.7768,0.0010,-0.0007,-0.0173,0.762,0.765,0.760,0.765,619,143,243
243,2.430,-0.0005,-0.0022,-0.3799,0.0002,0.0018,-9.7716,0.0009,-0.0017,-0.0187,0.760,0.764,0.758,0.765,621,144,244
244,2.440,-0.0005,-0.0022,-0.3799,-0.0015,-0.0020,-9.7595,-0.0002,-0.0020,-0.0196,0.761,0.765,0.761,0.767,623,144,245
245,2.450,-0.0005,-0.0022,-0.3819,0.0013,-0.0040,-9.7611,-0.0011,0.0005,-0.0180,0.759,0.765,0.762,0.764,626,145,246
246,2.460,-0.0005,-0.0022,-0.3819,-0.0017,-0.0018,-9.7618,-0.0004,0.0010,-0.0211,0.761,0.768,0.761,0.767,628,145,247
247,2.470,-0.0005,-0.0022,-0.3839,0.0018,-0.0000,-9.7705,0.0001,0.0001,-0.0194,0.761,0.765,0.761,0.765,630,146,248
248,2.480,-0.0005,-0.0023,-0.3859,-0.0014,0.0010,-9.7753,0.0013,-0.0003,-0.0202,0.760,0.765,0.759,0.764,633,147,249
249,2.490,-0.0005,-0.0023,-0.3859,0.0010,-0.0001,-9.7605,0.0007,-0.0012,-0.0218,0.761,0.766,0.760,0.767,635,147,250
250,2.500,-0.0005,-0.0023,-0.3879,0.0008,-0.0018,-9.7664,-0.0007,0.0005,-0.0210,0.759,0.765,0.761,0.765,638,148,251
251,2.510,-0.0005,-0.0023,-0.3879,0.0013,-0.0036,-9.7644,-0.0022,-0.0007,-0.0230,0.761,0.766,0.762,0.769,640,148,252
252,2.520,-0.0005,-0.0023,-0.3899,-0.0031,0.0031,-9.7793,0.0002,0.0002,-0.0235,0.761,0.767,0.760,0.765,642,149,253
253,2.530,-0.0005,-0.0023,-0.3899,0.0001,-0.0006,-9.7777,0.0014,-0.0003,-0.0237,0.763,0.768,0.761,0.768,644,149,254
254,2.540,-0.0005,-0.0024,-0.3918,0.0018,-0.0022,-9.7925,0.0025,0.0003,-0.0248,0.761,0.768,0.760,0.766,647,150,255
255,2.550,-0.0005,-0.0024,-0.3938,-0.0006,0.0010,-9.7944,0.0009,0.0007,-0.0256,0.759,0.766,0.760,0.766,649,151,256
256,2.560,-0.0005,-0.0024,-0.3938,0.0010,0.0006,-9.7753,0.0013,0.0004,-0.0263,0.762,0.768,0.761,0.767,652,151,257
257,2.570,-0.0005,-0.0024,-0.3957,-0.0031,0.0026,-9.7839,-0.0016,0.0030,-0.0264,0.758,0.767,0.762,0.766,654,152,258
258,2.580,-0.0005,-0.0024,-0.3957,0.0018,0.0012,-9.7869,0.0003,0.0008,-0.0260,0.763,0.768,0.761,0.768,656,152,259
259,2.590,-0.0005,-0.0024,-0.3976,0.0002,-0.0000,-9.7982,-0.0026,-0.0008,-0.0268,0.760,0.765,0.761,0.769,658,153,260
260,2.600,-0.0005,-0.0024,-0.3976,-0.0002,0.0006,-9.8014,-0.0013,0.0010,-0.0281,0.762,0.770,0.763,0.768,660,153,261
261,2.610,-0.0005,-0.0025,-0.3996,0.0009,0.0002,-9.8108,-0.0005,0.0003,-0.0286,0.761,0.768,0.761,0.768,662,154,262
262,2.620,-0.0005,-0.0025,-0.4015,0.0025,-0.0001,-9.8064,-0.0021,-0.0009,-0.0306,0.759,0.766,0.759,0.769,665,155,263
263,2.630,-0.0005,-0.0025,-0.4015,-0.0016,0.0023,-9.7986,-0.0012,-0.0013,-0.0303,0.762,0.768,0.761,0.769,667,155,264
264,2.640,-0.0005,-0.0025,-0.4035,0.0008,-0.0022,-9.7986,0.0029,-0.0012,-0.0323,0.761,0.769,0.758,0.766,669,156,265
265,2.650,-0.0005,-0.0025,-0.4035,0.0008,-0.0011,-9.8044,0.0008,0.0010,-0.0309,0.761,0.769,0.763,0.769,671,156,266
266,2.660,-0.0005,-0.0026,-0.4054,-0.0022,-0.0002,-9.8120,-0.0005,0.0005,-0.0338,0.759,0.768,0.760,0.769,674,157,267
267,2.670,-0.0005,-0.0026,-0.4054,-0.0006,0.0053,-9.8132,-0.0004,-0.0020,-0.0338,0.763,0.769,0.761,0.771,676,157,268
268,2.680,-0.0005,-0.0026,-0.4073,0.0009,0.0007,-9.8239,-0.0009,0.0001,-0.0353,0.759,0.770,0.761,0.769,679,158,269
269,2.690,-0.0005,-0.0026,-0.4093,-0.0036,0.0005,-9.8247,0.0002,0.0002,-0.0384,0.759,0.769,0.758,0.768,681,159,270
270,2.700,-0.0005,-0.0026,-0.4093,-0.0021,0.0004,-9.8109,0.0008,0.0006,-0.0358,0.762,0.770,0.761,0.768,683,159,271
271,2.710,-0.0005,-0.0027,-0.4112,-0.0001,0.0024,-9.8064,-0.0011,0.0002,-0.0368,0.759,0.768,0.760,0.769,685,160,272
272,2.720,-0.0005,-0.0027,-0.4112,0.0032,0.0014,-9.8056,0.0007,0.0002,-0.0384,0.761,0.771,0.760,0.770,688,160,273
273,2.730,-0.0005,-0.0027,-0.4132,0.0022,0.0004,-9.8164,0.0008,0.0027,-0.0394,0.758,0.771,0.760,0.768,690,161,274
274,2.740,-0.0005,-0.0027,-0.4132,-0.0027,0.0014,-9.8125,0.0004,0.0001,-0.0388,0.762,0.770,0.761,0.771,692,161,275
275,2.750,-0.0005,-0.0027,-0.4152,0.0005,0.0006,-9.8298,-0.0010,0.0005,-0.0414,0.759,0.770,0.760,0.771,695,162,276
276,2.760,-0.0004,-0.0028,-0.4171,0.0010,0.0003,-9.8240,-0.0013,0.0001,-0.0444,0.757,0.769,0.758,0.770,697,163,277
277,2.770,-0.0004,-0.0028,-0.4171,0.0020,-0.0002,-9.8039,0.0006,0.0011,-0.0440,0.760,0.772,0.760,0.769,700,163,278
278,2.780,-0.0004,-0.0028,-0.4191,-0.0027,0.0010,-9.8080,-0.0029,-0.0008,-0.0440,0.758,0.767,0.759,0.771,702,164,279
279,2.790,-0.0004,-0.0028,-0.4191,0.0004,-0.0013,-9.8052,0.0006,0.0005,-0.0468,0.760,0.773,0.759,0.770,704,164,280
280,2.800,-0.0004,-0.0028,-0.4211,0.0015,-0.0003,-9.8151,0.0005,-0.0002,-0.0479,0.759,0.770,0.758,0.770,706,165,281
281,2.810,-0.0004,-0.0029,-0.4231,-0.0010,0.0021,-9.8071,-0.0004,-0.0006,-0.0496,0.756,0.769,0.757,0.770,709,166,282
282,2.820,-0.0004,-0.0029,-0.4231,0.0048,-0.0032,-9.7980,0.0006,-0.0002,-0.0511,0.759,0.771,0.758,0.771,711,166,283
283,2.830,-0.0004,-0.0029,-0.4251,0.0026,0.0022,-9.7933,-0.0029,-0.0004,-0.0521,0.755,0.768,0.758,0.771,713,167,284
284,2.840,-0.0004,-0.0029,-0.4251,0.0013,-0.0011,-9.7885,-0.0012,0.0004,-0.0529,0.759,0.772,0.759,0.771,716,167,285
285,2.850,-0.0004,-0.0029,-0.4270,-0.0013,-0.0002,-9.7993,-0.0020,0.0012,-0.0557,0.756,0.771,0.757,0.771,718,168,286
286,2.860,-0.0004,-0.0029,-0.4270,-0.0005,0.0010,-9.7965,-0.0012,-0.0013,-0.0556,0.760,0.771,0.758,0.773,720,168,287
287,2.870,-0.0004,-0.0030,-0.4290,-0.0010,0.0011,-9.8080,-0.0024,-0.0016,-0.0586,0.756,0.770,0.757,0.773,723,169,288
288,2.880,-0.0004,-0.0030,-0.4310,-0.0007,-0.0024,-9.8061,-0.0005,0.0017,-0.0600,0.754,0.772,0.756,0.768,725,170,289
289,2.890,-0.0004,-0.0030,-0.4310,-0.0014,-0.0007,-9.7929,-0.0002,0.0016,-0.0593,0.757,0.772,0.758,0.771,727,170,290
290,2.900,-0.0004,-0.0031,-0.4330,0.0030,-0.0035,-9.7884,0.0013,0.0004,-0.0648,0.755,0.772,0.753,0.771,730,171,291
291,2.910,-0.0004,-0.0031,-0.4330,-0.0024,-0.0016,-9.7881,-0.0003,0.0001,-0.0646,0.757,0.772,0.758,0.773,732,171,292
292,2.920,-0.0004,-0.0031,-0.4350,0.0009,0.0016,-9.7942,-0.0007,-0.0008,-0.0667,0.755,0.771,0.755,0.772,735,172,293
293,2.930,-0.0004,-0.0031,-0.4370,0.0054,0.0022,-9.7900,0.0011,0.0002,-0.0675,0.754,0.771,0.754,0.769,737,173,294
294,2.940,-0.0004,-0.0031,-0.4370,0.0031,0.0028,-9.7721,0.0000,0.0025,-0.0716,0.753,0.774,0.756,0.772,740,173,295
295,2.950,-0.0003,-0.0032,-0.4389,0.0027,-0.0030,-9.7766,0.0013,0.0010,-0.0728,0.755,0.772,0.753,0.771,742,174,296
296,2.960,-0.0003,-0.0032,-0.4409,0.0032,0.0053,-9.7738,-0.0007,0.0007,-0.0748,0.751,0.770,0.753,0.771,745,175,297
297,2.970,-0.0003,-0.0032,-0.4409,-0.0001,-0.0021,-9.7571,-0.0007,-0.0022,-0.0788,0.754,0.772,0.752,0.775,747,175,298
298,2.980,-0.0003,-0.0032,-0.4429,-0.0026,0.0010,-9.7605,-0.0004,-0.0019,-0.0776,0.753,0.771,0.753,0.771,749,176,299
299,2.990,-0.0003,-0.0032,-0.4429,0.0035,0.0028,-9.7552,0.0011,-0.0003,-0.0806,0.754,0.775,0.753,0.773,751,176,300
300,3.000,-0.0003,-0.0033,-0.4448,0.0013,0.0015,-9.7662,0.0011,0.0006,-0.0845,0.751,0.774,0.752,0.773,754,177,301
301,3.010,-0.0003,-0.0033,-0.4448,0.0023,-0.0009,-9.7592,-0.0007,0.0012,-0.0854,0.753,0.774,0.755,0.775,756,177,302
302,3.020,-0.0003,-0.0033,-0.4467,0.0001,0.0018,-9.7671,0.0010,-0.0021,-0.0891,0.753,0.773,0.750,0.775,758,178,303
303,3.030,-0.0003,-0.0033,-0.4486,-0.0011,0.0025,-9.7735,0.0005,-0.0015,-0.0911,0.750,0.773,0.750,0.773,761,179,304
304,3.040,-0.0003,-0.0033,-0.4486,-0.0010,0.0020,-9.7633,0.0001,-0.0005,-0.0928,0.752,0.775,0.752,0.775,763,179,305
305,3.050,-0.0002,-0.0034,-0.4505,0.0029,0.0016,-9.7567,-0.0003,-0.0002,-0.0949,0.750,0.774,0.751,0.774,765,180,306
306,3.060,-0.0002,-0.0034,-0.4505,0.0006,0.0004,-9.7543,0.0006,0.0001,-0.0974,0.752,0.776,0.752,0.776,768,180,307
307,3.070,-0.0002,-0.0034,-0.4524,0.0013,-0.0030,-9.7713,-0.0005,0.0002,-0.1005,0.750,0.775,0.751,0.776,770,181,308
308,3.080,-0.0002,-0.0034,-0.4524,0.0037,0.0009,-9.7738,-0.0011,-0.0002,-0.1026,0.752,0.777,0.752,0.778,772,181,309
309,3.090,-0.0002,-0.0034,-0.4543,0.0006,-0.0005,-9.7869,0.0011,-0.0000,-0.1070,0.750,0.778,0.749,0.776,775,182,310
310,3.100,-0.0002,-0.0035,-0.4561,0.0003,-0.0004,-9.7856,0.0010,0.0008,-0.1093,0.748,0.776,0.749,0.775,777,183,311
311,3.110,-0.0002,-0.0035,-0.4561,-0.0009,-0.0003,-9.7680,0.0011,-0.0002,-0.1125,0.750,0.778,0.749,0.778,780,183,312
312,3.120,-0.0002,-0.0035,-0.4580,0.0035,0.0003,-9.7724,-0.0015,-0.0020,-0.1148,0.748,0.775,0.749,0.779,782,184,313
313,3.130,-0.0002,-0.0035,-0.4580,0.0041,0.0010,-9.7731,-0.0002,-0.0007,-0.1172,0.750,0.779,0.750,0.778,784,184,314
314,3.140,-0.0001,-0.0035,-0.4598,-0.0006,0.0041,-9.7814,0.0009,0.0024,-0.1195,0.748,0.780,0.749,0.776,786,185,315
315,3.150,-0.0001,-0.0036,-0.4616,0.0013,-0.0028,-9.7798,0.0003,-0.0004,-0.1254,0.747,0.777,0.745,0.779,789,186,316
316,3.160,-0.0001,-0.0036,-0.4616,0.0022,-0.0038,-9.7703,-0.0007,-0.0005,-0.1281,0.748,0.779,0.748,0.780,791,186,317
317,3.170,-0.0001,-0.0036,-0.4634,0.0010,0.0051,-9.7734,0.0001,0.0007,-0.1313,0.746,0.780,0.747,0.778,793,187,318
318,3.180,-0.0001,-0.0036,-0.4634,0.0011,0.0030,-9.7725,0.0006,0.0008,-0.1337,0.748,0.781,0.748,0.780,795,187,319
319,3.190,-0.0001,-0.0036,-0.4653,-0.0056,-0.0014,-9.7831,0.0012,0.0007,-0.1375,0.746,0.781,0.746,0.780,798,188,320
320,3.200,-0.0001,-0.0036,-0.4653,0.0031,-0.0012,-9.7838,-0.0005,-0.0001,-0.1421,0.747,0.782,0.747,0.783,800,188,321
321,3.210,-0.0000,-0.0037,-0.4671,-0.0011,-0.0013,-9.7892,-0.0003,-0.0021,-0.1458,0.746,0.781,0.745,0.783,802,189,322
322,3.220,-0.0000,-0.0037,-0.4688,0.0021,0.0036,-9.7970,0.0002,-0.0007,-0.1506,0.743,0.782,0.744,0.781,805,190,323
323,3.230,-0.0000,-0.0037,-0.4688,0.0007,-0.0000,-9.7859,-0.0006,-0.0009,-0.1528,0.745,0.782,0.746,0.783,807,190,324
324,3.240,0.0000,-0.0037,-0.4706,-0.0025,-0.0010,-9.7874,0.0018,0.0005,-0.1588,0.743,0.785,0.742,0.782,810,191,325
325,3.250,0.0000,-0.0037,-0.4706,0.0013,0.0005,-9.7918,0.0009,0.0023,-0.1620,0.744,0.785,0.746,0.784,812,191,326
326,3.260,0.0000,-0.0038,-0.4724,-0.0006,0.0020,-9.7946,0.0014,0.0003,-0.1674,0.743,0.784,0.742,0.785,814,192,327
327,3.270,0.0000,-0.0038,-0.4724,-0.0033,0.0001,-9.7952,0.0004,0.0008,-0.1692,0.744,0.786,0.745,0.786,816,192,328
328,3.280,0.0001,-0.0038,-0.4742,0.0007,-0.0009,-9.8082,0.0000,-0.0021,-0.1766,0.743,0.785,0.740,0.788,819,193,329
329,3.290,0.0001,-0.0038,-0.4760,-0.0015,-0.0004,-9.8118,-0.0018,0.0002,-0.1798,0.739,0.785,0.742,0.785,821,194,330
330,3.300,0.0001,-0.0038,-0.4760,-0.0029,0.0010,-9.8012,-0.0015,-0.0010,-0.1843,0.742,0.787,0.741,0.788,823,194,331
331,3.310,0.0001,-0.0039,-0.4778,0.0012,0.0054,-9.8071,0.0026,-0.0005,-0.1917,0.741,0.789,0.738,0.786,826,195,332
332,3.320,0.0001,-0.0039,-0.4778,-0.0039,0.0048,-9.8021,0.0025,-0.0004,-0.1961,0.741,0.789,0.740,0.789,828,195,333
333,3.330,0.0002,-0.0039,-0.4796,0.0017,-0.0010,-9.8112,0.0023,0.0002,-0.2019,0.739,0.789,0.739,0.788,830,196,334
334,3.340,0.0002,-0.0039,-0.4796,-0.0000,-0.0028,-9.8102,0.0004,-0.0009,-0.2049,0.740,0.789,0.740,0.791,832,196,335
335,3.350,0.0002,-0.0039,-0.4814,0.0006,0.0037,-9.8158,0.0002,-0.0010,-0.2095,0.738,0.790,0.738,0.790,834,197,336
336,3.360,0.0002,-0.0040,-0.4831,0.0008,-0.0011,-9.8156,0.0007,0.0006,-0.2177,0.735,0.791,0.736,0.790,837,198,337
337,3.370,0.0002,-0.0040,-0.4831,-0.0029,-0.0021,-9.8045,-0.0013,0.0006,-0.2217,0.737,0.791,0.738,0.792,839,198,338
338,3.380,0.0002,-0.0040,-0.4849,0.0006,-0.0015,-9.8142,0.0006,0.0006,-0.2309,0.735,0.793,0.734,0.792,842,199,339
339,3.390,0.0002,-0.0040,-0.4849,-0.0017,0.0022,-9.8042,0.0006,0.0007,-0.2349,0.736,0.794,0.736,0.794,844,199,340
340,3.400,0.0003,-0.0040,-0.4867,0.0004,-0.0008,-9.8154,-0.0003,0.0010,-0.2417,0.733,0.794,0.734,0.794,846,200,341
341,3.410,0.0003,-0.0041,-0.4885,-0.0016,-0.0007,-9.8096,-0.0008,-0.0008,-0.2498,0.732,0.793,0.731,0.795,849,201,342
342,3.420,0.0003,-0.0041,-0.4885,-0.0014,0.0015,-9.8004,-0.0005,-0.0017,-0.2567,0.733,0.796,0.732,0.797,851,201,343
343,3.430,0.0003,-0.0041,-0.4904,-0.0018,0.0055,-9.8080,0.0024,-0.0002,-0.2638,0.731,0.797,0.729,0.794,854,202,344
344,3.440,0.0003,-0.0041,-0.4904,-0.0003,-0.0017,-9.8013,0.0001,0.0001,-0.2711,0.730,0.798,0.732,0.799,856,202,345
345,3.450,0.0004,-0.0041,-0.4922,0.0019,-0.0017,-9.8099,0.0003,0.0003,-0.2777,0.729,0.798,0.729,0.797,858,203,346
346,3.460,0.0004,-0.0041,-0.4940,-0.0010,-0.0007,-9.8052,0.0015,-0.0006,-0.2881,0.727,0.799,0.725,0.798,861,204,347
347,3.470,0.0004,-0.0041,-0.4940,-0.0010,0.0027,-9.7998,-0.0016,0.0007,-0.2932,0.726,0.799,0.730,0.800,863,204,348
348,3.480,0.0004,-0.0042,-0.4958,0.0024,0.0002,-9.8033,-0.0010,0.0009,-0.3031,0.724,0.801,0.725,0.800,866,205,349
349,3.490,0.0004,-0.0042,-0.4958,0.0020,0.0012,-9.7976,0.0016,0.0002,-0.3113,0.727,0.804,0.724,0.802,868,205,350
350,3.500,0.0005,-0.0042,-0.4976,0.0017,-0.0011,-9.8047,-0.0010,-0.0020,-0.3168,0.724,0.800,0.724,0.804,870,206,351
351,3.510,0.0005,-0.0042,-0.4976,-0.0029,0.0010,-9.8055,0.0002,0.0001,-0.3252,0.724,0.806,0.724,0.804,872,206,352
352,3.520,0.0005,-0.0042,-0.4994,-0.0031,0.0003,-9.8175,-0.0001,0.0007,-0.3377,0.720,0.806,0.721,0.806,875,207,353
353,3.530,0.0005,-0.0043,-0.5012,-0.0019,-0.0032,-9.8255,-0.0001,-0.0003,-0.3436,0.720,0.804,0.720,0.804,877,208,354
354,3.540,0.0005,-0.0043,-0.5012,0.0032,-0.0030,-9.8102,0.0002,-0.0002,-0.3521,0.720,0.807,0.720,0.807,879,208,355
355,3.550,0.0006,-0.0043,-0.5030,0.0005,-0.0011,-9.8001,0.0007,-0.0019,-0.3617,0.718,0.807,0.716,0.808,881,209,356
356,3.560,0.0006,-0.0043,-0.5030,-0.0012,0.0012,-9.8041,0.0006,-0.0000,-0.3733,0.717,0.811,0.718,0.810,884,209,357
357,3.570,0.0006,-0.0043,-0.5049,0.0003,-0.0034,-9.8156,-0.0009,-0.0019,-0.3831,0.715,0.809,0.715,0.812,886,210,358
358,3.580,0.0006,-0.0043,-0.5049,0.0015,0.0020,-9.8191,-0.0002,-0.0003,-0.3914,0.716,0.813,0.716,0.812,888,210,359
359,3.590,0.0006,-0.0043,-0.5067,0.0047,-0.0004,-9.8276,-0.0002,0.0007,-0.4057,0.712,0.814,0.712,0.814,891,211,360
360,3.600,0.0007,-0.0044,-0.5085,-0.0013,-0.0036,-9.8302,0.0011,-0.0007,-0.4142,0.712,0.813,0.710,0.813,893,212,361
361,3.610,0.0007,-0.0044,-0.5085,0.0013,0.0013,-9.8053,0.0013,0.0010,-0.4285,0.709,0.818,0.710,0.816,896,212,362
362,3.620,0.0007,-0.0044,-0.5104,-0.0020,-0.0019,-9.8224,-0.0025,-0.0009,-0.4386,0.707,0.814,0.709,0.818,898,213,363
363,3.630,0.0007,-0.0044,-0.5104,-0.0013,0.0020,-9.8193,-0.0017,-0.0011,-0.4485,0.709,0.819,0.708,0.819,900,213,364
364,3.640,0.0007,-0.0044,-0.5122,-0.0004,0.0013,-9.8217,-0.0004,0.0006,-0.4592,0.705,0.820,0.706,0.818,902,214,365
365,3.650,0.0008,-0.0044,-0.5141,0.0020,-0.0003,-9.8239,0.0006,0.0002,-0.4761,0.702,0.821,0.701,0.821,905,215,366
366,3.660,0.0008,-0.0044,-0.5141,0.0034,-0.0009,-9.8173,-0.0008,-0.0001,-0.4859,0.703,0.822,0.703,0.823,907,215,367
367,3.670,0.0008,-0.0045,-0.5160,0.0019,-0.0020,-9.8134,0.0004,-0.0006,-0.4986,0.700,0.823,0.699,0.823,909,216,368
368,3.680,0.0008,-0.0045,-0.5160,-0.0000,0.0015,-9.8158,0.0011,0.0010,-0.5103,0.700,0.827,0.700,0.825,911,216,369
369,3.690,0.0008,-0.0045,-0.5179,0.0033,0.0013,-9.8259,-0.0012,-0.0022,-0.5278,0.696,0.826,0.695,0.830,914,217,370
370,3.700,0.0008,-0.0045,-0.5179,0.0007,-0.0017,-9.8284,-0.0008,-0.0005,-0.5411,0.696,0.831,0.697,0.830,916,217,371
371,3.710,0.0009,-0.0045,-0.5197,0.0004,-0.0021,-9.8446,-0.0001,0.0009,-0.5591,0.692,0.833,0.692,0.831,919,218,372
372,3.720,0.0009,-0.0045,-0.5216,0.0001,-0.0010,-9.8488,0.0009,0.0000,-0.5715,0.691,0.831,0.689,0.831,921,219,373
373,3.730,0.0009,-0.0045,-0.5216,-0.0021,-0.0027,-9.8197,-0.0020,0.0014,-0.5936,0.686,0.837,0.689,0.838,924,219,374
374,3.740,0.0009,-0.0045,-0.5236,-0.0015,0.0028,-9.8428,-0.0001,-0.0010,-0.6054,0.688,0.835,0.685,0.835,926,220,375
375,3.750,0.0009,-0.0045,-0.5236,-0.0022,-0.0023,-9.8365,0.0001,-0.0010,-0.6205,0.686,0.839,0.686,0.839,928,220,376
376,3.760,0.0010,-0.0046,-0.5255,0.0006,0.0013,-9.8427,0.0021,-0.0002,-0.6359,0.683,0.841,0.682,0.839,930,221,377
377,3.770,0.0010,-0.0046,-0.5274,-0.0033,-0.0007,-9.8429,0.0002,-0.0005,-0.6579,0.677,0.842,0.678,0.843,933,222,378
378,3.780,0.0010,-0.0046,-0.5274,0.0008,0.0032,-9.8379,0.0010,-0.0002,-0.6719,0.679,0.845,0.678,0.844,935,222,379
379,3.790,0.0011,-0.0046,-0.5294,-0.0005,0.0030,-9.8405,-0.0010,-0.0001,-0.6866,0.675,0.844,0.676,0.845,937,223,380
380,3.800,0.0011,-0.0046,-0.5294,-0.0028,0.0011,-9.8365,0.0001,0.0015,-0.7032,0.674,0.850,0.675,0.848,939,223,381
381,3.810,0.0011,-0.0046,-0.5314,0.0009,-0.0029,-9.8523,-0.0008,0.0003,-0.7284,0.668,0.851,0.669,0.852,942,224,382
382,3.820,0.0011,-0.0046,-0.5314,-0.0032,-0.0026,-9.8659,0.0010,-0.0010,-0.7459,0.671,0.854,0.668,0.854,944,224,383
383,3.830,0.0011,-0.0046,-0.5334,0.0028,-0.0003,-9.8723,0.0009,0.0003,-0.7629,0.666,0.855,0.666,0.854,946,225,384
384,3.840,0.0012,-0.0046,-0.5354,-0.0045,0.0026,-9.8708,-0.0005,-0.0008,-0.7889,0.660,0.857,0.660,0.859,949,226,385
385,3.850,0.0012,-0.0046,-0.5354,-0.0011,-0.0017,-9.8715,-0.0000,0.0000,-0.8084,0.661,0.861,0.661,0.860,951,226,386
386,3.860,0.0012,-0.0046,-0.5375,-0.0034,0.0015,-9.8764,-0.0018,-0.0003,-0.8365,0.654,0.862,0.655,0.864,954,227,387
387,3.870,0.0012,-0.0046,-0.5375,0.0010,0.0003,-9.8822,0.0005,-0.0001,-0.8566,0.657,0.866,0.655,0.865,956,227,388
388,3.880,0.0013,-0.0047,-0.5396,-0.0011,-0.0020,-9.8931,0.0021,0.0002,-0.8862,0.650,0.870,0.649,0.868,959,228,389
389,3.890,0.0013,-0.0047,-0.5417,0.0006,0.0020,-9.8985,0.0002,-0.0003,-0.9062,0.648,0.866,0.648,0.868,961,229,390
390,3.900,0.0013,-0.0047,-0.5417,0.0012,0.0035,-9.8753,-0.0015,0.0010,-0.9262,0.646,0.871,0.649,0.871,963,229,391
391,3.910,0.0013,-0.0047,-0.5439,0.0039,0.0038,-9.8781,-0.0002,-0.0004,-0.9477,0.644,0.872,0.643,0.872,965,230,392
392,3.920,0.0013,-0.0047,-0.5439,0.0025,0.0015,-9.8772,-0.0000,-0.0009,-0.9804,0.640,0.879,0.639,0.879,968,230,393
393,3.930,0.0014,-0.0047,-0.5461,0.0000,0.0011,-9.9089,0.0011,0.0005,-1.0035,0.638,0.879,0.638,0.877,970,231,394
394,3.940,0.0014,-0.0047,-0.5461,-0.0007,0.0004,-9.9113,-0.0001,0.0003,-1.0274,0.637,0.881,0.637,0.882,972,231,395
395,3.950,0.0014,-0.0047,-0.5483,-0.0029,0.0018,-9.9215,0.0008,0.0001,-1.0605,0.630,0.886,0.629,0.885,975,232,396
396,3.960,0.0015,-0.0047,-0.5506,0.0017,0.0006,-9.9308,-0.0006,-0.0019,-1.0840,0.628,0.882,0.627,0.885,977,233,397
397,3.970,0.0015,-0.0047,-0.5506,0.0025,-0.0025,-9.9208,0.0000,-0.0023,-1.1094,0.627,0.888,0.626,0.889,979,233,398
398,3.980,0.0015,-0.0047,-0.5529,0.0032,0.0019,-9.9197,0.0023,0.0027,-1.1334,0.622,0.892,0.623,0.886,981,234,399
399,3.990,0.0015,-0.0047,-0.5529,0.0009,-0.0020,-9.9235,-0.0005,-0.0006,-1.1722,0.618,0.896,0.617,0.900,984,234,400
400,4.000,0.0015,-0.0047,-0.5553,0.0000,0.0011,-9.9523,-0.0009,0.0008,-1.1967,0.615,0.896,0.617,0.895,986,235,401
401,4.010,0.0015,-0.0047,-0.5553,0.0009,-0.0002,-9.9532,-0.0010,0.0017,-1.2238,0.614,0.901,0.615,0.900,988,235,402
402,4.020,0.0016,-0.0048,-0.5577,0.0020,0.0002,-9.9568,0.0008,-0.0009,-1.2514,0.611,0.901,0.608,0.901,990,236,403
403,4.030,0.0016,-0.0048,-0.5602,-0.0023,0.0007,-9.9666,0.0018,-0.0008,-1.2914,0.602,0.906,0.601,0.905,993,237,404
404,4.040,0.0016,-0.0048,-0.5602,0.0002,-0.0014,-9.9668,0.0001,0.0008,-1.3211,0.601,0.909,0.603,0.908,995,237,405
405,4.050,0.0016,-0.0048,-0.5628,-0.0004,0.0005,-9.9789,0.0006,-0.0004,-1.3497,0.598,0.909,0.597,0.909,997,238,406
406,4.060,0.0016,-0.0048,-0.5628,-0.0007,0.0003,-9.9640,-0.0027,0.0012,-1.3922,0.590,0.917,0.594,0.919,1000,238,407
407,4.070,0.0017,-0.0048,-0.5654,-0.0013,-0.0025,-10.0007,-0.0008,0.0018,-1.4229,0.589,0.917,0.589,0.915,1002,239,408
408,4.080,0.0017,-0.0048,-0.5681,0.0020,-0.0018,-9.9971,0.0014,0.0006,-1.4695,0.581,0.923,0.578,0.921,1005,240,409
409,4.090,0.0017,-0.0048,-0.5681,0.0005,0.0018,-9.9939,-0.0005,-0.0007,-1.4998,0.581,0.923,0.582,0.925,1007,240,410
410,4.100,0.0018,-0.0048,-0.5709,-0.0049,0.0022,-10.0118,-0.0009,-0.0003,-1.5315,0.576,0.925,0.576,0.925,1009,241,411
411,4.110,0.0018,-0.0048,-0.5709,0.0053,-0.0038,-10.0037,-0.0009,-0.0013,-1.5631,0.575,0.929,0.574,0.931,1011,241,412
412,4.120,0.0018,-0.0048,-0.5737,-0.0019,-0.0007,-10.0285,0.0009,-0.0008,-1.6166,0.563,0.938,0.562,0.937,1014,242,413
413,4.130,0.0018,-0.0048,-0.5737,-0.0009,0.0007,-10.0568,0.0023,0.0010,-1.6486,0.566,0.940,0.566,0.937,1016,242,414
414,4.140,0.0018,-0.0048,-0.5767,-0.0001,-0.0014,-10.0723,-0.0012,0.0011,-1.6840,0.557,0.939,0.560,0.941,1018,243,415
415,4.150,0.0019,-0.0048,-0.5797,-0.0026,0.0006,-10.0748,0.0010,-0.0001,-1.7381,0.548,0.947,0.546,0.946,1021,244,416
416,4.160,0.0019,-0.0048,-0.5797,-0.0013,0.0015,-10.0830,0.0001,-0.0001,-1.7756,0.549,0.949,0.549,0.949,1023,244,417
417,4.170,0.0019,-0.0048,-0.5829,0.0006,-0.0018,-10.0931,-0.0004,-0.0002,-1.8303,0.537,0.955,0.537,0.955,1026,245,418
418,4.180,0.0019,-0.0048,-0.5829,0.0009,0.0027,-10.1135,-0.0014,-0.0000,-1.8686,0.538,0.957,0.539,0.958,1028,245,419
419,4.190,0.0019,-0.0048,-0.5862,-0.0001,-0.0003,-10.1335,-0.0016,0.0011,-1.9080,0.531,0.959,0.533,0.959,1030,246,420
420,4.200,0.0019,-0.0048,-0.5862,0.0000,-0.0033,-10.1383,-0.0003,0.0014,-1.9478,0.530,0.966,0.530,0.965,1032,246,421
421,4.210,0.0020,-0.0048,-0.5896,0.0007,0.0017,-10.1692,0.0005,0.0003,-2.0085,0.517,0.973,0.516,0.972,1035,247,422
422,4.220,0.0020,-0.0048,-0.5932,0.0012,-0.0024,-10.1987,-0.0012,0.0002,-2.0505,0.512,0.969,0.514,0.970,1037,248,423
423,4.230,0.0020,-0.0048,-0.5932,0.0008,0.0007,-10.1714,-0.0003,-0.0011,-2.1163,0.505,0.983,0.503,0.984,1040,248,424
424,4.240,0.0021,-0.0049,-0.5969,0.0024,-0.0006,-10.2288,0.0026,0.0006,-2.1585,0.502,0.981,0.500,0.978,1042,249,425
425,4.250,0.0021,-0.0049,-0.5969,-0.0023,0.0014,-10.2311,0.0010,0.0018,-2.2037,0.500,0.985,0.502,0.984,1044,249,426
426,4.260,0.0021,-0.0049,-0.6007,-0.0018,-0.0000,-10.2333,-0.0004,-0.0004,-2.2458,0.500,0.977,0.500,0.979,1046,250,427
427,4.270,0.0021,-0.0049,-0.6048,0.0046,0.0016,-10.2039,-0.0005,-0.0032,-2.3138,0.502,0.969,0.500,0.971,1049,251,428
428,4.280,0.0021,-0.0049,-0.6048,-0.0033,-0.0003,-10.1475,-0.0011,0.0000,-2.3619,0.500,0.976,0.502,0.975,1051,251,429
429,4.290,0.0022,-0.0049,-0.6090,0.0019,-0.0004,-10.1061,0.0007,0.0003,-2.4059,0.501,0.969,0.500,0.967,1053,252,430
430,4.300,0.0022,-0.0049,-0.6090,0.0016,0.0000,-10.0555,0.0004,-0.0006,-2.4733,0.501,0.973,0.500,0.974,1056,252,431
431,4.310,0.0022,-0.0049,-0.6133,0.0037,-0.0008,-10.0466,-0.0004,-0.0001,-2.5195,0.500,0.965,0.501,0.966,1058,253,432
432,4.320,0.0022,-0.0049,-0.6133,-0.0006,0.0023,-10.0164,0.0009,0.0013,-2.5638,0.500,0.972,0.500,0.970,1060,253,433
433,4.330,0.0022,-0.0049,-0.6177,-0.0011,-0.0007,-10.0007,-0.0005,0.0012,-2.6065,0.500,0.962,0.501,0.963,1062,254,434
434,4.340,0.0023,-0.0049,-0.6223,-0.0015,-0.0005,-9.9637,0.0001,-0.0009,-2.6750,0.501,0.954,0.500,0.955,1065,255,435
435,4.350,0.0023,-0.0049,-0.6223,-0.0027,0.0041,-9.8926,-0.0006,-0.0012,-2.7157,0.500,0.961,0.500,0.961,1067,255,436
436,4.360,0.0023,-0.0049,-0.6268,0.0010,-0.0041,-9.8587,-0.0004,0.0008,-2.7785,0.500,0.953,0.501,0.952,1070,256,437
437,4.370,0.0023,-0.0049,-0.6268,-0.0006,0.0014,-9.8115,0.0013,-0.0004,-2.8254,0.502,0.958,0.500,0.958,1072,256,438
438,4.380,0.0023,-0.0049,-0.6314,-0.0023,-0.0027,-9.7962,-0.0011,0.0007,-2.8870,0.500,0.949,0.502,0.950,1075,257,439
439,4.390,0.0024,-0.0049,-0.6360,-0.0011,-0.0003,-9.7604,-0.0015,-0.0009,-2.9281,0.500,0.942,0.500,0.943,1077,258,440
440,4.400,0.0024,-0.0049,-0.6360,-0.0013,-0.0011,-9.6769,-0.0010,0.0003,-2.9910,0.500,0.949,0.501,0.949,1080,258,441
441,4.410,0.0024,-0.0049,-0.6406,0.0023,-0.0008,-9.6692,0.0025,0.0001,-3.0330,0.502,0.941,0.500,0.940,1082,259,442
442,4.420,0.0024,-0.0049,-0.6406,0.0045,-0.0010,-9.6257,-0.0014,-0.0004,-3.0745,0.500,0.946,0.502,0.949,1084,259,443
443,4.430,0.0024,-0.0049,-0.6451,-0.0067,-0.0017,-9.6163,-0.0009,-0.0004,-3.1366,0.500,0.941,0.500,0.941,1087,260,444
444,4.440,0.0024,-0.0049,-0.6496,-0.0047,-0.0014,-9.5913,0.0004,0.0012,-3.1749,0.500,0.934,0.500,0.933,1089,261,445
445,4.450,0.0024,-0.0049,-0.6496,-0.0002,0.0009,-9.5161,0.0017,0.0004,-3.2376,0.501,0.940,0.500,0.940,1092,261,446
446,4.460,0.0025,-0.0049,-0.6540,-0.0007,0.0010,-9.5040,0.0027,0.0013,-3.2746,0.500,0.934,0.500,0.933,1094,262,447
447,4.470,0.0025,-0.0049,-0.6540,0.0024,-0.0030,-9.4879,0.0010,0.0003,-3.3170,0.500,0.940,0.500,0.941,1096,262,448
448,4.480,0.0025,-0.0049,-0.6582,0.0026,0.0009,-9.4931,-0.0020,0.0000,-3.3544,0.500,0.933,0.501,0.934,1098,263,449
449,4.490,0.0025,-0.0049,-0.6582,-0.0008,0.0005,-9.4828,-0.0003,0.0005,-3.3944,0.500,0.942,0.500,0.941,1100,263,450
450,4.500,0.0025,-0.0049,-0.6623,-0.0016,-0.0020,-9.5022,-0.0010,0.0008,-3.4547,0.500,0.935,0.501,0.935,1103,264,451
451,4.510,0.0026,-0.0049,-0.6663,-0.0017,-0.0022,-9.4820,0.0003,-0.0012,-3.4931,0.501,0.929,0.500,0.929,1105,265,452
452,4.520,0.0026,-0.0049,-0.6663,-0.0050,-0.0000,-9.4453,0.0002,0.0001,-3.5317,0.500,0.937,0.500,0.936,1107,265,453
453,4.530,0.0026,-0.0049,-0.6702,-0.0024,-0.0027,-9.4332,0.0012,-0.0021,-3.5711,0.502,0.931,0.500,0.931,1109,266,454
454,4.540,0.0026,-0.0049,-0.6702,-0.0026,0.0022,-9.4306,-0.0007,0.0023,-3.6093,0.500,0.938,0.503,0.937,1111,266,455
455,4.550,0.0026,-0.0049,-0.6739,-0.0038,-0.0010,-9.4489,-0.0004,-0.0007,-3.6684,0.501,0.933,0.500,0.934,1114,267,456
456,4.560,0.0026,-0.0049,-0.6739,-0.0010,-0.0015,-9.4388,-0.0000,-0.0003,-3.7072,0.500,0.941,0.500,0.941,1116,267,457
457,4.570,0.0026,-0.0049,-0.6775,0.0007,-0.0034,-9.4757,0.0005,-0.0016,-3.7647,0.501,0.936,0.500,0.936,1119,268,458
458,4.580,0.0027,-0.0049,-0.6810,0.0008,-0.0033,-9.4792,-0.0016,-0.0003,-3.8021,0.500,0.932,0.501,0.932,1121,269,459
459,4.590,0.0027,-0.0049,-0.6810,0.0000,0.0025,-9.4533,-0.0018,0.0019,-3.8420,0.500,0.939,0.501,0.938,1123,269,460
460,4.600,0.0027,-0.0049,-0.6843,-0.0014,-0.0001,-9.4618,-0.0004,-0.0019,-3.9019,0.502,0.934,0.500,0.935,1126,270,461
461,4.610,0.0027,-0.0049,-0.6843,0.0008,-0.0002,-9.4580,-0.0005,-0.0014,-3.9396,0.500,0.942,0.500,0.943,1128,270,462
462,4.620,0.0027,-0.0049,-0.6874,-0.0024,-0.0021,-9.4978,-0.0003,-0.0016,-3.9776,0.500,0.939,0.500,0.939,1130,271,463
463,4.630,0.0027,-0.0049,-0.6874,-0.0014,-0.0016,-9.5032,-0.0000,0.0013,-4.0172,0.500,0.946,0.501,0.945,1132,271,464
464,4.640,0.0028,-0.0049,-0.6905,-0.0003,0.0016,-9.5492,0.0005,-0.0011,-4.0780,0.501,0.942,0.500,0.942,1135,272,465
465,4.650,0.0028,-0.0049,-0.6934,0.0015,-0.0027,-9.5550,-0.0006,-0.0008,-4.1165,0.500,0.940,0.500,0.940,1137,273,466
466,4.660,0.0028,-0.0049,-0.6934,-0.0022,0.0037,-9.5328,-0.0012,0.0017,-4.1731,0.500,0.946,0.501,0.945,1140,273,467
467,4.670,0.0028,-0.0049,-0.6963,0.0002,0.0015,-9.5601,-0.0008,0.0013,-4.2143,0.500,0.944,0.500,0.944,1142,274,468
468,4.680,0.0028,-0.0049,-0.6990,-0.0024,0.0004,-9.5649,-0.0012,-0.0024,-4.2718,0.501,0.940,0.500,0.942,1145,275,469
469,4.690,0.0028,-0.0049,-0.6990,0.0001,-0.0006,-9.5616,0.0005,-0.0004,-4.3111,0.500,0.949,0.500,0.948,1147,275,470
470,4.700,0.0028,-0.0049,-0.7016,0.0005,0.0010,-9.6013,-0.0006,-0.0008,-4.3719,0.500,0.946,0.500,0.946,1150,276,471
471,4.710,0.0028,-0.0049,-0.7016,-0.0005,-0.0031,-9.6044,-0.0008,-0.0004,-4.4098,0.500,0.952,0.500,0.952,1152,276,472
472,4.720,0.0029,-0.0049,-0.7042,-0.0014,-0.0046,-9.6525,-0.0003,-0.0007,-4.4697,0.500,0.950,0.500,0.950,1155,277,473
473,4.730,0.0029,-0.0049,-0.7066,-0.0021,-0.0008,-9.6634,-0.0036,-0.0012,-4.5100,0.500,0.947,0.501,0.949,1157,278,474
474,4.740,0.0029,-0.0049,-0.7066,0.0016,0.0026,-9.6607,-0.0012,-0.0011,-4.5498,0.501,0.954,0.500,0.954,1159,278,475
475,4.750,0.0029,-0.0049,-0.7091,-0.0009,-0.0026,-9.6803,-0.0001,-0.0008,-4.5887,0.500,0.953,0.500,0.953,1161,279,476
476,4.760,0.0029,-0.0049,-0.7091,-0.0028,-0.0016,-9.7006,-0.0004,-0.0030,-4.6494,0.501,0.958,0.500,0.959,1164,279,477
477,4.770,0.0029,-0.0049,-0.7114,-0.0029,0.0010,-9.7455,0.0005,0.0011,-4.6886,0.500,0.957,0.501,0.956,1166,280,478
478,4.780,0.0029,-0.0049,-0.7138,0.0016,-0.0034,-9.7684,0.0003,0.0020,-4.7487,0.500,0.955,0.500,0.955,1169,281,479
479,4.790,0.0029,-0.0049,-0.7138,0.0000,-0.0025,-9.7589,-0.0003,-0.0003,-4.7908,0.500,0.960,0.500,0.961,1171,281,480
480,4.800,0.0030,-0.0049,-0.7161,0.0015,-0.0022,-9.7876,-0.0014,-0.0017,-4.8291,0.500,0.958,0.500,0.959,1173,282,481
481,4.810,0.0030,-0.0049,-0.7161,-0.0008,0.0008,-9.8087,0.0008,-0.0006,-4.8914,0.500,0.965,0.500,0.964,1176,282,482
482,4.820,0.0030,-0.0049,-0.7184,0.0014,0.0012,-9.8451,0.0004,0.0006,-4.9333,0.500,0.962,0.500,0.962,1178,283,483
483,4.830,0.0030,-0.0049,-0.7208,0.0026,0.0041,-9.8551,-0.0006,0.0001,-4.9945,0.500,0.960,0.500,0.961,1181,284,484
484,4.840,0.0030,-0.0049,-0.7208,-0.0024,0.0016,-9.8528,0.0002,0.0002,-5.0340,0.500,0.966,0.500,0.966,1183,284,485
485,4.850,0.0030,-0.0049,-0.7231,-0.0017,-0.0006,-9.8741,0.0008,-0.0005,-5.0771,0.501,0.963,0.500,0.963,1185,285,486
486,4.860,0.0030,-0.0049,-0.7231,0.0009,-0.0008,-9.8842,-0.0001,-0.0004,-5.1381,0.500,0.969,0.500,0.969,1188,285,487
487,4.870,0.0030,-0.0049,-0.7255,-0.0031,0.0016,-9.9229,-0.0009,-0.0004,-5.1794,0.500,0.966,0.500,0.966,1190,286,488
488,4.880,0.0030,-0.0049,-0.7255,-0.0003,0.0041,-9.9299,-0.0022,0.0009,-5.2198,0.500,0.971,0.501,0.971,1192,286,489
489,4.890,0.0030,-0.0049,-0.7280,-0.0032,-0.0017,-9.9651,0.0011,-0.0001,-5.2819,0.501,0.968,0.500,0.968,1195,287,490
490,4.900,0.0031,-0.0049,-0.7305,0.0016,0.0010,-9.9697,-0.0005,-0.0006,-5.3250,0.500,0.965,0.500,0.966,1197,288,491
491,4.910,0.0031,-0.0049,-0.7305,-0.0033,-0.0012,-9.9556,0.0009,0.0001,-5.3649,0.500,0.971,0.500,0.970,1199,288,492
492,4.920,0.0031,-0.0049,-0.7330,0.0008,0.0011,-9.9713,-0.0017,0.0003,-5.4262,0.500,0.967,0.501,0.968,1202,289,493
493,4.930,0.0031,-0.0049,-0.7330,0.0033,-0.0007,-9.9736,-0.0001,0.0001,-5.4681,0.500,0.973,0.500,0.972,1204,289,494
494,4.940,0.0031,-0.0048,-0.7356,0.0017,-0.0006,-10.0010,0.0003,0.0011,-5.5303,0.500,0.970,0.500,0.969,1207,290,495
495,4.950,0.0031,-0.0048,-0.7383,0.0004,-0.0008,-9.9970,-0.0014,-0.0007,-5.5705,0.500,0.965,0.500,0.966,1209,291,496
496,4.960,0.0031,-0.0048,-0.7383,-0.0025,-0.0017,-9.9669,-0.0014,-0.0017,-5.6364,0.500,0.970,0.500,0.971,1212,291,497
497,4.970,0.0031,-0.0048,-0.7411,0.0035,-0.0009,-9.9807,0.0005,0.0015,-5.6750,0.500,0.968,0.500,0.966,1214,292,498
498,4.980,0.0031,-0.0048,-0.7411,-0.0035,0.0022,-9.9683,0.0008,0.0001,-5.7164,0.501,0.972,0.500,0.972,1216,292,499
499,4.990,0.0031,-0.0048,-0.7439,-0.0008,0.0011,-9.9841,0.0017,-0.0000,-5.7584,0.501,0.968,0.500,0.967,1218,293,500
500,5.000,0.0031,-0.0048,-0.7439,0.0032,0.0001,-9.9803,0.0007,0.0014,-5.7998,0.500,0.973,0.501,0.972,1220,293,501
501,5.010,0.0031,-0.0048,-0.7468,0.0027,0.0003,-9.9899,-0.0013,-0.0019,-5.8410,0.500,0.967,0.500,0.969,1222,294,502
502,5.020,0.0031,-0.0048,-0.7498,0.0031,-0.0003,-9.9891,-0.0010,0.0004,-5.9027,0.500,0.964,0.501,0.963,1225,295,503
503,5.030,0.0031,-0.0048,-0.7498,-0.0021,-0.0016,-9.9618,0.0004,-0.0001,-5.9418,0.501,0.969,0.500,0.969,1227,295,504
504,5.040,0.0031,-0.0048,-0.7529,-0.0019,0.0013,-9.9543,0.0010,0.0001,-6.0039,0.500,0.964,0.500,0.964,1230,296,505
505,5.050,0.0031,-0.0048,-0.7529,0.0014,-0.0024,-9.9437,0.0003,0.0007,-6.0453,0.500,0.969,0.500,0.969,1232,296,506
506,5.060,0.0031,-0.0048,-0.7560,-0.0024,-0.0008,-9.9561,-0.0002,-0.0006,-6.1056,0.500,0.964,0.500,0.965,1235,297,507
507,5.070,0.0031,-0.0048,-0.7592,-0.0039,-0.0019,-9.9435,-0.0012,-0.0022,-6.1477,0.500,0.959,0.500,0.960,1237,298,508
508,5.080,0.0031,-0.0048,-0.7592,0.0013,-0.0006,-9.9060,-0.0008,-0.0000,-6.1858,0.500,0.965,0.501,0.964,1239,298,509
509,5.090,0.0032,-0.0048,-0.7624,0.0013,-0.0025,-9.8927,-0.0001,-0.0006,-6.2278,0.500,0.960,0.500,0.960,1241,299,510
510,5.100,0.0032,-0.0048,-0.7624,-0.0027,0.0034,-9.8677,0.0002,0.0010,-6.2866,0.500,0.965,0.500,0.964,1244,299,511
511,5.110,0.0032,-0.0048,-0.7657,0.0025,-0.0024,-9.8802,0.0001,0.0004,-6.3268,0.500,0.960,0.500,0.960,1246,300,512
512,5.120,0.0032,-0.0048,-0.7690,-0.0029,0.0002,-9.8647,-0.0015,-0.0006,-6.3878,0.500,0.954,0.500,0.955,1249,301,513
513,5.130,0.0032,-0.0048,-0.7690,0.0007,0.0013,-9.8250,-0.0010,0.0004,-6.4268,0.500,0.960,0.500,0.960,1251,301,514
514,5.140,0.0032,-0.0048,-0.7723,0.0011,0.0020,-9.8208,-0.0001,0.0006,-6.4666,0.500,0.955,0.500,0.955,1253,302,515
515,5.150,0.0032,-0.0048,-0.7723,-0.0003,-0.0007,-9.7940,0.0006,0.0014,-6.5250,0.500,0.961,0.500,0.960,1256,302,516
516,5.160,0.0032,-0.0048,-0.7756,-0.0012,-0.0004,-9.8057,-0.0009,-0.0008,-6.5636,0.500,0.955,0.500,0.956,1258,303,517
517,5.170,0.0032,-0.0048,-0.7789,-0.0016,-0.0027,-9.7885,-0.0005,-0.0016,-6.6232,0.500,0.950,0.500,0.950,1261,304,518
518,5.180,0.0032,-0.0048,-0.7789,-0.0029,-0.0022,-9.7525,0.0006,-0.0018,-6.6615,0.501,0.956,0.500,0.956,1263,304,519
519,5.190,0.0032,-0.0048,-0.7823,0.0004,-0.0007,-9.7460,-0.0000,-0.0007,-6.7206,0.500,0.951,0.500,0.951,1266,305,520
520,5.200,0.0032,-0.0048,-0.7823,0.0035,0.0004,-9.7252,-0.0009,-0.0003,-6.7572,0.500,0.956,0.500,0.956,1268,305,521
521,5.210,0.0032,-0.0048,-0.7855,-0.0025,0.0013,-9.7416,-0.0011,0.0005,-6.7945,0.500,0.951,0.500,0.951,1270,306,522
522,5.220,0.0032,-0.0048,-0.7855,0.0013,-0.0010,-9.7328,-0.0004,-0.0005,-6.8352,0.500,0.957,0.500,0.957,1272,306,523
523,5.230,0.0031,-0.0048,-0.7888,0.0013,0.0037,-9.7470,0.0018,0.0004,-6.8905,0.501,0.952,0.500,0.951,1275,307,524
524,5.240,0.0031,-0.0048,-0.7921,0.0007,-0.0027,-9.7383,-0.0008,0.0006,-6.9299,0.500,0.947,0.501,0.947,1277,308,525
525,5.250,0.0031,-0.0048,-0.7921,-0.0015,-0.0069,-9.7085,0.0015,-0.0007,-6.9679,0.501,0.953,0.500,0.952,1279,308,526
526,5.260,0.0031,-0.0048,-0.7953,0.0016,-0.0014,-9.6940,-0.0010,0.0007,-7.0052,0.500,0.948,0.501,0.948,1281,309,527
527,5.270,0.0031,-0.0048,-0.7953,-0.0030,-0.0038,-9.6777,-0.0021,-0.0008,-7.0618,0.500,0.954,0.500,0.955,1284,309,528
528,5.280,0.0031,-0.0048,-0.7985,-0.0039,-0.0030,-9.6983,-0.0002,0.0003,-7.0999,0.500,0.950,0.500,0.949,1286,310,529
529,5.290,0.0031,-0.0048,-0.7985,-0.0018,0.0007,-9.6938,-0.0007,0.0000,-7.1391,0.500,0.955,0.500,0.955,1288,310,530
530,5.300,0.0031,-0.0048,-0.8016,-0.0014,0.0002,-9.7069,-0.0009,0.0017,-7.1769,0.500,0.950,0.501,0.950,1290,311,531
531,5.310,0.0031,-0.0048,-0.8016,0.0003,0.0001,-9.7078,0.0010,0.0015,-7.2129,0.500,0.956,0.500,0.955,1292,311,532
532,5.320,0.0031,-0.0048,-0.8047,0.0027,0.0013,-9.7301,-0.0005,-0.0003,-7.2700,0.500,0.951,0.500,0.952,1295,312,533
533,5.330,0.0031,-0.0048,-0.8078,0.0037,0.0012,-9.7189,0.0003,-0.0007,-7.3082,0.500,0.947,0.500,0.947,1297,313,534
534,5.340,0.0031,-0.0048,-0.8078,0.0016,0.0012,-9.7048,0.0017,-0.0001,-7.3458,0.500,0.953,0.500,0.953,1299,313,535
535,5.350,0.0031,-0.0048,-0.8108,-0.0017,0.0037,-9.6979,0.0009,0.0005,-7.4017,0.500,0.949,0.500,0.949,1302,314,536
536,5.360,0.0031,-0.0048,-0.8108,0.0021,0.0013,-9.6878,-0.0005,-0.0006,-7.4393,0.500,0.954,0.500,0.955,1304,314,537
537,5.370,0.0031,-0.0048,-0.8138,0.0020,0.0048,-9.7120,-0.0002,-0.0010,-7.4965,0.500,0.950,0.500,0.951,1307,315,538
538,5.380,0.0031,-0.0048,-0.8167,0.0019,0.0006,-9.6994,0.0005,-0.0003,-7.5343,0.500,0.947,0.500,0.947,1309,316,539
539,5.390,0.0031,-0.0048,-0.8167,-0.0016,0.0001,-9.6741,0.0006,0.0001,-7.5701,0.500,0.953,0.500,0.952,1311,316,540
540,5.400,0.0031,-0.0048,-0.8196,0.0017,-0.0029,-9.6824,-0.0000,-0.0007,-7.6068,0.500,0.948,0.500,0.949,1313,317,541
541,5.410,0.0031,-0.0048,-0.8196,-0.0023,0.0020,-9.6769,-0.0013,0.0007,-7.6456,0.500,0.954,0.501,0.954,1315,317,542
542,5.420,0.0031,-0.0048,-0.8225,0.0023,-0.0018,-9.6957,0.0022,0.0003,-7.7009,0.501,0.950,0.500,0.949,1318,318,543
543,5.430,0.0031,-0.0048,-0.8225,0.0016,0.0012,-9.6970,0.0001,0.0004,-7.7375,0.500,0.955,0.501,0.956,1320,318,544
544,5.440,0.0030,-0.0048,-0.8253,0.0003,0.0010,-9.7239,-0.0009,0.0006,-7.7934,0.500,0.952,0.501,0.952,1323,319,545
545,5.450,0.0030,-0.0048,-0.8280,-0.0026,0.0001,-9.7228,0.0004,0.0002,-7.8320,0.500,0.949,0.500,0.949,1325,320,546
546,5.460,0.0030,-0.0048,-0.8280,-0.0064,0.0002,-9.7015,-0.0001,-0.0002,-7.8683,0.500,0.954,0.500,0.955,1327,320,547
547,5.470,0.0030,-0.0047,-0.8308,-0.0015,-0.0031,-9.7000,0.0011,-0.0003,-7.9067,0.501,0.951,0.500,0.951,1329,321,548
548,5.480,0.0030,-0.0047,-0.8308,0.0031,-0.0025,-9.7012,-0.0003,-0.0010,-7.9613,0.500,0.956,0.500,0.957,1332,321,549
549,5.490,0.0030,-0.0047,-0.8335,0.0038,-0.0010,-9.7265,-0.0008,-0.0007,-7.9983,0.500,0.953,0.500,0.953,1334,322,550
550,5.500,0.0030,-0.0047,-0.8335,-0.0009,0.0030,-9.7303,0.0007,0.0002,-8.0352,0.500,0.958,0.500,0.958,1336,322,551
551,5.510,0.0030,-0.0047,-0.8361,0.0005,0.0004,-9.7629,0.0004,0.0012,-8.0915,0.500,0.955,0.500,0.954,1339,323,552
552,5.520,0.0030,-0.0047,-0.8388,0.0022,0.0003,-9.7579,0.0003,-0.0010,-8.1298,0.501,0.951,0.500,0.952,1341,324,553
553,5.530,0.0030,-0.0047,-0.8388,-0.0009,-0.0030,-9.7423,0.0016,0.0012,-8.1670,0.500,0.958,0.500,0.956,1343,324,554
554,5.540,0.0030,-0.0047,-0.8414,0.0002,-0.0009,-9.7546,-0.0002,-0.0012,-8.2221,0.500,0.953,0.500,0.954,1346,325,555
555,5.550,0.0030,-0.0047,-0.8414,-0.0039,0.0003,-9.7440,-0.0007,-0.0013,-8.2584,0.500,0.959,0.500,0.959,1348,325,556
556,5.560,0.0029,-0.0047,-0.8440,-0.0003,-0.0009,-9.7722,0.0006,0.0012,-8.3146,0.500,0.956,0.500,0.955,1351,326,557
557,5.570,0.0029,-0.0047,-0.8466,-0.0007,0.0051,-9.7709,0.0015,0.0003,-8.3532,0.501,0.952,0.500,0.952,1353,327,558
558,5.580,0.0029,-0.0047,-0.8466,-0.0004,0.0025,-9.7487,-0.0003,-0.0020,-8.3904,0.500,0.957,0.500,0.958,1355,327,559
559,5.590,0.0029,-0.0047,-0.8491,0.0012,0.0007,-9.7626,-0.0014,0.0010,-8.4472,0.500,0.954,0.501,0.954,1358,328,560
560,5.600,0.0029,-0.0047,-0.8491,-0.0014,-0.0009,-9.7638,0.0005,0.0010,-8.4824,0.500,0.960,0.500,0.959,1360,328,561
561,5.610,0.0029,-0.0047,-0.8517,-0.0004,0.0021,-9.7800,-0.0007,0.0001,-8.5199,0.500,0.956,0.500,0.957,1362,329,562
562,5.620,0.0029,-0.0047,-0.8542,0.0055,-0.0032,-9.7855,0.0008,0.0021,-8.5752,0.500,0.954,0.500,0.953,1365,330,563
563,5.630,0.0029,-0.0047,-0.8542,-0.0033,0.0026,-9.7607,-0.0006,-0.0007,-8.6129,0.500,0.958,0.500,0.959,1367,330,564
564,5.640,0.0028,-0.0047,-0.8568,0.0004,0.0005,-9.7769,-0.0001,-0.0006,-8.6671,0.500,0.956,0.500,0.955,1370,331,565
565,5.650,0.0028,-0.0047,-0.8568,0.0007,-0.0031,-9.7759,0.0014,0.0001,-8.7060,0.500,0.961,0.500,0.960,1372,331,566
566,5.660,0.0028,-0.0047,-0.8593,-0.0014,0.0018,-9.7933,0.0007,0.0012,-8.7406,0.500,0.957,0.501,0.957,1374,332,567
567,5.670,0.0028,-0.0047,-0.8593,0.0057,0.0006,-9.7970,0.0023,0.0014,-8.7763,0.501,0.963,0.500,0.961,1376,332,568
568,5.680,0.0028,-0.0047,-0.8618,0.0030,0.0014,-9.8087,-0.0005,0.0008,-8.8152,0.500,0.958,0.501,0.959,1378,333,569
569,5.690,0.0028,-0.0047,-0.8618,-0.0029,0.0040,-9.8240,-0.0013,0.0005,-8.8533,0.500,0.963,0.500,0.964,1380,333,570
570,5.700,0.0028,-0.0047,-0.8643,-0.0013,-0.0016,-9.8510,0.0013,0.0003,-8.9103,0.501,0.960,0.500,0.960,1383,334,571
571,5.710,0.0028,-0.0046,-0.8669,-0.0003,-0.0020,-9.8500,0.0014,-0.0012,-8.9462,0.501,0.957,0.500,0.957,1385,335,572
572,5.720,0.0028,-0.0046,-0.8669,-0.0027,-0.0017,-9.8289,-0.0004,-0.0005,-8.9842,0.500,0.962,0.501,0.962,1387,335,573
573,5.730,0.0027,-0.0046,-0.8694,-0.0008,0.0004,-9.8269,-0.0011,0.0010,-9.0188,0.500,0.958,0.501,0.958,1389,336,574
574,5.740,0.0027,-0.0046,-0.8694,0.0004,-0.0001,-9.8345,0.0003,-0.0015,-9.0565,0.501,0.963,0.500,0.963,1391,336,575
575,5.750,0.0027,-0.0046,-0.8720,-0.0027,-0.0009,-9.8496,0.0005,-0.0018,-9.1146,0.500,0.960,0.500,0.960,1394,337,576
576,5.760,0.0027,-0.0046,-0.8720,-0.0011,0.0000,-9.8469,-0.0002,-0.0005,-9.1505,0.500,0.964,0.501,0.964,1396,337,577
577,5.770,0.0027,-0.0046,-0.8745,0.0030,0.0009,-9.8733,-0.0001,-0.0003,-9.2048,0.500,0.961,0.500,0.961,1399,338,578
578,5.780,0.0027,-0.0046,-0.8771,-0.0046,0.0028,-9.8651,0.0002,0.0012,-9.2413,0.500,0.958,0.500,0.957,1401,339,579
579,5.790,0.0027,-0.0046,-0.8771,-0.0014,0.0015,-9.8327,0.0009,0.0012,-9.2989,0.500,0.962,0.500,0.962,1404,339,580
580,5.800,0.0026,-0.0046,-0.8798,0.0025,-0.0047,-9.8447,0.0001,-0.0022,-9.3358,0.501,0.957,0.500,0.959,1406,340,581
581,5.810,0.0026,-0.0046,-0.8798,-0.0041,0.0027,-9.8406,0.0003,0.0001,-9.3727,0.500,0.963,0.501,0.963,1408,340,582
582,5.820,0.0026,-0.0046,-0.8824,0.0002,-0.0009,-9.8551,0.0004,-0.0012,-9.4295,0.501,0.959,0.500,0.960,1411,341,583
583,5.830,0.0026,-0.0046,-0.8850,0.0007,0.0016,-9.8457,-0.0002,0.0012,-9.4635,0.500,0.956,0.501,0.955,1413,342,584
584,5.840,0.0026,-0.0046,-0.8850,0.0036,-0.0032,-9.8110,0.0009,-0.0007,-9.5205,0.501,0.960,0.500,0.960,1416,342,585
585,5.850,0.0025,-0.0046,-0.8877,-0.0027,0.0009,-9.8156,0.0002,-0.0002,-9.5566,0.500,0.957,0.500,0.957,1418,343,586
586,5.860,0.0025,-0.0046,-0.8877,-0.0004,-0.0028,-9.8096,0.0005,0.0013,-9.5917,0.500,0.962,0.500,0.961,1420,343,587
587,5.870,0.0025,-0.0046,-0.8904,-0.0025,-0.0015,-9.8222,-0.0006,0.0010,-9.6451,0.500,0.958,0.500,0.958,1423,344,588
588,5.880,0.0025,-0.0045,-0.8931,-0.0007,-0.0023,-9.8214,-0.0024,0.0003,-9.6835,0.500,0.953,0.501,0.954,1425,345,589
589,5.890,0.0025,-0.0045,-0.8931,0.0008,-0.0004,-9.7981,-0.0001,-0.0000,-9.7185,0.501,0.959,0.500,0.958,1427,345,590
590,5.900,0.0025,-0.0045,-0.8958,0.0025,0.0042,-9.7949,-0.0013,0.0003,-9.7735,0.500,0.955,0.501,0.955,1430,346,591
591,5.910,0.0025,-0.0045,-0.8958,-0.0004,-0.0020,-9.7830,0.0001,-0.0017,-9.8093,0.501,0.959,0.500,0.960,1432,346,592
592,5.920,0.0024,-0.0045,-0.8984,-0.0023,-0.0020,-9.8000,-0.0006,-0.0007,-9.8650,0.500,0.956,0.500,0.956,1435,347,593
593,5.930,0.0024,-0.0045,-0.9011,0.0025,-0.0019,-9.7926,0.0007,0.0006,-9.9009,0.500,0.953,0.500,0.952,1437,348,594
594,5.940,0.0024,-0.0045,-0.9011,0.0033,0.0032,-9.7711,-0.0008,-0.0013,-9.9357,0.500,0.957,0.500,0.958,1439,348,595
595,5.950,0.0024,-0.0045,-0.9038,-0.0035,0.0003,-9.7636,0.0001,0.0013,-9.9734,0.500,0.954,0.501,0.953,1441,349,596
596,5.960,0.0024,-0.0045,-0.9038,-0.0024,0.0020,-9.7523,0.0002,0.0012,-10.0259,0.500,0.959,0.500,0.959,1444,349,597
597,5.970,0.0023,-0.0045,-0.9065,-0.0017,0.0032,-9.7732,0.0010,0.0017,-10.0612,0.500,0.955,0.500,0.955,1446,350,598
598,5.980,0.0023,-0.0045,-0.9065,-0.0001,-0.0017,-9.7687,-0.0002,0.0019,-10.0963,0.500,0.959,0.501,0.959,1448,350,599
599,5.990,0.0023,-0.0045,-0.9091,0.0018,-0.0007,-9.7905,0.0006,0.0002,-10.1503,0.501,0.955,0.500,0.956,1451,351,600
600,6.000,0.0023,-0.0045,-0.9117,-0.0032,0.0014,-9.7826,0.0006,-0.0011,-10.1841,0.501,0.952,0.500,0.952,1453,352,601
601,6.010,0.0023,-0.0045,-0.9117,-0.0005,-0.0008,-9.7583,-0.0004,-0.0004,-10.2213,0.500,0.957,0.500,0.957,1455,352,602
602,6.020,0.0022,-0.0045,-0.9144,0.0028,-0.0016,-9.7636,-0.0006,-0.0006,-10.2730,0.500,0.954,0.500,0.954,1458,353,603
603,6.030,0.0022,-0.0045,-0.9144,0.0014,-0.0038,-9.7573,-0.0000,0.0012,-10.3098,0.500,0.959,0.501,0.958,1460,353,604
604,6.040,0.0022,-0.0045,-0.9170,0.0008,0.0011,-9.7659,0.0000,0.0002,-10.3453,0.500,0.955,0.500,0.955,1462,354,605
605,6.050,0.0022,-0.0044,-0.9196,0.0000,-0.0021,-9.7673,-0.0007,0.0012,-10.3964,0.500,0.951,0.501,0.951,1465,355,606
606,6.060,0.0022,-0.0044,-0.9196,0.0028,-0.0007,-9.7399,-0.0008,-0.0004,-10.4341,0.500,0.956,0.500,0.956,1467,355,607
607,6.070,0.0021,-0.0044,-0.9222,0.0016,-0.0008,-9.7386,-0.0013,0.0004,-10.4684,0.500,0.953,0.501,0.953,1469,356,608
608,6.080,0.0021,-0.0044,-0.9222,0.0009,0.0014,-9.7363,0.0007,-0.0007,-10.5198,0.501,0.957,0.500,0.957,1472,356,609
609,6.090,0.0021,-0.0044,-0.9247,0.0046,-0.0040,-9.7529,0.0002,0.0007,-10.5567,0.500,0.954,0.501,0.954,1474,357,610
610,6.100,0.0021,-0.0044,-0.9247,-0.0008,0.0015,-9.7527,0.0001,0.0006,-10.5904,0.500,0.959,0.500,0.959,1476,357,611
611,6.110,0.0021,-0.0044,-0.9273,0.0015,-0.0007,-9.7762,0.0012,0.0004,-10.6433,0.500,0.955,0.500,0.955,1479,358,612
612,6.120,0.0020,-0.0044,-0.9298,0.0023,-0.0029,-9.7732,0.0001,-0.0004,-10.6796,0.500,0.952,0.500,0.952,1481,359,613
613,6.130,0.0020,-0.0044,-0.9298,-0.0019,0.0027,-9.7420,0.0001,0.0007,-10.7330,0.500,0.957,0.500,0.957,1484,359,614
614,6.140,0.0020,-0.0044,-0.9323,-0.0005,-0.0016,-9.7557,-0.0008,-0.0012,-10.7661,0.500,0.953,0.500,0.954,1486,360,615
615,6.150,0.0020,-0.0044,-0.9323,-0.0001,0.0012,-9.7503,0.0004,-0.0016,-10.8023,0.501,0.958,0.500,0.958,1488,360,616
616,6.160,0.0020,-0.0044,-0.9348,0.0013,0.0018,-9.7655,0.0007,-0.0006,-10.8529,0.500,0.955,0.500,0.955,1491,361,617
617,6.170,0.0019,-0.0044,-0.9373,0.0007,0.0020,-9.7641,-0.0018,0.0012,-10.8904,0.500,0.951,0.502,0.951,1493,362,618
618,6.180,0.0019,-0.0044,-0.9373,0.0068,0.0023,-9.7437,0.0014,-0.0008,-10.9234,0.502,0.956,0.500,0.956,1495,362,619
619,6.190,0.0019,-0.0044,-0.9397,-0.0011,0.0023,-9.7429,-0.0009,-0.0003,-10.9590,0.500,0.953,0.501,0.953,1497,363,620
620,6.200,0.0019,-0.0044,-0.9397,-0.0024,0.0007,-9.7383,-0.0010,-0.0017,-11.0103,0.500,0.958,0.500,0.958,1500,363,621
621,6.210,0.0019,-0.0044,-0.9421,-0.0007,-0.0010,-9.7619,0.0005,-0.0002,-11.0438,0.500,0.955,0.500,0.955,1502,364,622
622,6.220,0.0019,-0.0044,-0.9421,-0.0016,-0.0001,-9.7614,0.0006,0.0007,-11.0782,0.500,0.960,0.500,0.959,1504,364,623
623,6.230,0.0018,-0.0043,-0.9445,-0.0003,0.0026,-9.7769,0.0013,-0.0007,-11.1126,0.501,0.956,0.500,0.956,1506,365,624
624,6.240,0.0018,-0.0043,-0.9469,0.0036,0.0033,-9.7852,-0.0008,-0.0004,-11.1675,0.500,0.953,0.501,0.953,1509,366,625
625,6.250,0.0018,-0.0043,-0.9469,-0.0025,0.0011,-9.7640,0.0001,-0.0011,-11.2018,0.501,0.958,0.500,0.958,1511,366,626
626,6.260,0.0018,-0.0043,-0.9493,0.0027,-0.0043,-9.7660,-0.0009,-0.0011,-11.2347,0.500,0.955,0.500,0.955,1513,367,627
627,6.270,0.0018,-0.0043,-0.9493,-0.0026,-0.0003,-9.7595,0.0002,0.0009,-11.2871,0.500,0.960,0.500,0.959,1516,367,628
628,6.280,0.0017,-0.0043,-0.9517,-0.0031,0.0028,-9.7855,0.0021,0.0019,-11.3222,0.500,0.957,0.500,0.956,1518,368,629
629,6.290,0.0017,-0.0043,-0.9517,-0.0023,0.0016,-9.7813,0.0006,0.0001,-11.3577,0.500,0.960,0.500,0.961,1520,368,630
630,6.300,0.0017,-0.0043,-0.9541,0.0005,-0.0017,-9.7956,-0.0012,-0.0014,-11.3902,0.500,0.957,0.500,0.958,1522,369,631
631,6.310,0.0017,-0.0043,-0.9541,0.0010,0.0000,-9.8081,-0.0005,-0.0009,-11.4269,0.500,0.962,0.500,0.962,1524,369,632
632,6.320,0.0016,-0.0043,-0.9564,0.0014,-0.0001,-9.8267,0.0013,0.0003,-11.4768,0.500,0.959,0.500,0.958,1527,370,633
633,6.330,0.0016,-0.0043,-0.9588,0.0039,-0.0004,-9.8248,0.0007,-0.0006,-11.5131,0.500,0.955,0.500,0.956,1529,371,634
634,6.340,0.0016,-0.0043,-0.9588,-0.0036,0.0007,-9.7960,0.0007,0.0006,-11.5647,0.500,0.960,0.500,0.960,1532,371,635
635,6.350,0.0016,-0.0043,-0.9612,-0.0001,-0.0018,-9.8057,0.0008,0.0016,-11.6008,0.500,0.957,0.500,0.957,1534,372,636
636,6.360,0.0016,-0.0043,-0.9612,-0.0009,0.0039,-9.8006,0.0007,-0.0001,-11.6355,0.501,0.961,0.500,0.961,1536,372,637
637,6.370,0.0015,-0.0043,-0.9636,-0.0023,-0.0028,-9.8190,-0.0013,-0.0006,-11.6859,0.500,0.957,0.501,0.958,1539,373,638
638,6.380,0.0015,-0.0043,-0.9659,0.0030,-0.0022,-9.8154,0.0004,0.0013,-11.7197,0.500,0.956,0.500,0.954,1541,374,639
639,6.390,0.0015,-0.0043,-0.9659,0.0051,-0.0033,-9.8030,-0.0003,0.0012,-11.7537,0.500,0.959,0.500,0.959,1543,374,640
640,6.400,0.0014,-0.0043,-0.9683,0.0001,-0.0006,-9.7975,0.0009,0.0003,-11.8063,0.501,0.956,0.500,0.956,1546,375,641
641,6.410,0.0014,-0.0043,-0.9683,-0.0010,-0.0027,-9.7909,0.0005,0.0001,-11.8401,0.500,0.961,0.500,0.961,1548,375,642
642,6.420,0.0014,-0.0043,-0.9707,0.0009,-0.0058,-9.8066,-0.0004,-0.0000,-11.8930,0.500,0.957,0.500,0.957,1551,376,643
643,6.430,0.0014,-0.0042,-0.9731,-0.0014,0.0021,-9.8065,-0.0007,0.0005,-11.9264,0.500,0.954,0.500,0.954,1553,377,644
644,6.440,0.0014,-0.0042,-0.9731,-0.0004,0.0003,-9.7811,0.0001,-0.0000,-11.9607,0.500,0.958,0.500,0.958,1555,377,645
645,6.450,0.0013,-0.0042,-0.9755,0.0042,-0.0010,-9.7819,-0.0002,0.0007,-11.9948,0.500,0.955,0.500,0.955,1557,378,646
646,6.460,0.0013,-0.0042,-0.9755,0.0026,0.0003,-9.7759,-0.0002,0.0011,-12.0455,0.500,0.960,0.500,0.960,1560,378,647
647,6.470,0.0013,-0.0042,-0.9778,-0.0024,-0.0036,-9.7896,0.0002,0.0006,-12.0819,0.500,0.957,0.500,0.956,1562,379,648
648,6.480,0.0013,-0.0042,-0.9778,-0.0000,-0.0008,-9.7972,0.0005,-0.0000,-12.1131,0.500,0.961,0.500,0.961,1564,379,649
649,6.490,0.0012,-0.0042,-0.9802,-0.0016,0.0004,-9.8136,-0.0008,-0.0003,-12.1647,0.500,0.957,0.500,0.958,1567,380,650
650,6.500,0.0012,-0.0042,-0.9826,0.0008,0.0016,-9.8090,0.0001,-0.0009,-12.2000,0.501,0.954,0.500,0.954,1569,381,651
651,6.510,0.0012,-0.0042,-0.9826,-0.0023,0.0001,-9.7875,0.0013,-0.0010,-12.2323,0.501,0.959,0.500,0.958,1571,381,652
652,6.520,0.0012,-0.0042,-0.9850,-0.0013,-0.0002,-9.7893,0.0006,0.0011,-12.2670,0.500,0.956,0.501,0.955,1573,382,653
653,6.530,0.0012,-0.0042,-0.9850,0.0016,-0.0036,-9.7751,-0.0003,0.0005,-12.3168,0.500,0.960,0.500,0.960,1576,382,654
654,6.540,0.0011,-0.0042,-0.9873,-0.0014,-0.0005,-9.8002,-0.0004,-0.0005,-12.3519,0.500,0.956,0.500,0.957,1578,383,655
655,6.550,0.0011,-0.0042,-0.9873,0.0034,0.0018,-9.7908,0.0012,0.0023,-12.3857,0.500,0.962,0.500,0.960,1580,383,656
656,6.560,0.0011,-0.0042,-0.9897,-0.0012,-0.0032,-9.8029,0.0009,0.0002,-12.4187,0.501,0.957,0.500,0.958,1582,384,657
657,6.570,0.0011,-0.0042,-0.9897,0.0004,-0.0061,-9.8064,0.0008,-0.0013,-12.4524,0.501,0.961,0.500,0.962,1584,384,658
658,6.580,0.0010,-0.0042,-0.9920,0.0029,0.0027,-9.8255,-0.0023,-0.0011,-12.5035,0.500,0.957,0.501,0.959,1587,385,659
659,6.590,0.0010,-0.0042,-0.9944,-0.0010,0.0005,-9.8261,-0.0006,-0.0007,-12.5380,0.500,0.955,0.500,0.955,1589,386,660
660,6.600,0.0010,-0.0042,-0.9944,-0.0011,-0.0044,-9.7946,-0.0006,0.0006,-12.5876,0.500,0.959,0.501,0.959,1592,386,661
661,6.610,0.0010,-0.0042,-0.9968,-0.0019,-0.0005,-9.7988,0.0005,-0.0008,-12.6237,0.501,0.956,0.500,0.956,1594,387,662
662,6.620,0.0010,-0.0042,-0.9968,0.0048,0.0000,-9.7918,-0.0003,0.0015,-12.6548,0.500,0.960,0.501,0.960,1596,387,663
663,6.630,0.0009,-0.0042,-0.9991,-0.0011,-0.0012,-9.7975,-0.0010,-0.0020,-12.6882,0.501,0.956,0.500,0.957,1598,388,664
664,6.640,0.0009,-0.0042,-1.0015,0.0011,0.0016,-9.7944,-0.0000,-0.0006,-12.7394,0.500,0.954,0.500,0.954,1601,389,665
665,6.650,0.0009,-0.0042,-1.0015,-0.0000,-0.0027,-9.7778,-0.0001,-0.0011,-12.7725,0.500,0.958,0.500,0.958,1603,389,666
666,6.660,0.0008,-0.0042,-1.0039,-0.0005,-0.0011,-9.7772,0.0009,-0.0010,-12.8215,0.500,0.955,0.500,0.955,1606,390,667
667,6.670,0.0008,-0.0042,-1.0039,-0.0037,0.0033,-9.7673,-0.0002,0.0000,-12.8546,0.500,0.959,0.501,0.959,1608,390,668
668,6.680,0.0008,-0.0042,-1.0062,0.0021,-0.0011,-9.7824,-0.0008,0.0015,-12.8899,0.500,0.956,0.501,0.955,1610,391,669
669,6.690,0.0007,-0.0042,-1.0086,0.0007,0.0010,-9.7812,0.0004,0.0003,-12.9369,0.501,0.953,0.500,0.952,1613,392,670
670,6.700,0.0007,-0.0042,-1.0086,-0.0012,0.0005,-9.7640,-0.0002,-0.0002,-12.9713,0.500,0.957,0.500,0.957,1615,392,671
671,6.710,0.0007,-0.0042,-1.0109,-0.0020,-0.0017,-9.7581,0.0021,-0.0002,-13.0042,0.501,0.954,0.500,0.953,1617,393,672
672,6.720,0.0007,-0.0042,-1.0109,0.0008,-0.0002,-9.7648,-0.0011,0.0012,-13.0379,0.500,0.957,0.502,0.958,1619,393,673
673,6.730,0.0007,-0.0042,-1.0132,0.0007,0.0000,-9.7654,0.0026,-0.0008,-13.0861,0.502,0.954,0.500,0.954,1622,394,674
674,6.740,0.0007,-0.0042,-1.0132,-0.0011,0.0001,-9.7630,0.0006,0.0002,-13.1192,0.500,0.959,0.501,0.959,1624,394,675
675,6.750,0.0006,-0.0041,-1.0155,0.0014,-0.0041,-9.7797,0.0002,0.0003,-13.1519,0.500,0.956,0.500,0.956,1626,395,676
676,6.760,0.0006,-0.0041,-1.0178,0.0039,0.0005,-9.7811,0.0005,-0.0009,-13.2004,0.501,0.953,0.500,0.953,1629,396,677
677,6.770,0.0006,-0.0041,-1.0178,-0.0012,0.0039,-9.7585,0.0001,-0.0013,-13.2344,0.500,0.957,0.500,0.957,1631,396,678
678,6.780,0.0005,-0.0041,-1.0201,-0.0029,0.0001,-9.7593,0.0011,0.0008,-13.2657,0.500,0.955,0.500,0.954,1633,397,679
679,6.790,0.0005,-0.0041,-1.0201,-0.0024,0.0027,-9.7541,0.0018,0.0009,-13.3168,0.500,0.959,0.500,0.958,1636,397,680
680,6.800,0.0005,-0.0041,-1.0224,0.0007,-0.0012,-9.7727,0.0002,0.0020,-13.3477,0.500,0.955,0.501,0.955,1638,398,681
681,6.810,0.0005,-0.0041,-1.0224,-0.0000,-0.0012,-9.7762,-0.0014,-0.0002,-13.3816,0.500,0.959,0.500,0.960,1640,398,682
682,6.820,0.0004,-0.0041,-1.0246,0.0012,0.0031,-9.7869,0.0001,0.0004,-13.4127,0.500,0.957,0.500,0.956,1642,399,683
683,6.830,0.0004,-0.0041,-1.0269,0.0021,-0.0016,-9.7900,-0.0001,0.0005,-13.4647,0.500,0.953,0.500,0.953,1645,400,684
684,6.840,0.0004,-0.0041,-1.0269,0.0009,-0.0046,-9.7682,0.0017,0.0005,-13.4949,0.501,0.958,0.500,0.957,1647,400,685
685,6.850,0.0004,-0.0041,-1.0291,0.0037,-0.0030,-9.7747,0.0004,0.0002,-13.5462,0.500,0.954,0.500,0.955,1650,401,686
686,6.860,0.0004,-0.0041,-1.0291,0.0004,0.0000,-9.7638,-0.0003,-0.0015,-13.5785,0.500,0.958,0.500,0.959,1652,401,687
687,6.870,0.0003,-0.0041,-1.0313,-0.0037,-0.0032,-9.7751,0.0001,-0.0001,-13.6096,0.500,0.956,0.500,0.956,1654,402,688
688,6.880,0.0003,-0.0041,-1.0335,0.0003,-0.0019,-9.7767,0.0018,0.0001,-13.6602,0.501,0.953,0.500,0.952,1657,403,689
689,6.890,0.0003,-0.0041,-1.0335,-0.0033,0.0016,-9.7567,0.0002,0.0018,-13.6911,0.500,0.957,0.501,0.957,1659,403,690
690,6.900,0.0002,-0.0041,-1.0357,0.0023,-0.0008,-9.7567,0.0008,-0.0003,-13.7223,0.501,0.954,0.500,0.954,1661,404,691
691,6.910,0.0002,-0.0041,-1.0357,0.0037,-0.0029,-9.7550,0.0008,-0.0002,-13.7556,0.500,0.959,0.500,0.958,1663,404,692
692,6.920,0.0002,-0.0041,-1.0379,0.0010,0.0003,-9.7761,-0.0007,-0.0006,-13.8030,0.500,0.955,0.500,0.956,1666,405,693
693,6.930,0.0002,-0.0041,-1.0379,0.0016,-0.0026,-9.7683,-0.0002,0.0012,-13.8371,0.500,0.960,0.501,0.959,1668,405,694
694,6.940,0.0001,-0.0041,-1.0401,-0.0018,-0.0024,-9.7867,0.0001,-0.0003,-13.8695,0.501,0.956,0.500,0.957,1670,406,695
695,6.950,0.0001,-0.0041,-1.0423,0.0008,-0.0021,-9.7894,-0.0012,0.0012,-13.9172,0.500,0.954,0.501,0.953,1673,407,696
696,6.960,0.0001,-0.0041,-1.0423,-0.0033,-0.0013,-9.7679,-0.0005,-0.0003,-13.9484,0.501,0.958,0.500,0.958,1675,407,697
697,6.970,0.0000,-0.0041,-1.0444,-0.0004,0.0009,-9.7742,-0.0003,0.0012,-13.9814,0.500,0.955,0.501,0.955,1677,408,698
698,6.980,0.0000,-0.0041,-1.0444,-0.0019,0.0005,-9.7665,0.0013,0.0014,-14.0304,0.500,0.960,0.500,0.959,1680,408,699
699,6.990,-0.0000,-0.0042,-1.0466,-0.0006,0.0004,-9.7867,0.0007,0.0012,-14.0619,0.500,0.956,0.500,0.956,1682,409,700
700,7.000,-0.0000,-0.0042,-1.0466,-0.0029,0.0009,-9.7821,-0.0012,-0.0011,-14.0941,0.500,0.960,0.500,0.961,1684,409,701
701,7.010,-0.0001,-0.0042,-1.0487,0.0003,0.0026,-9.8050,-0.0006,-0.0003,-14.1417,0.500,0.958,0.500,0.957,1687,410,702
702,7.020,-0.0001,-0.0042,-1.0508,-0.0043,0.0009,-9.8021,-0.0001,-0.0008,-14.1730,0.500,0.955,0.500,0.955,1689,411,703
703,7.030,-0.0001,-0.0042,-1.0508,-0.0008,0.0027,-9.7867,0.0002,0.0001,-14.2057,0.500,0.959,0.500,0.959,1691,411,704
704,7.040,-0.0002,-0.0042,-1.0530,0.0026,0.0005,-9.7907,-0.0010,0.0001,-14.2549,0.500,0.956,0.500,0.956,1694,412,705
705,7.050,-0.0002,-0.0042,-1.0530,-0.0049,0.0015,-9.7836,-0.0013,-0.0002,-14.2857,0.500,0.960,0.500,0.960,1696,412,706
706,7.060,-0.0002,-0.0042,-1.0551,-0.0001,-0.0031,-9.7981,0.0013,0.0016,-14.3341,0.500,0.958,0.500,0.956,1699,413,707
707,7.070,-0.0002,-0.0042,-1.0572,0.0019,-0.0025,-9.7904,0.0017,0.0009,-14.3667,0.500,0.954,0.500,0.954,1701,414,708
708,7.080,-0.0002,-0.0042,-1.0572,-0.0037,0.0010,-9.7772,0.0008,0.0021,-14.3982,0.500,0.958,0.501,0.958,1703,414,709
709,7.090,-0.0003,-0.0042,-1.0593,0.0001,0.0006,-9.7803,-0.0000,-0.0011,-14.4461,0.501,0.955,0.500,0.956,1706,415,710
710,7.100,-0.0003,-0.0042,-1.0593,0.0023,0.0005,-9.7768,-0.0017,-0.0001,-14.4785,0.500,0.959,0.501,0.959,1708,415,711
711,7.110,-0.0003,-0.0042,-1.0614,0.0025,0.0001,-9.7951,0.0005,-0.0001,-14.5262,0.501,0.957,0.500,0.956,1711,416,712
712,7.120,-0.0004,-0.0042,-1.0635,0.0003,-0.0033,-9.7873,0.0003,0.0023,-14.5578,0.500,0.954,0.501,0.953,1713,417,713
713,7.130,-0.0004,-0.0042,-1.0635,0.0003,-0.0001,-9.7733,-0.0008,-0.0006,-14.5881,0.500,0.957,0.500,0.958,1715,417,714
714,7.140,-0.0004,-0.0042,-1.0656,-0.0007,-0.0011,-9.7690,0.0008,-0.0001,-14.6202,0.500,0.955,0.500,0.955,1717,418,715
715,7.150,-0.0004,-0.0042,-1.0656,-0.0059,0.0001,-9.7651,0.0001,-0.0019,-14.6695,0.501,0.958,0.500,0.959,1720,418,716
716,7.160,-0.0005,-0.0042,-1.0677,0.0038,-0.0016,-9.7809,-0.0015,0.0010,-14.7016,0.500,0.956,0.502,0.956,1722,419,717
717,7.170,-0.0005,-0.0042,-1.0698,-0.0011,0.0003,-9.7798,0.0018,0.0003,-14.7460,0.501,0.954,0.500,0.953,1725,420,718
718,7.180,-0.0005,-0.0042,-1.0698,0.0022,-0.0027,-9.7615,0.0023,-0.0005,-14.7769,0.501,0.958,0.500,0.957,1727,420,719
719,7.190,-0.0006,-0.0042,-1.0719,0.0026,0.0024,-9.7658,0.0031,0.0004,-14.8089,0.500,0.956,0.500,0.955,1729,421,720
720,7.200,-0.0006,-0.0042,-1.0719,-0.0011,-0.0039,-9.7687,0.0010,0.0003,-14.8418,0.500,0.959,0.500,0.959,1731,421,721
721,7.210,-0.0006,-0.0043,-1.0739,-0.0018,0.0015,-9.7718,0.0005,-0.0007,-14.8720,0.500,0.956,0.500,0.957,1733,422,722
722,7.220,-0.0006,-0.0043,-1.0739,-0.0013,0.0030,-9.7771,0.0005,-0.0014,-14.9188,0.500,0.960,0.500,0.960,1736,422,723
723,7.230,-0.0007,-0.0043,-1.0759,-0.0041,-0.0019,-9.7994,-0.0000,-0.0009,-14.9502,0.500,0.957,0.500,0.958,1738,423,724
724,7.240,-0.0007,-0.0043,-1.0759,0.0002,-0.0000,-9.7987,0.0007,0.0007,-14.9809,0.500,0.962,0.500,0.961,1740,423,725
725,7.250,-0.0007,-0.0043,-1.0780,-0.0011,0.0032,-9.8192,0.0010,-0.0007,-15.0311,0.501,0.958,0.500,0.958,1743,424,726
726,7.260,-0.0008,-0.0043,-1.0800,0.0003,-0.0004,-9.8148,0.0005,0.0005,-15.0598,0.500,0.956,0.500,0.955,1745,425,727
727,7.270,-0.0008,-0.0043,-1.0800,-0.0028,-0.0016,-9.7990,0.0000,-0.0015,-15.0926,0.501,0.959,0.500,0.960,1747,425,728
728,7.280,-0.0008,-0.0043,-1.0821,0.0018,0.0006,-9.7957,-0.0002,-0.0011,-15.1229,0.500,0.957,0.500,0.957,1749,426,729
729,7.290,-0.0008,-0.0043,-1.0821,-0.0003,-0.0006,-9.7986,-0.0013,-0.0008,-15.1549,0.500,0.960,0.500,0.961,1751,426,730
730,7.300,-0.0009,-0.0043,-1.0841,0.0006,0.0003,-9.8137,-0.0003,0.0006,-15.2030,0.500,0.958,0.500,0.957,1754,427,731
731,7.310,-0.0009,-0.0043,-1.0841,0.0026,-0.0008,-9.8071,-0.0005,0.0003,-15.2320,0.500,0.961,0.500,0.962,1756,427,732
732,7.320,-0.0010,-0.0043,-1.0862,0.0002,-0.0015,-9.8228,-0.0008,0.0005,-15.2660,0.500,0.959,0.500,0.959,1758,428,733
733,7.330,-0.0010,-0.0043,-1.0862,0.0006,0.0008,-9.8211,-0.0002,-0.0001,-15.2963,0.500,0.962,0.500,0.962,1760,428,734
734,7.340,-0.0010,-0.0043,-1.0882,-0.0010,0.0018,-9.8309,0.0013,-0.0011,-15.3288,0.501,0.959,0.500,0.959,1762,429,735
735,7.350,-0.0011,-0.0044,-1.0903,-0.0003,0.0015,-9.8310,0.0009,0.0005,-15.3754,0.500,0.957,0.500,0.956,1765,430,736
736,7.360,-0.0011,-0.0044,-1.0903,-0.0013,0.0030,-9.8121,0.0003,-0.0003,-15.4062,0.500,0.960,0.500,0.961,1767,430,737
737,7.370,-0.0011,-0.0044,-1.0923,0.0014,-0.0011,-9.8188,0.0002,0.0017,-15.4532,0.500,0.957,0.501,0.957,1770,431,738
738,7.380,-0.0011,-0.0044,-1.0923,0.0003,-0.0012,-9.8100,0.0009,0.0009,-15.4844,0.500,0.961,0.500,0.961,1772,431,739
739,7.390,-0.0012,-0.0044,-1.0944,-0.0026,0.0024,-9.8178,0.0013,-0.0007,-15.5141,0.501,0.958,0.500,0.958,1774,432,740
740,7.400,-0.0012,-0.0044,-1.0965,0.0011,0.0010,-9.8134,0.0014,0.0004,-15.5631,0.500,0.956,0.500,0.955,1777,433,741
741,7.410,-0.0012,-0.0044,-1.0965,-0.0006,0.0014,-9.7961,-0.0012,-0.0001,-15.5922,0.500,0.958,0.501,0.959,1779,433,742
742,7.420,-0.0013,-0.0044,-1.0986,0.0001,0.0020,-9.7944,-0.0005,0.0006,-15.6392,0.500,0.956,0.500,0.956,1782,434,743
743,7.430,-0.0013,-0.0044,-1.0986,0.0034,0.0031,-9.7896,-0.0018,0.0001,-15.6691,0.500,0.959,0.500,0.960,1784,434,744
744,7.440,-0.0013,-0.0044,-1.1007,0.0009,0.0020,-9.8012,0.0021,0.0026,-15.7162,0.500,0.958,0.500,0.956,1787,435,745
745,7.450,-0.0014,-0.0045,-1.1028,0.0001,-0.0032,-9.7947,-0.0008,-0.0002,-15.7464,0.500,0.953,0.500,0.955,1789,436,746
746,7.460,-0.0014,-0.0045,-1.1028,-0.0003,-0.0034,-9.7775,0.0025,-0.0013,-15.7780,0.502,0.957,0.500,0.957,1791,436,747
747,7.470,-0.0015,-0.0045,-1.1048,-0.0010,-0.0022,-9.7737,0.0008,-0.0008,-15.8232,0.500,0.955,0.500,0.955,1794,437,748
748,7.480,-0.0015,-0.0045,-1.1048,-0.0034,0.0003,-9.7630,0.0007,0.0007,-15.8555,0.500,0.959,0.500,0.958,1796,437,749
749,7.490,-0.0015,-0.0045,-1.1069,-0.0005,0.0001,-9.7852,-0.0015,-0.0008,-15.8984,0.500,0.955,0.500,0.956,1799,438,750
750,7.500,-0.0016,-0.0045,-1.1090,-0.0013,-0.0011,-9.7734,-0.0007,-0.0005,-15.9289,0.500,0.953,0.500,0.953,1801,439,751
751,7.510,-0.0016,-0.0045,-1.1090,0.0008,-0.0020,-9.7619,0.0009,-0.0009,-15.9613,0.501,0.957,0.500,0.956,1803,439,752
752,7.520,-0.0016,-0.0045,-1.1110,0.0001,0.0002,-9.7623,-0.0002,0.0010,-16.0077,0.500,0.954,0.501,0.954,1806,440,753
753,7.530,-0.0016,-0.0045,-1.1110,-0.0020,-0.0001,-9.7494,0.0012,0.0022,-16.0355,0.500,0.959,0.500,0.957,1808,440,754
754,7.540,-0.0017,-0.0046,-1.1130,0.0009,0.0028,-9.7671,-0.0011,0.0008,-16.0658,0.500,0.954,0.501,0.956,1810,441,755
755,7.550,-0.0017,-0.0046,-1.1130,-0.0012,0.0039,-9.7667,-0.0007,-0.0002,-16.0967,0.500,0.959,0.500,0.959,1812,441,756
756,7.560,-0.0017,-0.0046,-1.1150,-0.0018,-0.0028,-9.7842,-0.0002,-0.0007,-16.1255,0.500,0.956,0.500,0.956,1814,442,757
757,7.570,-0.0018,-0.0046,-1.1170,-0.0019,-0.0014,-9.7838,-0.0005,-0.0006,-16.1716,0.500,0.953,0.500,0.954,1817,443,758
758,7.580,-0.0018,-0.0046,-1.1170,0.0006,-0.0021,-9.7587,-0.0023,-0.0011,-16.2037,0.500,0.957,0.501,0.958,1819,443,759
759,7.590,-0.0019,-0.0046,-1.1190,-0.0022,-0.0006,-9.7657,-0.0009,-0.0009,-16.2311,0.500,0.955,0.500,0.954,1821,444,760
760,7.600,-0.0019,-0.0046,-1.1190,-0.0006,0.0014,-9.7602,0.0008,0.0018,-16.2611,0.500,0.959,0.500,0.957,1823,444,761
761,7.610,-0.0019,-0.0047,-1.1210,0.0014,0.0032,-9.7748,-0.0002,0.0004,-16.3076,0.500,0.955,0.500,0.956,1826,445,762
762,7.620,-0.0019,-0.0047,-1.1210,0.0003,0.0021,-9.7752,-0.0013,0.0024,-16.3364,0.500,0.959,0.501,0.958,1828,445,763
763,7.630,-0.0020,-0.0047,-1.1230,-0.0010,-0.0012,-9.7789,-0.0014,0.0010,-16.3668,0.500,0.956,0.500,0.957,1830,446,764
764,7.640,-0.0020,-0.0047,-1.1249,0.0024,-0.0018,-9.7813,-0.0011,-0.0011,-16.4109,0.501,0.953,0.500,0.954,1833,447,765
765,7.650,-0.0020,-0.0047,-1.1249,-0.0018,0.0024,-9.7662,-0.0009,-0.0002,-16.4415,0.500,0.958,0.500,0.958,1835,447,766
766,7.660,-0.0021,-0.0047,-1.1269,0.0001,0.0005,-9.7706,-0.0004,0.0002,-16.4876,0.500,0.955,0.500,0.955,1838,448,767
767,7.670,-0.0021,-0.0047,-1.1269,-0.0012,0.0028,-9.7644,-0.0007,-0.0020,-16.5150,0.501,0.958,0.500,0.959,1840,448,768
768,7.680,-0.0022,-0.0048,-1.1288,0.0027,0.0006,-9.7892,0.0005,-0.0001,-16.5597,0.500,0.957,0.500,0.956,1843,449,769
769,7.690,-0.0022,-0.0048,-1.1307,0.0007,0.0040,-9.7783,0.0004,0.0001,-16.5922,0.500,0.954,0.500,0.954,1845,450,770
770,7.700,-0.0022,-0.0048,-1.1307,0.0015,-0.0007,-9.7674,0.0001,0.0008,-16.6225,0.500,0.957,0.500,0.957,1847,450,771
771,7.710,-0.0023,-0.0048,-1.1326,-0.0015,0.0020,-9.7738,0.0013,0.0018,-16.6517,0.500,0.956,0.500,0.955,1849,451,772
772,7.720,-0.0023,-0.0048,-1.1326,-0.0023,-0.0046,-9.7624,-0.0001,0.0000,-16.6949,0.500,0.958,0.500,0.959,1852,451,773
773,7.730,-0.0023,-0.0048,-1.1345,-0.0052,0.0002,-9.7799,-0.0008,-0.0011,-16.7268,0.500,0.956,0.500,0.957,1854,452,774
774,7.740,-0.0023,-0.0048,-1.1345,-0.0014,0.0031,-9.7801,-0.0012,0.0013,-16.7562,0.500,0.959,0.501,0.959,1856,452,775
775,7.750,-0.0024,-0.0049,-1.1364,0.0010,-0.0025,-9.7940,-0.0008,0.0021,-16.8000,0.500,0.957,0.501,0.957,1859,453,776
776,7.760,-0.0025,-0.0049,-1.1383,-0.0010,0.0028,-9.7885,0.0020,-0.0000,-16.8305,0.502,0.954,0.500,0.954,1861,454,777
777,7.770,-0.0025,-0.0049,-1.1383,0.0030,0.0005,-9.7699,0.0009,-0.0012,-16.8729,0.500,0.958,0.500,0.959,1864,454,778
778,7.780,-0.0025,-0.0049,-1.1402,0.0014,-0.0011,-9.7839,0.0012,-0.0002,-16.9044,0.500,0.956,0.500,0.956,1866,455,779
779,7.790,-0.0025,-0.0049,-1.1402,-0.0016,0.0008,-9.7828,0.0011,-0.0008,-16.9312,0.500,0.959,0.500,0.959,1868,455,780
780,7.800,-0.0026,-0.0050,-1.1421,-0.0052,-0.0003,-9.7912,0.0017,0.0017,-16.9624,0.500,0.957,0.501,0.956,1870,456,781
781,7.810,-0.0027,-0.0050,-1.1439,0.0017,0.0001,-9.7865,-0.0006,0.0002,-17.0069,0.500,0.954,0.500,0.955,1873,457,782
782,7.820,-0.0027,-0.0050,-1.1439,-0.0009,0.0025,-9.7704,0.0002,0.0020,-17.0373,0.500,0.958,0.500,0.957,1875,457,783
783,7.830,-0.0027,-0.0050,-1.1458,-0.0004,-0.0017,-9.7737,-0.0002,0.0013,-17.0649,0.500,0.956,0.500,0.956,1877,458,784
784,7.840,-0.0027,-0.0050,-1.1458,0.0002,-0.0011,-9.7720,0.0019,-0.0007,-17.0959,0.501,0.959,0.500,0.958,1879,458,785
785,7.850,-0.0028,-0.0050,-1.1476,0.0038,0.0024,-9.7794,0.0018,0.0003,-17.1241,0.500,0.957,0.500,0.957,1881,459,786
786,7.860,-0.0028,-0.0050,-1.1476,0.0015,0.0018,-9.7833,0.0006,-0.0010,-17.1661,0.500,0.960,0.500,0.961,1884,459,787
787,7.870,-0.0028,-0.0051,-1.1495,0.0022,0.0010,-9.8001,-0.0028,0.0002,-17.1978,0.500,0.957,0.502,0.958,1886,460,788
788,7.880,-0.0029,-0.0051,-1.1513,-0.0006,-0.0008,-9.8031,-0.0008,-0.0014,-17.2432,0.501,0.955,0.500,0.955,1889,461,789
789,7.890,-0.0029,-0.0051,-1.1513,0.0012,0.0015,-9.7925,-0.0004,-0.0010,-17.2714,0.500,0.959,0.500,0.959,1891,461,790
790,7.900,-0.0030,-0.0051,-1.1531,0.0010,0.0017,-9.7952,0.0010,-0.0005,-17.3149,0.500,0.957,0.500,0.956,1894,462,791
791,7.910,-0.0030,-0.0051,-1.1531,0.0024,-0.0034,-9.7872,0.0011,0.0017,-17.3452,0.500,0.960,0.501,0.959,1896,462,792
792,7.920,-0.0030,-0.0052,-1.1550,0.0009,-0.0042,-9.8019,0.0007,0.0023,-17.3730,0.500,0.958,0.500,0.957,1898,463,793
793,7.930,-0.0031,-0.0052,-1.1568,-0.0006,0.0009,-9.7957,0.0016,-0.0018,-17.4182,0.502,0.954,0.500,0.955,1901,464,794
794,7.940,-0.0031,-0.0052,-1.1568,-0.0020,0.0002,-9.7851,0.0006,-0.0016,-17.4458,0.500,0.959,0.500,0.959,1903,464,795
795,7.950,-0.0031,-0.0053,-1.1586,0.0000,0.0002,-9.7925,-0.0001,-0.0000,-17.4898,0.500,0.956,0.501,0.956,1906,465,796
796,7.960,-0.0031,-0.0053,-1.1586,-0.0005,0.0020,-9.7851,-0.0008,0.0004,-17.5196,0.500,0.959,0.500,0.960,1908,465,797
797,7.970,-0.0032,-0.0053,-1.1604,0.0020,-0.0011,-9.7931,-0.0023,0.0014,-17.5487,0.500,0.957,0.501,0.957,1910,466,798
798,7.980,-0.0033,-0.0053,-1.1622,-0.0001,0.0015,-9.7941,-0.0014,0.0025,-17.5929,0.500,0.955,0.501,0.954,1913,467,799
799,7.990,-0.0033,-0.0053,-1.1622,-0.0040,-0.0014,-9.7783,0.0015,0.0021,-17.6202,0.501,0.959,0.500,0.957,1915,467,800
800,8.000,-0.0033,-0.0054,-1.1641,-0.0018,0.0036,-9.7796,0.0022,0.0002,-17.6495,0.501,0.956,0.500,0.956,1917,468,801
801,8.010,-0.0033,-0.0054,-1.1641,-0.0013,0.0047,-9.7755,-0.0004,-0.0004,-17.6925,0.500,0.959,0.501,0.960,1920,468,802
802,8.020,-0.0034,-0.0054,-1.1659,-0.0013,0.0004,-9.7952,0.0000,0.0006,-17.7217,0.500,0.957,0.500,0.957,1922,469,803
803,8.030,-0.0034,-0.0054,-1.1659,-0.0006,-0.0005,-9.7931,-0.0008,-0.0012,-17.7512,0.500,0.960,0.500,0.961,1924,469,804
804,8.040,-0.0034,-0.0054,-1.1677,-0.0019,0.0028,-9.8048,-0.0005,0.0002,-17.7946,0.500,0.958,0.500,0.958,1927,470,805
805,8.050,-0.0035,-0.0055,-1.1695,0.0001,-0.0021,-9.8084,-0.0003,0.0004,-17.8245,0.500,0.956,0.500,0.956,1929,471,806
806,8.060,-0.0035,-0.0055,-1.1695,-0.0028,-0.0025,-9.7919,-0.0005,0.0012,-17.8512,0.500,0.959,0.501,0.959,1931,471,807
807,8.070,-0.0036,-0.0055,-1.1713,0.0044,0.0008,-9.7888,-0.0003,-0.0004,-17.8962,0.501,0.956,0.500,0.957,1934,472,808
808,8.080,-0.0036,-0.0055,-1.1713,0.0005,0.0019,-9.7887,0.0011,0.0010,-17.9246,0.500,0.960,0.500,0.959,1936,472,809
809,8.090,-0.0036,-0.0056,-1.1731,-0.0018,0.0033,-9.7984,0.0021,-0.0002,-17.9530,0.501,0.957,0.500,0.957,1938,473,810
810,8.100,-0.0037,-0.0056,-1.1748,-0.0021,0.0018,-9.8022,0.0009,-0.0005,-17.9953,0.500,0.955,0.500,0.955,1941,474,811
811,8.110,-0.0037,-0.0056,-1.1748,0.0018,0.0014,-9.7868,0.0014,-0.0005,-18.0249,0.500,0.959,0.500,0.958,1943,474,812
812,8.120,-0.0038,-0.0057,-1.1766,0.0046,-0.0000,-9.7878,-0.0002,-0.0014,-18.0680,0.500,0.956,0.500,0.957,1946,475,813
813,8.130,-0.0038,-0.0057,-1.1766,0.0023,0.0012,-9.7819,-0.0024,-0.0022,-18.0941,0.500,0.959,0.500,0.960,1948,475,814
814,8.140,-0.0038,-0.0057,-1.1784,0.0006,-0.0033,-9.7998,-0.0020,-0.0012,-18.1395,0.500,0.957,0.500,0.957,1951,476,815
815,8.150,-0.0039,-0.0057,-1.1802,-0.0012,0.0002,-9.7980,-0.0013,0.0001,-18.1678,0.500,0.955,0.500,0.955,1953,477,816
816,8.160,-0.0039,-0.0057,-1.1802,0.0024,-0.0009,-9.7765,0.0005,0.0002,-18.1967,0.501,0.958,0.500,0.958,1955,477,817
817,8.170,-0.0039,-0.0058,-1.1820,0.0025,-0.0011,-9.7826,0.0002,0.0008,-18.2383,0.500,0.956,0.500,0.956,1958,478,818
818,8.180,-0.0039,-0.0058,-1.1820,0.0006,-0.0058,-9.7756,0.0000,0.0005,-18.2666,0.500,0.959,0.500,0.959,1960,478,819
819,8.190,-0.0040,-0.0058,-1.1837,0.0037,-0.0021,-9.7872,0.0006,-0.0008,-18.2950,0.501,0.956,0.500,0.957,1962,479,820
820,8.200,-0.0040,-0.0058,-1.1837,-0.0006,-0.0009,-9.7893,-0.0000,0.0001,-18.3235,0.500,0.960,0.500,0.960,1964,479,821
821,8.210,-0.0041,-0.0059,-1.1855,-0.0056,-0.0013,-9.8011,-0.0000,-0.0000,-18.3659,0.500,0.958,0.500,0.958,1967,480,822
822,8.220,-0.0041,-0.0059,-1.1873,0.0001,0.0028,-9.8030,-0.0011,-0.0010,-18.3937,0.500,0.955,0.500,0.956,1969,481,823
823,8.230,-0.0041,-0.0059,-1.1873,0.0003,-0.0015,-9.7881,0.0025,-0.0015,-18.4232,0.502,0.958,0.500,0.957,1971,481,824
824,8.240,-0.0042,-0.0060,-1.1890,-0.0017,-0.0008,-9.7825,0.0011,-0.0004,-18.4507,0.500,0.956,0.500,0.956,1973,482,825
825,8.250,-0.0042,-0.0060,-1.1890,-0.0002,-0.0002,-9.7810,-0.0005,-0.0018,-18.4943,0.500,0.959,0.500,0.960,1976,482,826
826,8.260,-0.0042,-0.0060,-1.1908,0.0036,0.0000,-9.7939,0.0004,0.0004,-18.5215,0.500,0.958,0.500,0.957,1978,483,827
827,8.270,-0.0042,-0.0060,-1.1908,-0.0017,-0.0052,-9.7950,0.0008,-0.0010,-18.5488,0.501,0.960,0.500,0.960,1980,483,828
828,8.280,-0.0043,-0.0061,-1.1925,-0.0008,-0.0004,-9.7987,-0.0010,-0.0005,-18.5774,0.500,0.957,0.501,0.958,1982,484,829
829,8.290,-0.0043,-0.0061,-1.1925,0.0015,0.0000,-9.8091,0.0006,-0.0012,-18.6063,0.501,0.961,0.500,0.961,1984,484,830
830,8.300,-0.0044,-0.0061,-1.1943,0.0021,0.0018,-9.8182,0.0006,0.0011,-18.6483,0.500,0.959,0.501,0.958,1987,485,831
831,8.310,-0.0044,-0.0062,-1.1960,0.0027,-0.0020,-9.8227,0.0001,-0.0004,-18.6774,0.500,0.956,0.500,0.957,1989,486,832
832,8.320,-0.0044,-0.0062,-1.1960,0.0030,0.0013,-9.8050,-0.0002,-0.0002,-18.7037,0.500,0.960,0.500,0.960,1991,486,833
833,8.330,-0.0045,-0.0062,-1.1978,-0.0004,0.0024,-9.8040,0.0007,0.0006,-18.7481,0.500,0.958,0.500,0.957,1994,487,834
834,8.340,-0.0045,-0.0062,-1.1978,-0.0025,-0.0016,-9.8010,-0.0003,0.0009,-18.7752,0.500,0.960,0.501,0.960,1996,487,835
835,8.350,-0.0046,-0.0063,-1.1995,-0.0012,-0.0021,-9.8170,0.0001,-0.0005,-18.8154,0.501,0.957,0.500,0.958,1999,488,836
836,8.360,-0.0046,-0.0063,-1.2013,0.0004,0.0013,-9.8029,-0.0009,0.0006,-18.8453,0.500,0.955,0.501,0.955,2001,489,837
837,8.370,-0.0046,-0.0063,-1.2013,-0.0045,0.0013,-9.7939,0.0000,0.0000,-18.8741,0.500,0.959,0.500,0.959,2003,489,838
838,8.380,-0.0047,-0.0064,-1.2030,0.0034,-0.0031,-9.7933,-0.0020,-0.0013,-18.9149,0.500,0.956,0.500,0.957,2006,490,839
839,8.390,-0.0047,-0.0064,-1.2030,0.0051,-0.0026,-9.7846,-0.0005,-0.0002,-18.9422,0.500,0.960,0.500,0.959,2008,490,840
840,8.400,-0.0048,-0.0065,-1.2048,0.0002,0.0023,-9.7982,0.0022,-0.0011,-18.9863,0.501,0.957,0.500,0.956,2011,491,841
841,8.410,-0.0048,-0.0065,-1.2065,-0.0011,-0.0010,-9.7989,-0.0004,0.0012,-19.0125,0.500,0.954,0.502,0.954,2013,492,842
842,8.420,-0.0048,-0.0065,-1.2065,0.0010,-0.0012,-9.7796,0.0008,0.0004,-19.0402,0.501,0.958,0.500,0.958,2015,492,843
843,8.430,-0.0049,-0.0066,-1.2083,-0.0013,-0.0027,-9.7776,-0.0010,0.0001,-19.0657,0.500,0.955,0.501,0.956,2017,493,844
844,8.440,-0.0049,-0.0066,-1.2083,0.0008,-0.0032,-9.7718,-0.0011,-0.0005,-19.1077,0.500,0.959,0.500,0.959,2020,493,845
845,8.450,-0.0049,-0.0066,-1.2100,0.0026,0.0007,-9.7814,-0.0012,-0.0012,-19.1358,0.500,0.956,0.500,0.957,2022,494,846
846,8.460,-0.0049,-0.0066,-1.2100,-0.0001,-0.0001,-9.7802,-0.0006,0.0000,-19.1652,0.500,0.960,0.500,0.959,2024,494,847
847,8.470,-0.0050,-0.0067,-1.2118,0.0015,0.0016,-9.7973,0.0004,0.0020,-19.2041,0.500,0.958,0.500,0.956,2027,495,848
848,8.480,-0.0051,-0.0067,-1.2135,-0.0002,0.0023,-9.7943,0.0000,-0.0012,-19.2341,0.501,0.954,0.500,0.955,2029,496,849
849,8.490,-0.0051,-0.0067,-1.2135,-0.0000,-0.0012,-9.7786,0.0005,0.0003,-19.2606,0.500,0.958,0.500,0.958,2031,496,850
850,8.500,-0.0051,-0.0068,-1.2152,0.0006,0.0004,-9.7743,0.0004,-0.0003,-19.2877,0.500,0.956,0.500,0.956,2033,497,851
851,8.510,-0.0051,-0.0068,-1.2152,0.0016,0.0024,-9.7751,-0.0007,-0.0001,-19.3173,0.500,0.959,0.500,0.959,2035,497,852
852,8.520,-0.0052,-0.0069,-1.2169,-0.0027,0.0048,-9.7807,0.0009,-0.0008,-19.3422,0.501,0.956,0.500,0.956,2037,498,853
853,8.530,-0.0052,-0.0069,-1.2169,-0.0001,-0.0004,-9.7823,-0.0010,0.0008,-19.3853,0.500,0.959,0.501,0.959,2040,498,854
854,8.540,-0.0053,-0.0069,-1.2186,0.0017,0.0005,-9.7902,-0.0015,0.0009,-19.4118,0.500,0.957,0.501,0.957,2042,499,855
855,8.550,-0.0053,-0.0069,-1.2186,-0.0042,0.0006,-9.7965,-0.0003,-0.0005,-19.4395,0.501,0.960,0.500,0.960,2044,499,856
856,8.560,-0.0053,-0.0070,-1.2204,-0.0043,0.0003,-9.7993,0.0013,0.0017,-19.4664,0.500,0.959,0.500,0.957,2046,500,857
857,8.570,-0.0054,-0.0071,-1.2221,-0.0001,0.0016,-9.8027,0.0008,0.0010,-19.5077,0.500,0.956,0.500,0.956,2049,501,858
858,8.580,-0.0054,-0.0071,-1.2221,-0.0002,0.0017,-9.7886,-0.0000,0.0006,-19.5351,0.500,0.959,0.500,0.959,2051,501,859
859,8.590,-0.0055,-0.0071,-1.2238,-0.0026,0.0009,-9.7909,-0.0010,-0.0014,-19.5624,0.500,0.956,0.500,0.957,2053,502,860
860,8.600,-0.0055,-0.0071,-1.2238,-0.0007,0.0020,-9.7834,-0.0017,-0.0003,-19.6026,0.500,0.959,0.501,0.959,2056,502,861
861,8.610,-0.0055,-0.0072,-1.2255,-0.0037,0.0008,-9.7914,0.0006,0.0006,-19.6286,0.500,0.957,0.500,0.956,2058,503,862
862,8.620,-0.0056,-0.0072,-1.2271,-0.0003,-0.0052,-9.7903,0.0019,-0.0004,-19.6710,0.501,0.955,0.500,0.954,2061,504,863
863,8.630,-0.0056,-0.0072,-1.2271,0.0001,0.0004,-9.7764,0.0001,-0.0008,-19.6980,0.500,0.958,0.500,0.958,2063,504,864
864,8.640,-0.0056,-0.0073,-1.2288,0.0020,-0.0007,-9.7816,0.0002,0.0002,-19.7242,0.500,0.956,0.500,0.955,2065,505,865
865,8.650,-0.0056,-0.0073,-1.2288,-0.0018,-0.0001,-9.7772,0.0018,0.0001,-19.7522,0.501,0.959,0.500,0.958,2067,505,866
866,8.660,-0.0057,-0.0074,-1.2305,-0.0005,0.0023,-9.7768,0.0013,-0.0003,-19.7792,0.500,0.956,0.500,0.956,2069,506,867
867,8.670,-0.0057,-0.0074,-1.2305,-0.0035,0.0018,-9.7789,-0.0002,-0.0003,-19.8183,0.500,0.959,0.500,0.960,2072,506,868
868,8.680,-0.0058,-0.0074,-1.2322,-0.0008,0.0014,-9.7961,0.0008,-0.0000,-19.8466,0.500,0.957,0.500,0.957,2074,507,869
869,8.690,-0.0058,-0.0074,-1.2322,0.0040,-0.0055,-9.7968,0.0004,0.0001,-19.8731,0.500,0.960,0.500,0.960,2076,507,870
870,8.700,-0.0058,-0.0075,-1.2339,0.0024,-0.0007,-9.8090,0.0011,0.0004,-19.9126,0.500,0.958,0.500,0.958,2079,508,871
871,8.710,-0.0059,-0.0076,-1.2355,0.0005,0.0022,-9.8066,0.0006,0.0001,-19.9414,0.500,0.956,0.500,0.956,2081,509,872
872,8.720,-0.0059,-0.0076,-1.2355,-0.0004,-0.0024,-9.7881,0.0005,-0.0013,-19.9818,0.501,0.958,0.500,0.959,2084,509,873
873,8.730,-0.0060,-0.0076,-1.2372,-0.0014,-0.0018,-9.7892,-0.0004,0.0001,-20.0076,0.500,0.956,0.501,0.956,2086,510,874
874,8.740,-0.0060,-0.0076,-1.2372,-0.0000,-0.0005,-9.7871,-0.0001,0.0005,-20.0345,0.500,0.959,0.500,0.959,2088,510,875
875,8.750,-0.0060,-0.0077,-1.2389,-0.0012,-0.0001,-9.7936,-0.0000,0.0005,-20.0746,0.500,0.957,0.500,0.957,2091,511,876
876,8.760,-0.0061,-0.0078,-1.2405,0.0008,-0.0010,-9.7890,0.0008,-0.0000,-20.1018,0.500,0.955,0.500,0.955,2093,512,877
877,8.770,-0.0061,-0.0078,-1.2405,0.0032,0.0001,-9.7714,-0.0001,-0.0004,-20.1427,0.500,0.958,0.500,0.958,2096,512,878
878,8.780,-0.0062,-0.0079,-1.2422,0.0022,0.0001,-9.7767,0.0012,-0.0013,-20.1692,0.501,0.955,0.500,0.955,2098,513,879
879,8.790,-0.0062,-0.0079,-1.2438,0.0019,-0.0024,-9.7713,0.0001,0.0011,-20.2095,0.500,0.953,0.501,0.953,2101,514,880
880,8.800,-0.0062,-0.0079,-1.2438,-0.0012,-0.0027,-9.7538,-0.0003,-0.0005,-20.2363,0.500,0.956,0.500,0.957,2103,514,881
881,8.810,-0.0063,-0.0080,-1.2455,0.0032,0.0008,-9.7561,0.0016,0.0004,-20.2746,0.500,0.955,0.500,0.954,2106,515,882
882,8.820,-0.0063,-0.0080,-1.2455,0.0005,-0.0014,-9.7548,-0.0007,0.0008,-20.3015,0.500,0.957,0.501,0.957,2108,515,883
883,8.830,-0.0064,-0.0081,-1.2471,0.0017,0.0011,-9.7609,0.0011,0.0013,-20.3273,0.500,0.956,0.500,0.955,2110,516,884
884,8.840,-0.0064,-0.0082,-1.2487,0.0005,0.0009,-9.7612,-0.0007,-0.0004,-20.3664,0.500,0.953,0.500,0.954,2113,517,885
885,8.850,-0.0064,-0.0082,-1.2487,0.0021,-0.0054,-9.7514,0.0005,-0.0004,-20.3925,0.500,0.957,0.500,0.956,2115,517,886
886,8.860,-0.0065,-0.0082,-1.2502,-0.0001,0.0020,-9.7531,0.0016,-0.0008,-20.4322,0.501,0.954,0.500,0.954,2118,518,887
887,8.870,-0.0065,-0.0082,-1.2502,-0.0012,0.0027,-9.7495,-0.0001,0.0005,-20.4592,0.500,0.957,0.501,0.957,2120,518,888
888,8.880,-0.0065,-0.0083,-1.2518,0.0001,0.0003,-9.7644,-0.0009,0.0002,-20.4852,0.500,0.955,0.500,0.956,2122,519,889
889,8.890,-0.0066,-0.0084,-1.2533,0.0009,0.0003,-9.7605,-0.0002,0.0001,-20.5244,0.500,0.954,0.500,0.954,2125,520,890
890,8.900,-0.0066,-0.0084,-1.2533,0.0011,0.0022,-9.7525,-0.0031,-0.0006,-20.5510,0.500,0.956,0.501,0.957,2127,520,891
891,8.910,-0.0067,-0.0085,-1.2549,0.0007,0.0021,-9.7587,0.0012,0.0005,-20.5762,0.501,0.955,0.500,0.954,2129,521,892
892,8.920,-0.0067,-0.0085,-1.2549,-0.0037,0.0027,-9.7518,0.0019,-0.0002,-20.6150,0.501,0.958,0.500,0.958,2132,521,893
893,8.930,-0.0067,-0.0085,-1.2564,0.0007,-0.0018,-9.7663,0.0005,-0.0029,-20.6401,0.501,0.955,0.500,0.956,2134,522,894
894,8.940,-0.0067,-0.0085,-1.2564,0.0013,-0.0025,-9.7675,0.0006,0.0006,-20.6672,0.500,0.959,0.501,0.958,2136,522,895
895,8.950,-0.0068,-0.0086,-1.2579,-0.0015,-0.0006,-9.7844,-0.0001,0.0009,-20.7061,0.500,0.957,0.500,0.957,2139,523,896
896,8.960,-0.0069,-0.0087,-1.2594,0.0034,-0.0029,-9.7830,-0.0005,-0.0006,-20.7331,0.500,0.955,0.500,0.956,2141,524,897
897,8.970,-0.0069,-0.0087,-1.2594,0.0037,0.0017,-9.7687,-0.0012,-0.0014,-20.7706,0.500,0.958,0.500,0.959,2144,524,898
898,8.980,-0.0069,-0.0088,-1.2608,0.0011,-0.0009,-9.7835,0.0012,0.0002,-20.7982,0.500,0.957,0.500,0.956,2146,525,899
899,8.990,-0.0069,-0.0088,-1.2608,0.0010,-0.0017,-9.7837,0.0003,0.0007,-20.8243,0.500,0.959,0.500,0.959,2148,525,900
900,9.000,-0.0070,-0.0089,-1.2623,0.0016,-0.0024,-9.7941,-0.0005,0.0006,-20.8621,0.500,0.957,0.500,0.958,2151,526,901
901,9.010,-0.0071,-0.0089,-1.2638,-0.0023,0.0007,-9.7920,-0.0002,-0.0012,-20.8893,0.501,0.955,0.500,0.956,2153,527,902
902,9.020,-0.0071,-0.0089,-1.2638,0.0024,-0.0035,-9.7833,-0.0000,-0.0001,-20.9142,0.500,0.959,0.500,0.958,2155,527,903
903,9.030,-0.0071,-0.0090,-1.2652,0.0016,0.0012,-9.7875,-0.0032,0.0016,-20.9540,0.500,0.956,0.502,0.956,2158,528,904
904,9.040,-0.0071,-0.0090,-1.2652,-0.0003,0.0069,-9.7889,0.0000,-0.0012,-20.9787,0.502,0.959,0.500,0.959,2160,528,905
905,9.050,-0.0072,-0.0091,-1.2667,0.0054,0.0002,-9.7910,0.0006,0.0007,-21.0068,0.500,0.958,0.500,0.957,2162,529,906
906,9.060,-0.0072,-0.0091,-1.2667,0.0018,0.0020,-9.8013,-0.0007,-0.0009,-21.0313,0.500,0.960,0.500,0.961,2164,529,907
907,9.070,-0.0072,-0.0092,-1.2681,-0.0027,-0.0001,-9.8156,0.0018,0.0003,-21.0709,0.501,0.959,0.500,0.958,2167,530,908
908,9.080,-0.0073,-0.0093,-1.2696,0.0017,0.0019,-9.8135,-0.0024,0.0006,-21.0976,0.500,0.956,0.502,0.957,2169,531,909
909,9.090,-0.0073,-0.0093,-1.2696,0.0020,0.0068,-9.8016,0.0008,0.0005,-21.1373,0.501,0.960,0.500,0.959,2172,531,910
910,9.100,-0.0074,-0.0094,-1.2711,-0.0014,-0.0037,-9.8035,0.0013,0.0001,-21.1622,0.500,0.958,0.500,0.958,2174,532,911
911,9.110,-0.0074,-0.0094,-1.2711,-0.0006,0.0043,-9.8030,0.0001,0.0019,-21.1877,0.500,0.960,0.501,0.960,2176,532,912
912,9.120,-0.0074,-0.0095,-1.2725,-0.0005,0.0020,-9.8150,0.0009,0.0023,-21.2125,0.500,0.959,0.500,0.958,2178,533,913
913,9.130,-0.0075,-0.0095,-1.2740,-0.0017,-0.0027,-9.8114,0.0003,-0.0010,-21.2529,0.501,0.956,0.500,0.957,2181,534,914
914,9.140,-0.0075,-0.0095,-1.2740,-0.0001,-0.0022,-9.7991,-0.0011,-0.0018,-21.2798,0.500,0.959,0.500,0.960,2183,534,915
915,9.150,-0.0076,-0.0096,-1.2755,-0.0015,0.0030,-9.8062,-0.0011,-0.0011,-21.3161,0.500,0.958,0.500,0.958,2186,535,916
916,9.160,-0.0076,-0.0096,-1.2755,-0.0007,-0.0051,-9.8047,0.0010,-0.0016,-21.3418,0.501,0.960,0.500,0.960,2188,535,917
917,9.170,-0.0076,-0.0097,-1.2769,-0.0000,-0.0001,-9.8117,-0.0025,-0.0001,-21.3693,0.500,0.957,0.502,0.958,2190,536,918
918,9.180,-0.0077,-0.0098,-1.2784,-0.0028,0.0045,-9.8074,-0.0009,0.0029,-21.4081,0.500,0.957,0.501,0.956,2193,537,919
919,9.190,-0.0077,-0.0098,-1.2784,0.0001,0.0002,-9.7982,-0.0003,0.0009,-21.4310,0.501,0.959,0.500,0.959,2195,537,920
920,9.200,-0.0077,-0.0099,-1.2799,-0.0020,0.0010,-9.8016,0.0012,0.0018,-21.4693,0.500,0.958,0.500,0.957,2198,538,921
921,9.210,-0.0077,-0.0099,-1.2799,-0.0007,-0.0029,-9.7978,-0.0004,-0.0015,-21.4967,0.501,0.959,0.500,0.961,2200,538,922
922,9.220,-0.0078,-0.0100,-1.2813,0.0027,-0.0010,-9.8078,-0.0000,-0.0016,-21.5234,0.500,0.958,0.500,0.958,2202,539,923
923,9.230,-0.0079,-0.0101,-1.2828,0.0017,-0.0037,-9.8054,0.0006,0.0008,-21.5605,0.500,0.957,0.501,0.956,2205,540,924
924,9.240,-0.0079,-0.0101,-1.2828,0.0030,0.0043,-9.7933,-0.0001,0.0010,-21.5865,0.500,0.959,0.500,0.959,2207,540,925
925,9.250,-0.0079,-0.0102,-1.2843,0.0026,-0.0007,-9.7993,0.0003,0.0010,-21.6103,0.500,0.957,0.500,0.957,2209,541,926
926,9.260,-0.0079,-0.0102,-1.2843,0.0018,-0.0007,-9.7975,0.0006,0.0006,-21.6373,0.500,0.960,0.500,0.960,2211,541,927
927,9.270,-0.0080,-0.0103,-1.2858,-0.0027,0.0024,-9.7996,-0.0006,0.0014,-21.6632,0.500,0.958,0.501,0.958,2213,542,928
928,9.280,-0.0080,-0.0103,-1.2858,0.0024,0.0009,-9.7985,0.0013,0.0004,-21.6999,0.501,0.960,0.500,0.960,2216,542,929
929,9.290,-0.0081,-0.0104,-1.2872,-0.0009,0.0013,-9.8092,0.0001,-0.0012,-21.7262,0.500,0.958,0.500,0.959,2218,543,930
930,9.300,-0.0081,-0.0105,-1.2887,0.0023,-0.0010,-9.8101,-0.0002,-0.0016,-21.7643,0.500,0.956,0.500,0.957,2221,544,931
931,9.310,-0.0081,-0.0105,-1.2887,0.0011,0.0006,-9.7960,-0.0002,-0.0008,-21.7893,0.500,0.959,0.500,0.959,2223,544,932
932,9.320,-0.0082,-0.0106,-1.2902,-0.0004,0.0004,-9.8001,-0.0007,-0.0010,-21.8163,0.500,0.957,0.500,0.958,2225,545,933
933,9.330,-0.0082,-0.0106,-1.2902,-0.0019,-0.0019,-9.7936,-0.0013,-0.0001,-21.8520,0.500,0.960,0.501,0.960,2228,545,934
934,9.340,-0.0082,-0.0107,-1.2917,-0.0007,-0.0029,-9.8066,-0.0025,0.0013,-21.8767,0.500,0.957,0.501,0.957,2230,546,935
935,9.350,-0.0082,-0.0107,-1.2917,0.0015,0.0007,-9.8029,-0.0002,0.0000,-21.9021,0.501,0.960,0.500,0.960,2232,546,936
936,9.360,-0.0083,-0.0108,-1.2932,0.0029,0.0018,-9.8215,0.0007,-0.0006,-21.9413,0.501,0.958,0.500,0.958,2235,547,937
937,9.370,-0.0084,-0.0109,-1.2947,-0.0001,0.0011,-9.8147,-0.0004,-0.0016,-21.9648,0.500,0.956,0.500,0.957,2237,548,938
938,9.380,-0.0084,-0.0109,-1.2947,-0.0015,0.0010,-9.7926,-0.0020,-0.0001,-22.0044,0.500,0.959,0.501,0.959,2240,548,939
939,9.390,-0.0084,-0.0110,-1.2961,0.0023,0.0040,-9.7975,-0.0001,0.0007,-22.0275,0.500,0.958,0.500,0.957,2242,549,940
940,9.400,-0.0084,-0.0110,-1.2961,-0.0038,0.0018,-9.7943,-0.0006,-0.0021,-22.0525,0.501,0.959,0.500,0.960,2244,549,941
941,9.410,-0.0085,-0.0111,-1.2976,-0.0008,0.0003,-9.8045,-0.0006,0.0006,-22.0924,0.500,0.958,0.501,0.957,2247,550,942
942,9.420,-0.0085,-0.0112,-1.2991,-0.0052,-0.0028,-9.7991,0.0019,-0.0004,-22.1169,0.501,0.955,0.500,0.955,2249,551,943
943,9.430,-0.0085,-0.0112,-1.2991,-0.0021,0.0033,-9.7854,-0.0004,-0.0007,-22.1399,0.500,0.958,0.501,0.959,2251,551,944
944,9.440,-0.0086,-0.0113,-1.3006,0.0003,0.0010,-9.7856,0.0018,0.0017,-22.1797,0.500,0.957,0.500,0.956,2254,552,945
945,9.450,-0.0086,-0.0113,-1.3006,-0.0012,-0.0021,-9.7878,0.0009,0.0012,-22.2032,0.500,0.959,0.500,0.959,2256,552,946
946,9.460,-0.0087,-0.0114,-1.3021,-0.0006,-0.0007,-9.7960,0.0007,0.0000,-22.2403,0.500,0.957,0.500,0.957,2259,553,947
947,9.470,-0.0087,-0.0115,-1.3036,0.0037,0.0014,-9.7967,0.0004,0.0006,-22.2643,0.500,0.955,0.500,0.955,2261,554,948
948,9.480,-0.0087,-0.0115,-1.3036,-0.0036,-0.0007,-9.7715,0.0004,-0.0003,-22.3036,0.500,0.958,0.500,0.958,2264,554,949
949,9.490,-0.0088,-0.0116,-1.3050,0.0013,0.0020,-9.7774,0.0008,-0.0013,-22.3278,0.501,0.955,0.500,0.956,2266,555,950
950,9.500,-0.0088,-0.0116,-1.3050,0.0024,-0.0031,-9.7734,-0.0005,-0.0004,-22.3512,0.500,0.958,0.501,0.958,2268,555,951
951,9.510,-0.0088,-0.0117,-1.3065,-0.0024,-0.0026,-9.7836,0.0005,-0.0018,-22.3876,0.501,0.956,0.500,0.956,2271,556,952
952,9.520,-0.0089,-0.0118,-1.3079,0.0014,-0.0004,-9.7819,0.0005,-0.0025,-22.4140,0.501,0.954,0.500,0.955,2273,557,953
953,9.530,-0.0089,-0.0118,-1.3079,-0.0014,0.0034,-9.7641,0.0000,-0.0013,-22.4491,0.500,0.957,0.500,0.957,2276,557,954
954,9.540,-0.0090,-0.0119,-1.3094,-0.0009,0.0035,-9.7716,-0.0005,0.0002,-22.4741,0.500,0.955,0.501,0.955,2278,558,955
955,9.550,-0.0090,-0.0119,-1.3094,0.0038,0.0002,-9.7655,-0.0003,-0.0008,-22.4983,0.500,0.958,0.500,0.958,2280,558,956
956,9.560,-0.0090,-0.0120,-1.3108,-0.0027,-0.0013,-9.7801,0.0011,0.0005,-22.5373,0.500,0.957,0.500,0.956,2283,559,957
957,9.570,-0.0091,-0.0121,-1.3122,-0.0002,-0.0011,-9.7784,0.0030,-0.0010,-22.5599,0.501,0.954,0.500,0.954,2285,560,958
958,9.580,-0.0091,-0.0121,-1.3122,-0.0049,-0.0019,-9.7570,0.0011,0.0004,-22.5974,0.500,0.957,0.501,0.957,2288,560,959
959,9.590,-0.0092,-0.0123,-1.3136,0.0015,0.0001,-9.7709,-0.0016,-0.0007,-22.6213,0.500,0.955,0.501,0.956,2290,561,960
960,9.600,-0.0092,-0.0123,-1.3136,-0.0004,0.0026,-9.7658,-0.0005,0.0003,-22.6451,0.500,0.958,0.500,0.958,2292,561,961
961,9.610,-0.0092,-0.0124,-1.3150,0.0005,0.0001,-9.7674,-0.0001,-0.0001,-22.6690,0.500,0.956,0.500,0.956,2294,562,962
962,9.620,-0.0093,-0.0125,-1.3164,-0.0014,-0.0006,-9.7750,-0.0009,-0.0016,-22.7059,0.500,0.954,0.500,0.955,2297,563,963
963,9.630,-0.0093,-0.0125,-1.3164,0.0005,0.0006,-9.7668,-0.0011,-0.0010,-22.7315,0.500,0.957,0.500,0.957,2299,563,964
964,9.640,-0.0093,-0.0126,-1.3178,0.0008,-0.0001,-9.7649,-0.0008,-0.0004,-22.7546,0.500,0.956,0.500,0.956,2301,564,965
965,9.650,-0.0093,-0.0126,-1.3178,0.0008,-0.0000,-9.7633,0.0003,-0.0010,-22.7901,0.501,0.958,0.500,0.958,2304,564,966
966,9.660,-0.0094,-0.0127,-1.3192,-0.0040,-0.0026,-9.7783,0.0010,0.0003,-22.8146,0.500,0.957,0.500,0.956,2306,565,967
967,9.670,-0.0094,-0.0127,-1.3192,0.0038,-0.0046,-9.7686,0.0011,-0.0007,-22.8399,0.501,0.959,0.500,0.959,2308,565,968
968,9.680,-0.0095,-0.0128,-1.3205,-0.0005,0.0005,-9.7838,0.0011,0.0000,-22.8641,0.500,0.958,0.500,0.957,2310,566,969
969,9.690,-0.0095,-0.0129,-1.3218,0.0001,-0.0001,-9.7888,-0.0014,0.0013,-22.8990,0.500,0.955,0.501,0.955,2313,567,970
970,9.700,-0.0095,-0.0129,-1.3218,0.0009,0.0039,-9.7790,-0.0012,0.0011,-22.9237,0.500,0.958,0.500,0.958,2315,567,971
971,9.710,-0.0096,-0.0131,-1.3232,-0.0011,-0.0010,-9.7864,0.0001,-0.0001,-22.9588,0.501,0.956,0.500,0.956,2318,568,972
972,9.720,-0.0096,-0.0131,-1.3232,0.0006,0.0042,-9.7877,-0.0005,-0.0008,-22.9833,0.500,0.959,0.500,0.960,2320,568,973
973,9.730,-0.0096,-0.0132,-1.3245,-0.0038,-0.0016,-9.7919,0.0011,-0.0007,-23.0083,0.501,0.958,0.500,0.957,2322,569,974
974,9.740,-0.0097,-0.0133,-1.3258,-0.0002,-0.0012,-9.7922,0.0002,0.0001,-23.0444,0.500,0.956,0.500,0.956,2325,570,975
975,9.750,-0.0097,-0.0133,-1.3258,0.0009,-0.0009,-9.7841,0.0010,0.0002,-23.0689,0.500,0.959,0.500,0.958,2327,570,976
976,9.760,-0.0098,-0.0134,-1.3271,0.0002,0.0051,-9.7837,-0.0011,-0.0005,-23.0936,0.500,0.956,0.500,0.957,2329,571,977
977,9.770,-0.0098,-0.0134,-1.3271,-0.0039,0.0022,-9.7851,0.0022,-0.0014,-23.1288,0.502,0.959,0.500,0.958,2332,571,978
978,9.780,-0.0098,-0.0135,-1.3284,0.0006,-0.0012,-9.7928,0.0002,-0.0003,-23.1540,0.500,0.957,0.501,0.958,2334,572,979
979,9.790,-0.0098,-0.0135,-1.3284,0.0027,-0.0004,-9.7929,-0.0003,0.0001,-23.1769,0.500,0.960,0.500,0.960,2336,572,980
980,9.800,-0.0099,-0.0137,-1.3297,-0.0001,0.0043,-9.8024,-0.0010,-0.0008,-23.2007,0.500,0.958,0.500,0.959,2338,573,981
981,9.810,-0.0099,-0.0138,-1.3310,0.0013,0.0006,-9.8056,-0.0002,0.0008,-23.2364,0.500,0.957,0.500,0.956,2341,574,982
982,9.820,-0.0099,-0.0138,-1.3310,-0.0011,0.0005,-9.7917,-0.0003,0.0010,-23.2599,0.500,0.959,0.500,0.959,2343,574,983
983,9.830,-0.0100,-0.0139,-1.3323,-0.0016,0.0000,-9.8032,-0.0005,0.0004,-23.2951,0.500,0.958,0.500,0.958,2346,575,984
984,9.840,-0.0100,-0.0139,-1.3323,0.0012,0.0014,-9.7979,-0.0013,0.0007,-23.3200,0.500,0.960,0.501,0.960,2348,575,985
985,9.850,-0.0101,-0.0140,-1.3337,-0.0034,-0.0013,-9.8040,-0.0005,0.0015,-23.3442,0.500,0.959,0.500,0.958,2350,576,986
986,9.860,-0.0101,-0.0140,-1.3337,-0.0001,-0.0000,-9.8069,-0.0005,-0.0013,-23.3685,0.501,0.960,0.500,0.961,2352,576,987
987,9.870,-0.0101,-0.0142,-1.3350,0.0035,0.0000,-9.8206,0.0014,0.0005,-23.4026,0.500,0.960,0.500,0.958,2355,577,988
988,9.880,-0.0102,-0.0143,-1.3363,-0.0013,0.0005,-9.8176,-0.0000,0.0017,-23.4279,0.500,0.957,0.501,0.957,2357,578,989
989,9.890,-0.0102,-0.0143,-1.3363,-0.0024,0.0028,-9.8065,0.0001,0.0005,-23.4648,0.500,0.960,0.500,0.960,2360,578,990
990,9.900,-0.0102,-0.0144,-1.3376,-0.0015,-0.0019,-9.8157,0.0017,-0.0002,-23.4875,0.501,0.958,0.500,0.957,2362,579,991
991,9.910,-0.0102,-0.0144,-1.3376,0.0000,-0.0051,-9.8060,0.0020,-0.0008,-23.5136,0.501,0.960,0.500,0.960,2364,579,992
992,9.920,-0.0103,-0.0145,-1.3389,0.0027,0.0011,-9.8162,0.0023,0.0016,-23.5493,0.500,0.959,0.500,0.958,2367,580,993
993,9.930,-0.0104,-0.0147,-1.3402,-0.0002,0.0005,-9.8136,0.0006,-0.0008,-23.5721,0.500,0.956,0.500,0.957,2369,581,994
994,9.940,-0.0104,-0.0147,-1.3402,-0.0027,-0.0033,-9.8019,-0.0008,0.0000,-23.5956,0.500,0.959,0.501,0.959,2371,581,995
995,9.950,-0.0104,-0.0148,-1.3416,0.0020,-0.0028,-9.7968,0.0008,-0.0011,-23.6192,0.501,0.957,0.500,0.957,2373,582,996
996,9.960,-0.0104,-0.0148,-1.3416,-0.0001,0.0005,-9.7977,0.0003,0.0005,-23.6542,0.500,0.960,0.501,0.960,2376,582,997
997,9.970,-0.0105,-0.0149,-1.3429,-0.0007,0.0003,-9.8067,-0.0009,-0.0004,-23.6766,0.500,0.958,0.500,0.959,2378,583,998
998,9.980,-0.0105,-0.0149,-1.3429,-0.0001,-0.0030,-9.8076,-0.0018,0.0005,-23.7014,0.500,0.960,0.501,0.960,2380,583,999
999,9.990,-0.0105,-0.0151,-1.3442,-0.0011,-0.0032,-9.8183,-0.0013,0.0005,-23.7365,0.500,0.959,0.500,0.959,2383,584,1000
1000,10.000,-0.0106,-0.0152,-1.3456,0.0016,-0.0003,-9.8116,0.0002,-0.0001,-23.7603,0.501,0.957,0.500,0.957,2385,585,1001
1001,10.010,-0.0106,-0.0152,-1.3456,-0.0012,-0.0017,-9.7991,0.0003,0.0015,-23.7840,0.500,0.959,0.501,0.959,2387,585,1002
1002,10.020,-0.0107,-0.0153,-1.3469,-0.0003,0.0005,-9.8037,-0.0013,-0.0004,-23.8204,0.500,0.957,0.500,0.958,2390,586,1003
1003,10.030,-0.0107,-0.0153,-1.3469,0.0039,0.0016,-9.7960,0.0005,0.0019,-23.8413,0.500,0.960,0.500,0.959,2392,586,1004
1004,10.040,-0.0107,-0.0155,-1.3482,-0.0036,-0.0008,-9.8016,0.0001,0.0006,-23.8665,0.500,0.958,0.500,0.958,2394,587,1005
1005,10.050,-0.0108,-0.0156,-1.3496,0.0004,0.0013,-9.8037,0.0005,-0.0019,-23.9013,0.501,0.955,0.500,0.956,2397,588,1006
1006,10.060,-0.0108,-0.0156,-1.3496,0.0006,0.0021,-9.7899,0.0002,0.0005,-23.9255,0.500,0.959,0.501,0.958,2399,588,1007
1007,10.070,-0.0108,-0.0157,-1.3509,0.0013,0.0004,-9.7857,-0.0017,-0.0004,-23.9461,0.500,0.956,0.500,0.957,2401,589,1008
1008,10.080,-0.0108,-0.0157,-1.3509,-0.0035,-0.0002,-9.7870,-0.0007,0.0007,-23.9826,0.500,0.959,0.500,0.959,2404,589,1009
1009,10.090,-0.0109,-0.0159,-1.3522,-0.0037,0.0053,-9.7967,-0.0020,0.0003,-24.0045,0.500,0.957,0.501,0.957,2406,590,1010
1010,10.100,-0.0109,-0.0159,-1.3522,0.0007,-0.0009,-9.7922,-0.0011,-0.0007,-24.0295,0.500,0.959,0.500,0.960,2408,590,1011
1011,10.110,-0.0110,-0.0160,-1.3536,-0.0002,-0.0015,-9.7974,-0.0003,-0.0004,-24.0533,0.500,0.958,0.500,0.958,2410,591,1012
1012,10.120,-0.0110,-0.0161,-1.3549,-0.0035,0.0006,-9.7961,-0.0028,0.0013,-24.0876,0.500,0.955,0.502,0.955,2413,592,1013
1013,10.130,-0.0110,-0.0161,-1.3549,0.0009,-0.0022,-9.7891,-0.0011,0.0013,-24.1102,0.500,0.959,0.500,0.958,2415,592,1014
1014,10.140,-0.0111,-0.0163,-1.3562,0.0017,-0.0012,-9.7878,0.0004,0.0012,-24.1446,0.500,0.957,0.500,0.956,2418,593,1015
1015,10.150,-0.0111,-0.0163,-1.3562,-0.0003,-0.0020,-9.7864,-0.0010,0.0011,-24.1673,0.500,0.959,0.501,0.959,2420,593,1016
1016,10.160,-0.0111,-0.0164,-1.3576,0.0021,0.0012,-9.7946,0.0006,-0.0013,-24.2022,0.501,0.956,0.500,0.957,2423,594,1017
1017,10.170,-0.0112,-0.0166,-1.3589,0.0002,0.0005,-9.7863,0.0001,0.0000,-24.2262,0.500,0.955,0.500,0.955,2425,595,1018
1018,10.180,-0.0112,-0.0166,-1.3589,0.0024,-0.0016,-9.7734,0.0010,-0.0009,-24.2589,0.501,0.958,0.500,0.958,2428,595,1019
1019,10.190,-0.0113,-0.0167,-1.3602,0.0006,0.0014,-9.7795,0.0011,-0.0009,-24.2838,0.500,0.956,0.500,0.956,2430,596,1020
1020,10.200,-0.0113,-0.0168,-1.3615,-0.0004,-0.0014,-9.7718,-0.0004,0.0007,-24.3187,0.500,0.954,0.501,0.954,2433,597,1021
1021,10.210,-0.0113,-0.0168,-1.3615,-0.0016,-0.0004,-9.7585,-0.0017,-0.0005,-24.3402,0.500,0.956,0.500,0.957,2435,597,1022
1022,10.220,-0.0114,-0.0170,-1.3628,0.0041,0.0012,-9.7650,0.0007,-0.0008,-24.3630,0.501,0.955,0.500,0.955,2437,598,1023
1023,10.230,-0.0114,-0.0170,-1.3628,0.0039,0.0009,-9.7622,0.0007,0.0010,-24.3859,0.500,0.958,0.501,0.957,2439,598,1024
1024,10.240,-0.0114,-0.0171,-1.3641,-0.0033,0.0006,-9.7647,0.0003,0.0014,-24.4084,0.500,0.956,0.500,0.956,2441,599,1025
1025,10.250,-0.0114,-0.0171,-1.3641,-0.0016,0.0015,-9.7686,0.0003,-0.0006,-24.4416,0.501,0.958,0.500,0.958,2444,599,1026
1026,10.260,-0.0115,-0.0173,-1.3653,0.0046,0.0022,-9.7750,0.0001,-0.0010,-24.4638,0.500,0.957,0.500,0.957,2446,600,1027
1027,10.270,-0.0115,-0.0174,-1.3666,-0.0006,-0.0034,-9.7777,-0.0003,-0.0012,-24.4996,0.500,0.955,0.500,0.955,2449,601,1028
1028,10.280,-0.0115,-0.0174,-1.3666,-0.0005,0.0023,-9.7680,0.0008,-0.0001,-24.5220,0.500,0.958,0.500,0.957,2451,601,1029
1029,10.290,-0.0116,-0.0176,-1.3678,-0.0004,-0.0026,-9.7700,0.0009,0.0005,-24.5441,0.500,0.956,0.500,0.956,2453,602,1030
1030,10.300,-0.0116,-0.0176,-1.3678,-0.0009,-0.0009,-9.7688,-0.0009,-0.0006,-24.5779,0.500,0.958,0.500,0.959,2456,602,1031
1031,10.310,-0.0117,-0.0177,-1.3691,-0.0004,-0.0020,-9.7801,0.0014,-0.0008,-24.5986,0.501,0.957,0.500,0.956,2458,603,1032
1032,10.320,-0.0117,-0.0177,-1.3691,0.0018,0.0026,-9.7801,-0.0003,0.0002,-24.6233,0.500,0.959,0.501,0.959,2460,603,1033
1033,10.330,-0.0117,-0.0179,-1.3703,0.0022,-0.0035,-9.7886,-0.0003,0.0011,-24.6459,0.500,0.958,0.500,0.957,2462,604,1034
1034,10.340,-0.0118,-0.0180,-1.3715,0.0036,-0.0043,-9.7892,-0.0004,-0.0003,-24.6803,0.500,0.956,0.500,0.956,2465,605,1035
1035,10.350,-0.0118,-0.0180,-1.3715,0.0008,-0.0001,-9.7784,0.0005,-0.0001,-24.7014,0.500,0.958,0.500,0.958,2467,605,1036
1036,10.360,-0.0118,-0.0182,-1.3727,-0.0043,0.0018,-9.7859,-0.0004,0.0001,-24.7253,0.500,0.957,0.500,0.957,2469,606,1037
1037,10.370,-0.0118,-0.0182,-1.3727,0.0006,-0.0006,-9.7810,-0.0004,-0.0009,-24.7468,0.500,0.959,0.500,0.959,2471,606,1038
1038,10.380,-0.0119,-0.0183,-1.3739,0.0010,0.0015,-9.7893,0.0016,0.0019,-24.7690,0.500,0.958,0.500,0.957,2473,607,1039
1039,10.390,-0.0119,-0.0183,-1.3739,-0.0036,0.0044,-9.7950,0.0021,0.0005,-24.7927,0.501,0.960,0.500,0.959,2475,607,1040
1040,10.400,-0.0120,-0.0185,-1.3751,0.0010,0.0035,-9.7950,-0.0012,-0.0001,-24.8146,0.500,0.957,0.501,0.958,2477,608,1041
1041,10.410,-0.0120,-0.0185,-1.3751,0.0036,-0.0056,-9.8017,0.0002,-0.0005,-24.8481,0.501,0.960,0.500,0.960,2480,608,1042
1042,10.420,-0.0120,-0.0186,-1.3763,-0.0011,-0.0032,-9.8094,-0.0001,0.0001,-24.8714,0.500,0.959,0.500,0.959,2482,609,1043
1043,10.430,-0.0120,-0.0186,-1.3763,0.0017,-0.0007,-9.8137,-0.0002,0.0009,-24.8946,0.500,0.961,0.500,0.961,2484,609,1044
1044,10.440,-0.0121,-0.0188,-1.3775,-0.0032,-0.0005,-9.8222,-0.0010,0.0010,-24.9267,0.500,0.959,0.501,0.959,2487,610,1045
1045,10.450,-0.0121,-0.0189,-1.3787,0.0017,0.0006,-9.8245,0.0007,-0.0008,-24.9516,0.501,0.957,0.500,0.957,2489,611,1046
1046,10.460,-0.0121,-0.0189,-1.3787,0.0015,0.0011,-9.8151,-0.0020,-0.0018,-24.9739,0.500,0.959,0.500,0.961,2491,611,1047
1047,10.470,-0.0122,-0.0191,-1.3799,0.0032,-0.0013,-9.8140,-0.0017,0.0003,-25.0054,0.500,0.958,0.501,0.958,2494,612,1048
1048,10.480,-0.0122,-0.0191,-1.3799,0.0011,-0.0010,-9.8087,0.0009,0.0003,-25.0281,0.501,0.961,0.500,0.960,2496,612,1049
1049,10.490,-0.0123,-0.0192,-1.3812,0.0005,0.0014,-9.8142,-0.0004,0.0003,-25.0511,0.500,0.958,0.500,0.959,2498,613,1050
1050,10.500,-0.0123,-0.0194,-1.3824,0.0019,0.0001,-9.8103,0.0007,-0.0003,-25.0847,0.501,0.957,0.500,0.957,2501,614,1051
1051,10.510,-0.0123,-0.0194,-1.3824,0.0002,0.0008,-9.8035,0.0007,-0.0011,-25.1075,0.500,0.959,0.500,0.959,2503,614,1052
1052,10.520,-0.0124,-0.0196,-1.3836,-0.0008,0.0013,-9.8044,0.0006,0.0008,-25.1417,0.500,0.958,0.501,0.957,2506,615,1053
1053,10.530,-0.0124,-0.0196,-1.3836,0.0003,-0.0010,-9.7989,0.0002,-0.0004,-25.1611,0.500,0.960,0.500,0.960,2508,615,1054
1054,10.540,-0.0124,-0.0197,-1.3849,-0.0057,-0.0016,-9.8021,0.0002,0.0004,-25.1866,0.500,0.958,0.500,0.958,2510,616,1055
1055,10.550,-0.0125,-0.0199,-1.3861,0.0007,-0.0023,-9.8004,0.0017,0.0002,-25.2190,0.501,0.956,0.500,0.956,2513,617,1056
1056,10.560,-0.0125,-0.0199,-1.3861,0.0005,0.0018,-9.7909,-0.0011,-0.0013,-25.2397,0.500,0.958,0.500,0.959,2515,617,1057
1057,10.570,-0.0126,-0.0200,-1.3873,-0.0000,0.0028,-9.7915,0.0017,-0.0017,-25.2626,0.501,0.957,0.500,0.956,2517,618,1058
1058,10.580,-0.0126,-0.0200,-1.3873,-0.0029,-0.0005,-9.7877,0.0011,0.0010,-25.2960,0.500,0.959,0.501,0.958,2520,618,1059
1059,10.590,-0.0126,-0.0202,-1.3885,-0.0024,-0.0030,-9.7953,0.0016,0.0003,-25.3190,0.501,0.957,0.500,0.957,2522,619,1060
1060,10.600,-0.0126,-0.0202,-1.3885,0.0007,-0.0031,-9.7962,0.0011,-0.0000,-25.3416,0.500,0.960,0.500,0.960,2524,619,1061
1061,10.610,-0.0127,-0.0203,-1.3898,-0.0012,-0.0029,-9.8062,-0.0008,-0.0014,-25.3724,0.500,0.957,0.500,0.959,2527,620,1062
1062,10.620,-0.0127,-0.0205,-1.3910,0.0002,0.0012,-9.8062,0.0003,-0.0004,-25.3958,0.500,0.957,0.500,0.956,2529,621,1063
1063,10.630,-0.0127,-0.0205,-1.3910,0.0017,0.0027,-9.7909,0.0002,0.0001,-25.4290,0.500,0.959,0.500,0.958,2532,621,1064
1064,10.640,-0.0128,-0.0207,-1.3922,-0.0036,-0.0010,-9.7909,0.0016,0.0001,-25.4515,0.501,0.957,0.500,0.956,2534,622,1065
1065,10.650,-0.0129,-0.0208,-1.3934,0.0023,-0.0013,-9.7840,0.0017,-0.0003,-25.4853,0.500,0.955,0.500,0.955,2537,623,1066
1066,10.660,-0.0129,-0.0208,-1.3934,0.0034,-0.0043,-9.7731,0.0011,0.0007,-25.5059,0.500,0.958,0.500,0.957,2539,623,1067
1067,10.670,-0.0129,-0.0210,-1.3947,0.0021,0.0005,-9.7751,0.0006,0.0006,-25.5261,0.500,0.956,0.500,0.956,2541,624,1068
1068,10.680,-0.0129,-0.0210,-1.3947,-0.0034,0.0015,-9.7751,-0.0016,-0.0012,-25.5491,0.500,0.957,0.500,0.959,2543,624,1069
1069,10.690,-0.0130,-0.0212,-1.3959,0.0006,-0.0005,-9.7826,-0.0002,0.0012,-25.5816,0.500,0.957,0.500,0.956,2546,625,1070
1070,10.700,-0.0130,-0.0212,-1.3959,0.0006,0.0006,-9.7779,0.0006,0.0003,-25.6038,0.501,0.959,0.500,0.958,2548,625,1071
1071,10.710,-0.0130,-0.0213,-1.3971,-0.0005,-0.0032,-9.7837,0.0005,-0.0004,-25.6250,0.500,0.957,0.500,0.957,2550,626,1072
1072,10.720,-0.0131,-0.0215,-1.3982,-0.0002,-0.0001,-9.7846,-0.0001,-0.0006,-25.6577,0.500,0.955,0.500,0.956,2553,627,1073
1073,10.730,-0.0131,-0.0215,-1.3982,0.0003,-0.0030,-9.7736,0.0012,0.0016,-25.6805,0.500,0.958,0.500,0.957,2555,627,1074
1074,10.740,-0.0132,-0.0217,-1.3994,0.0002,0.0010,-9.7759,-0.0002,0.0004,-25.6995,0.500,0.956,0.500,0.957,2557,628,1075
1075,10.750,-0.0132,-0.0217,-1.3994,0.0035,-0.0029,-9.7744,0.0013,0.0001,-25.7337,0.501,0.958,0.500,0.958,2560,628,1076
1076,10.760,-0.0132,-0.0218,-1.4006,-0.0018,-0.0016,-9.7779,0.0005,-0.0021,-25.7554,0.501,0.956,0.500,0.957,2562,629,1077
1077,10.770,-0.0132,-0.0218,-1.4006,0.0040,0.0028,-9.7833,0.0012,-0.0010,-25.7759,0.500,0.959,0.500,0.959,2564,629,1078
1078,10.780,-0.0133,-0.0220,-1.4018,0.0001,-0.0006,-9.7912,-0.0005,-0.0005,-25.8088,0.500,0.957,0.501,0.957,2567,630,1079
1079,10.790,-0.0133,-0.0222,-1.4029,-0.0022,0.0008,-9.7905,-0.0005,0.0005,-25.8317,0.500,0.956,0.500,0.956,2569,631,1080
1080,10.800,-0.0133,-0.0222,-1.4029,-0.0026,-0.0042,-9.7769,-0.0006,0.0015,-25.8605,0.500,0.958,0.501,0.958,2572,631,1081
1081,10.810,-0.0134,-0.0223,-1.4041,-0.0043,0.0007,-9.7881,-0.0018,0.0006,-25.8860,0.500,0.956,0.500,0.957,2574,632,1082
1082,10.820,-0.0134,-0.0223,-1.4041,-0.0004,-0.0007,-9.7755,-0.0008,0.0009,-25.9049,0.500,0.959,0.500,0.959,2576,632,1083
1083,10.830,-0.0134,-0.0225,-1.4052,-0.0019,-0.0038,-9.7922,-0.0003,0.0021,-25.9272,0.500,0.957,0.500,0.957,2578,633,1084
1084,10.840,-0.0135,-0.0227,-1.4064,0.0012,0.0019,-9.7882,-0.0016,0.0004,-25.9592,0.500,0.955,0.500,0.956,2581,634,1085
1085,10.850,-0.0135,-0.0227,-1.4064,0.0018,-0.0020,-9.7787,0.0011,0.0005,-25.9797,0.501,0.958,0.500,0.957,2583,634,1086
1086,10.860,-0.0135,-0.0228,-1.4075,0.0036,0.0002,-9.7793,-0.0018,-0.0001,-26.0040,0.500,0.956,0.501,0.957,2585,635,1087
1087,10.870,-0.0135,-0.0228,-1.4075,0.0001,-0.0007,-9.7772,-0.0015,0.0004,-26.0225,0.500,0.959,0.500,0.959,2587,635,1088
1088,10.880,-0.0136,-0.0230,-1.4086,0.0010,-0.0009,-9.7916,-0.0006,-0.0014,-26.0557,0.501,0.957,0.500,0.957,2590,636,1089
1089,10.890,-0.0136,-0.0230,-1.4086,0.0023,0.0032,-9.7827,-0.0010,0.0015,-26.0767,0.500,0.959,0.501,0.958,2592,636,1090
1090,10.900,-0.0137,-0.0232,-1.4098,-0.0041,0.0044,-9.7963,-0.0007,-0.0003,-26.0986,0.501,0.957,0.500,0.958,2594,637,1091
1091,10.910,-0.0137,-0.0232,-1.4098,0.0016,0.0048,-9.7978,0.0007,-0.0007,-26.1179,0.501,0.960,0.500,0.959,2596,637,1092
1092,10.920,-0.0137,-0.0233,-1.4109,0.0034,-0.0012,-9.8037,0.0007,0.0011,-26.1403,0.500,0.959,0.501,0.958,2598,638,1093
1093,10.930,-0.0138,-0.0235,-1.4120,0.0003,0.0007,-9.8034,-0.0010,0.0008,-26.1712,0.500,0.956,0.501,0.957,2601,639,1094
1094,10.940,-0.0138,-0.0235,-1.4120,-0.0013,-0.0003,-9.7954,0.0000,0.0007,-26.1935,0.500,0.959,0.500,0.959,2603,639,1095
1095,10.950,-0.0138,-0.0237,-1.4131,-0.0019,-0.0003,-9.8003,0.0007,0.0005,-26.2252,0.500,0.958,0.500,0.957,2606,640,1096
1096,10.960,-0.0138,-0.0237,-1.4131,-0.0009,-0.0011,-9.7955,-0.0011,0.0002,-26.2472,0.500,0.959,0.501,0.960,2608,640,1097
1097,10.970,-0.0139,-0.0239,-1.4142,0.0029,0.0014,-9.8069,0.0000,0.0005,-26.2798,0.500,0.958,0.500,0.958,2611,641,1098
1098,10.980,-0.0139,-0.0240,-1.4153,0.0000,-0.0010,-9.8014,-0.0007,0.0011,-26.2977,0.500,0.956,0.501,0.956,2613,642,1099
1099,10.990,-0.0139,-0.0240,-1.4153,-0.0009,0.0014,-9.7900,-0.0002,-0.0011,-26.3213,0.501,0.958,0.500,0.959,2615,642,1100
1100,11.000,-0.0140,-0.0242,-1.4165,-0.0063,-0.0043,-9.7930,0.0001,0.0014,-26.3553,0.500,0.957,0.501,0.956,2618,643,1101
1101,11.010,-0.0140,-0.0242,-1.4165,-0.0027,0.0008,-9.7904,0.0007,-0.0005,-26.3751,0.501,0.959,0.500,0.959,2620,643,1102
1102,11.020,-0.0140,-0.0244,-1.4176,0.0005,-0.0018,-9.7976,-0.0001,0.0015,-26.4059,0.500,0.958,0.501,0.957,2623,644,1103
1103,11.030,-0.0141,-0.0246,-1.4187,0.0006,0.0005,-9.7989,0.0012,-0.0008,-26.4275,0.501,0.956,0.500,0.956,2625,645,1104
1104,11.040,-0.0141,-0.0246,-1.4187,-0.0005,0.0001,-9.7847,0.0003,-0.0004,-26.4584,0.500,0.958,0.500,0.959,2628,645,1105
1105,11.050,-0.0141,-0.0248,-1.4198,0.0003,-0.0014,-9.7874,0.0000,0.0003,-26.4796,0.500,0.957,0.500,0.957,2630,646,1106
1106,11.060,-0.0141,-0.0248,-1.4198,0.0048,-0.0015,-9.7892,-0.0018,0.0002,-26.5001,0.500,0.958,0.501,0.959,2632,646,1107
1107,11.070,-0.0142,-0.0249,-1.4209,-0.0018,-0.0021,-9.7957,0.0013,0.0002,-26.5325,0.501,0.958,0.500,0.957,2635,647,1108
1108,11.080,-0.0142,-0.0251,-1.4220,0.0008,0.0014,-9.7935,0.0003,-0.0002,-26.5532,0.500,0.956,0.500,0.956,2637,648,1109
1109,11.090,-0.0142,-0.0251,-1.4220,-0.0004,0.0002,-9.7806,0.0000,0.0015,-26.5835,0.500,0.958,0.501,0.958,2640,648,1110
1110,11.100,-0.0143,-0.0253,-1.4231,0.0003,-0.0000,-9.7843,0.0006,-0.0018,-26.6055,0.501,0.956,0.500,0.957,2642,649,1111
1111,11.110,-0.0143,-0.0255,-1.4242,0.0045,0.0017,-9.7820,0.0011,0.0001,-26.6363,0.500,0.956,0.500,0.955,2645,650,1112
1112,11.120,-0.0143,-0.0255,-1.4242,-0.0020,0.0035,-9.7741,-0.0016,-0.0002,-26.6574,0.500,0.957,0.501,0.958,2647,650,1113
1113,11.130,-0.0144,-0.0257,-1.4252,0.0008,-0.0008,-9.7707,-0.0009,-0.0012,-26.6784,0.500,0.956,0.500,0.956,2649,651,1114
1114,11.140,-0.0144,-0.0257,-1.4252,-0.0056,0.0025,-9.7734,0.0009,0.0006,-26.7094,0.500,0.959,0.500,0.958,2652,651,1115
1115,11.150,-0.0144,-0.0258,-1.4263,0.0012,-0.0034,-9.7814,0.0003,0.0014,-26.7278,0.500,0.957,0.501,0.957,2654,652,1116
1116,11.160,-0.0144,-0.0258,-1.4263,-0.0015,0.0008,-9.7832,0.0017,-0.0011,-26.7506,0.501,0.958,0.500,0.958,2656,652,1117
1117,11.170,-0.0145,-0.0260,-1.4274,-0.0023,-0.0054,-9.7923,-0.0011,0.0002,-26.7804,0.500,0.957,0.501,0.957,2659,653,1118
1118,11.180,-0.0145,-0.0262,-1.4284,-0.0037,-0.0026,-9.7896,-0.0002,0.0018,-26.8000,0.500,0.957,0.500,0.956,2661,654,1119
1119,11.190,-0.0145,-0.0262,-1.4284,0.0024,-0.0017,-9.7860,-0.0015,-0.0001,-26.8232,0.500,0.958,0.500,0.959,2663,654,1120
1120,11.200,-0.0146,-0.0264,-1.4295,-0.0010,0.0002,-9.7904,-0.0023,-0.0001,-26.8543,0.500,0.957,0.501,0.957,2666,655,1121
1121,11.210,-0.0146,-0.0264,-1.4295,-0.0025,-0.0032,-9.7884,0.0012,-0.0008,-26.8733,0.501,0.959,0.500,0.958,2668,655,1122
1122,11.220,-0.0146,-0.0266,-1.4305,0.0036,-0.0001,-9.7930,0.0005,-0.0005,-26.9046,0.500,0.958,0.500,0.958,2671,656,1123
1123,11.230,-0.0147,-0.0268,-1.4315,0.0018,0.0012,-9.7978,-0.0003,0.0017,-26.9257,0.500,0.956,0.501,0.956,2673,657,1124
1124,11.240,-0.0147,-0.0268,-1.4315,0.0024,-0.0008,-9.7823,0.0001,0.0001,-26.9450,0.501,0.958,0.500,0.958,2675,657,1125
1125,11.250,-0.0147,-0.0269,-1.4326,0.0008,0.0020,-9.7891,0.0005,-0.0001,-26.9664,0.500,0.957,0.500,0.957,2677,658,1126
1126,11.260,-0.0147,-0.0269,-1.4326,0.0016,0.0021,-9.7865,0.0000,-0.0001,-26.9860,0.500,0.959,0.500,0.959,2679,658,1127
1127,11.270,-0.0148,-0.0271,-1.4336,0.0058,-0.0027,-9.7914,0.0011,-0.0006,-27.0067,0.501,0.958,0.500,0.957,2681,659,1128
1128,11.280,-0.0148,-0.0271,-1.4336,-0.0041,-0.0029,-9.7932,0.0013,-0.0009,-27.0372,0.500,0.960,0.500,0.960,2684,659,1129
1129,11.290,-0.0148,-0.0273,-1.4346,-0.0047,-0.0002,-9.8026,-0.0008,-0.0003,-27.0587,0.500,0.958,0.501,0.958,2686,660,1130
1130,11.300,-0.0148,-0.0273,-1.4346,-0.0048,-0.0014,-9.8066,-0.0008,-0.0032,-27.0800,0.501,0.959,0.500,0.960,2688,660,1131
1131,11.310,-0.0149,-0.0275,-1.4357,-0.0024,-0.0030,-9.8155,0.0013,0.0016,-27.1107,0.500,0.960,0.501,0.957,2691,661,1132
1132,11.320,-0.0149,-0.0277,-1.4367,-0.0054,0.0002,-9.8148,0.0007,0.0005,-27.1307,0.500,0.957,0.500,0.958,2693,662,1133
1133,11.330,-0.0149,-0.0277,-1.4367,-0.0054,0.0011,-9.8078,0.0010,-0.0015,-27.1516,0.501,0.959,0.500,0.959,2695,662,1134
1134,11.340,-0.0150,-0.0279,-1.4377,-0.0013,0.0002,-9.8046,0.0006,0.0004,-27.1695,0.500,0.958,0.501,0.958,2697,663,1135
1135,11.350,-0.0150,-0.0279,-1.4377,-0.0027,-0.0006,-9.8053,-0.0000,0.0016,-27.1905,0.500,0.960,0.501,0.960,2699,663,1136
1136,11.360,-0.0150,-0.0281,-1.4388,-0.0023,-0.0023,-9.8163,-0.0003,0.0004,-27.2228,0.500,0.958,0.500,0.959,2702,664,1137
1137,11.370,-0.0150,-0.0281,-1.4388,-0.0037,-0.0000,-9.8127,0.0004,0.0003,-27.2437,0.500,0.961,0.500,0.960,2704,664,1138
1138,11.380,-0.0151,-0.0283,-1.4398,-0.0009,-0.0021,-9.8195,-0.0001,-0.0004,-27.2736,0.500,0.959,0.500,0.959,2707,665,1139
1139,11.390,-0.0151,-0.0284,-1.4409,-0.0010,-0.0036,-9.8141,-0.0016,0.0007,-27.2945,0.500,0.957,0.501,0.957,2709,666,1140
1140,11.400,-0.0151,-0.0284,-1.4409,0.0010,-0.0020,-9.8067,-0.0004,0.0022,-27.3157,0.500,0.960,0.500,0.959,2711,666,1141
1141,11.410,-0.0152,-0.0286,-1.4419,0.0010,-0.0065,-9.8105,0.0008,-0.0010,-27.3354,0.501,0.957,0.500,0.958,2713,667,1142
1142,11.420,-0.0152,-0.0286,-1.4419,-0.0005,0.0016,-9.8075,-0.0016,-0.0015,-27.3546,0.500,0.959,0.501,0.960,2715,667,1143
1143,11.430,-0.0152,-0.0288,-1.4430,0.0034,-0.0017,-9.8121,-0.0005,-0.0003,-27.3853,0.500,0.959,0.500,0.958,2718,668,1144
1144,11.440,-0.0152,-0.0288,-1.4430,0.0003,-0.0024,-9.8111,-0.0017,-0.0002,-27.4066,0.500,0.960,0.501,0.960,2720,668,1145
1145,11.450,-0.0153,-0.0290,-1.4440,-0.0002,-0.0008,-9.8174,0.0011,-0.0004,-27.4375,0.501,0.959,0.500,0.958,2723,669,1146
1146,11.460,-0.0153,-0.0292,-1.4451,0.0018,-0.0012,-9.8137,-0.0003,0.0010,-27.4565,0.500,0.957,0.501,0.957,2725,670,1147
1147,11.470,-0.0153,-0.0292,-1.4451,0.0008,0.0016,-9.8015,-0.0008,-0.0001,-27.4872,0.500,0.959,0.500,0.960,2728,670,1148
1148,11.480,-0.0154,-0.0294,-1.4462,0.0014,0.0040,-9.8072,0.0014,-0.0009,-27.5070,0.501,0.958,0.500,0.957,2730,671,1149
1149,11.490,-0.0154,-0.0296,-1.4472,0.0005,0.0023,-9.8019,0.0023,0.0012,-27.5365,0.500,0.957,0.500,0.956,2733,672,1150
1150,11.500,-0.0154,-0.0296,-1.4472,-0.0038,0.0026,-9.7871,-0.0003,0.0020,-27.5585,0.500,0.958,0.501,0.958,2735,672,1151
1151,11.510,-0.0154,-0.0298,-1.4483,-0.0015,0.0028,-9.7878,0.0025,-0.0001,-27.5756,0.502,0.956,0.500,0.956,2737,673,1152
1152,11.520,-0.0154,-0.0298,-1.4483,-0.0007,-0.0020,-9.7839,-0.0001,-0.0005,-27.5968,0.500,0.958,0.501,0.959,2739,673,1153
1153,11.530,-0.0155,-0.0300,-1.4494,-0.0014,0.0014,-9.7899,0.0013,-0.0008,-27.6280,0.501,0.957,0.500,0.957,2742,674,1154
1154,11.540,-0.0155,-0.0300,-1.4494,-0.0000,-0.0025,-9.7929,0.0011,0.0009,-27.6471,0.500,0.959,0.500,0.959,2744,674,1155
1155,11.550,-0.0155,-0.0302,-1.4504,-0.0012,0.0003,-9.7955,0.0010,0.0006,-27.6775,0.500,0.958,0.500,0.958,2747,675,1156
1156,11.560,-0.0156,-0.0304,-1.4515,-0.0007,-0.0016,-9.7937,0.0006,-0.0010,-27.6979,0.501,0.956,0.500,0.956,2749,676,1157
1157,11.570,-0.0156,-0.0304,-1.4515,-0.0031,-0.0016,-9.7839,-0.0000,0.0013,-27.7163,0.500,0.958,0.501,0.957,2751,676,1158
1158,11.580,-0.0156,-0.0306,-1.4525,-0.0028,-0.0027,-9.7838,-0.0011,-0.0007,-27.7479,0.500,0.956,0.500,0.957,2754,677,1159
1159,11.590,-0.0156,-0.0306,-1.4525,0.0019,-0.0054,-9.7824,-0.0013,-0.0002,-27.7658,0.500,0.958,0.500,0.959,2756,677,1160
1160,11.600,-0.0157,-0.0308,-1.4536,0.0000,0.0004,-9.7917,0.0003,-0.0012,-27.7958,0.501,0.957,0.500,0.957,2759,678,1161
1161,11.610,-0.0157,-0.0309,-1.4546,0.0014,0.0002,-9.7866,-0.0015,0.0002,-27.8162,0.500,0.955,0.501,0.955,2761,679,1162
1162,11.620,-0.0157,-0.0309,-1.4546,0.0014,0.0009,-9.7778,-0.0008,-0.0004,-27.8356,0.500,0.958,0.500,0.958,2763,679,1163
1163,11.630,-0.0158,-0.0311,-1.4557,0.0008,0.0026,-9.7780,-0.0007,0.0008,-27.8547,0.500,0.956,0.501,0.956,2765,680,1164
1164,11.640,-0.0158,-0.0311,-1.4557,0.0024,-0.0037,-9.7756,-0.0003,-0.0004,-27.8737,0.500,0.958,0.500,0.958,2767,680,1165
1165,11.650,-0.0158,-0.0313,-1.4567,0.0033,-0.0003,-9.7855,-0.0002,-0.0006,-27.9054,0.500,0.957,0.500,0.957,2770,681,1166
1166,11.660,-0.0158,-0.0313,-1.4567,0.0030,-0.0003,-9.7804,-0.0004,0.0001,-27.9247,0.500,0.959,0.500,0.959,2772,681,1167
1167,11.670,-0.0158,-0.0315,-1.4577,0.0028,-0.0001,-9.7920,-0.0003,-0.0016,-27.9545,0.501,0.957,0.500,0.957,2775,682,1168
1168,11.680,-0.0159,-0.0317,-1.4587,0.0034,0.0010,-9.7854,0.0011,-0.0006,-27.9729,0.500,0.956,0.500,0.956,2777,683,1169
1169,11.690,-0.0159,-0.0317,-1.4587,0.0010,0.0003,-9.7849,0.0005,0.0003,-27.9935,0.500,0.958,0.500,0.958,2779,683,1170
1170,11.700,-0.0159,-0.0319,-1.4597,0.0027,0.0063,-9.7808,0.0013,0.0003,-28.0098,0.500,0.957,0.500,0.956,2781,684,1171
1171,11.710,-0.0159,-0.0319,-1.4597,-0.0049,0.0042,-9.7763,-0.0004,-0.0002,-28.0409,0.500,0.958,0.500,0.959,2784,684,1172
1172,11.720,-0.0160,-0.0321,-1.4607,-0.0004,0.0004,-9.7862,-0.0004,-0.0023,-28.0609,0.501,0.956,0.500,0.957,2786,685,1173
1173,11.730,-0.0160,-0.0323,-1.4617,0.0003,0.0023,-9.7831,0.0001,0.0011,-28.0915,0.500,0.956,0.501,0.955,2789,686,1174
1174,11.740,-0.0160,-0.0323,-1.4617,0.0011,-0.0013,-9.7748,-0.0016,0.0007,-28.1103,0.500,0.957,0.501,0.958,2791,686,1175
1175,11.750,-0.0161,-0.0325,-1.4627,-0.0003,-0.0011,-9.7762,0.0022,-0.0008,-28.1292,0.502,0.956,0.500,0.955,2793,687,1176
1176,11.760,-0.0161,-0.0325,-1.4627,0.0011,-0.0014,-9.7794,-0.0004,0.0007,-28.1488,0.500,0.958,0.501,0.958,2795,687,1177
1177,11.770,-0.0161,-0.0327,-1.4637,0.0019,-0.0067,-9.7876,0.0014,-0.0000,-28.1769,0.501,0.957,0.500,0.956,2798,688,1178
1178,11.780,-0.0161,-0.0327,-1.4637,-0.0001,0.0026,-9.7847,0.0012,0.0012,-28.1973,0.500,0.959,0.500,0.959,2800,688,1179
1179,11.790,-0.0161,-0.0329,-1.4647,-0.0016,-0.0023,-9.7973,0.0001,0.0003,-28.2253,0.500,0.957,0.500,0.958,2803,689,1180
1180,11.800,-0.0162,-0.0331,-1.4656,0.0025,0.0013,-9.7924,0.0012,-0.0011,-28.2455,0.501,0.956,0.500,0.956,2805,690,1181
1181,11.810,-0.0162,-0.0331,-1.4656,0.0021,-0.0008,-9.7803,0.0000,-0.0011,-28.2746,0.500,0.958,0.500,0.959,2808,690,1182
1182,11.820,-0.0162,-0.0333,-1.4666,0.0040,-0.0009,-9.7856,0.0003,-0.0008,-28.2934,0.500,0.957,0.500,0.957,2810,691,1183
1183,11.830,-0.0162,-0.0333,-1.4666,0.0012,0.0008,-9.7855,-0.0009,0.0004,-28.3136,0.500,0.959,0.501,0.959,2812,691,1184
1184,11.840,-0.0163,-0.0335,-1.4676,0.0042,0.0011,-9.7951,0.0006,0.0019,-28.3326,0.500,0.958,0.500,0.957,2814,692,1185
1185,11.850,-0.0163,-0.0335,-1.4676,0.0002,0.0007,-9.7894,0.0007,-0.0004,-28.3512,0.501,0.959,0.500,0.959,2816,692,1186
1186,11.860,-0.0163,-0.0337,-1.4685,-0.0050,0.0005,-9.7985,0.0013,-0.0004,-28.3708,0.500,0.958,0.500,0.958,2818,693,1187
1187,11.870,-0.0163,-0.0339,-1.4695,0.0003,-0.0001,-9.7984,0.0006,0.0007,-28.4003,0.500,0.957,0.500,0.957,2821,694,1188
1188,11.880,-0.0163,-0.0339,-1.4695,-0.0007,0.0022,-9.7895,-0.0004,-0.0002,-28.4194,0.500,0.959,0.500,0.959,2823,694,1189
1189,11.890,-0.0164,-0.0341,-1.4704,0.0003,0.0015,-9.7933,-0.0001,0.0018,-28.4473,0.500,0.958,0.501,0.957,2826,695,1190
1190,11.900,-0.0164,-0.0341,-1.4704,-0.0004,0.0040,-9.7888,0.0014,0.0019,-28.4665,0.500,0.960,0.500,0.959,2828,695,1191
1191,11.910,-0.0164,-0.0343,-1.4713,0.0015,0.0037,-9.7953,0.0001,-0.0014,-28.4884,0.501,0.957,0.500,0.958,2830,696,1192
1192,11.920,-0.0165,-0.0345,-1.4723,-0.0012,0.0002,-9.8019,0.0013,-0.0006,-28.5161,0.500,0.957,0.500,0.956,2833,697,1193
1193,11.930,-0.0165,-0.0345,-1.4723,-0.0002,0.0033,-9.7928,0.0004,-0.0018,-28.5350,0.500,0.958,0.500,0.959,2835,697,1194
1194,11.940,-0.0165,-0.0347,-1.4732,0.0003,0.0003,-9.7941,-0.0014,-0.0004,-28.5639,0.500,0.957,0.501,0.957,2838,698,1195
1195,11.950,-0.0165,-0.0347,-1.4732,-0.0005,-0.0003,-9.7916,0.0013,0.0025,-28.5833,0.500,0.960,0.500,0.958,2840,698,1196
1196,11.960,-0.0165,-0.0349,-1.4742,-0.0046,-0.0048,-9.7937,0.0012,0.0022,-28.6012,0.500,0.958,0.500,0.958,2842,699,1197
1197,11.970,-0.0166,-0.0351,-1.4751,0.0015,-0.0013,-9.7980,-0.0002,-0.0004,-28.6295,0.500,0.956,0.500,0.957,2845,700,1198
1198,11.980,-0.0166,-0.0351,-1.4751,-0.0010,0.0009,-9.7937,-0.0010,0.0002,-28.6507,0.500,0.958,0.501,0.958,2847,700,1199
1199,11.990,-0.0166,-0.0353,-1.4760,-0.0014,-0.0026,-9.7920,-0.0000,0.0001,-28.6767,0.500,0.957,0.500,0.957,2850,701,1200
1200,12.000,-0.0166,-0.0353,-1.4760,0.0027,0.0001,-9.7862,-0.0004,0.0001,-28.6960,0.500,0.959,0.500,0.959,2852,701,1201
1201,12.010,-0.0166,-0.0355,-1.4770,0.0002,-0.0007,-9.7967,0.0006,-0.0011,-28.7167,0.501,0.957,0.500,0.958,2854,702,1202
1202,12.020,-0.0167,-0.0357,-1.4779,-0.0001,0.0011,-9.7976,-0.0021,0.0015,-28.7431,0.500,0.956,0.502,0.956,2857,703,1203
1203,12.030,-0.0167,-0.0357,-1.4779,0.0033,0.0025,-9.7859,-0.0004,0.0013,-28.7629,0.500,0.959,0.500,0.958,2859,703,1204
1204,12.040,-0.0167,-0.0359,-1.4788,0.0035,0.0010,-9.7935,-0.0006,-0.0010,-28.7825,0.501,0.957,0.500,0.957,2861,704,1205
1205,12.050,-0.0167,-0.0359,-1.4788,0.0032,0.0026,-9.7883,-0.0006,0.0009,-28.8013,0.500,0.959,0.501,0.958,2863,704,1206
1206,12.060,-0.0167,-0.0361,-1.4798,0.0030,0.0028,-9.7929,-0.0006,-0.0001,-28.8205,0.500,0.958,0.500,0.958,2865,705,1207
1207,12.070,-0.0167,-0.0361,-1.4798,0.0011,0.0003,-9.7951,0.0007,-0.0007,-28.8481,0.501,0.959,0.500,0.959,2868,705,1208
1208,12.080,-0.0168,-0.0363,-1.4807,0.0004,0.0008,-9.7998,0.0008,0.0004,-28.8682,0.500,0.959,0.500,0.958,2870,706,1209
1209,12.090,-0.0168,-0.0365,-1.4816,-0.0025,0.0022,-9.8005,-0.0005,0.0010,-28.8943,0.500,0.957,0.501,0.957,2873,707,1210
1210,12.100,-0.0168,-0.0365,-1.4816,-0.0021,-0.0008,-9.7953,-0.0006,0.0002,-28.9153,0.500,0.959,0.500,0.959,2875,707,1211
1211,12.110,-0.0168,-0.0367,-1.4825,0.0017,-0.0008,-9.7981,0.0003,0.0006,-28.9325,0.500,0.958,0.500,0.957,2877,708,1212
1212,12.120,-0.0168,-0.0367,-1.4825,-0.0005,0.0033,-9.7929,-0.0004,-0.0001,-28.9627,0.500,0.959,0.500,0.960,2880,708,1213
1213,12.130,-0.0169,-0.0369,-1.4834,-0.0007,0.0021,-9.8049,-0.0007,0.0009,-28.9807,0.500,0.958,0.501,0.958,2882,709,1214
1214,12.140,-0.0169,-0.0371,-1.4843,-0.0004,-0.0010,-9.8067,0.0004,-0.0001,-29.0077,0.501,0.957,0.500,0.957,2885,710,1215
1215,12.150,-0.0169,-0.0371,-1.4843,0.0027,-0.0018,-9.7937,-0.0006,-0.0002,-29.0266,0.500,0.958,0.500,0.959,2887,710,1216
1216,12.160,-0.0169,-0.0373,-1.4853,0.0005,-0.0028,-9.7988,-0.0003,0.0005,-29.0463,0.500,0.958,0.500,0.957,2889,711,1217
1217,12.170,-0.0169,-0.0373,-1.4853,0.0017,-0.0039,-9.7915,0.0008,-0.0007,-29.0730,0.501,0.959,0.500,0.959,2892,711,1218
1218,12.180,-0.0170,-0.0375,-1.4862,-0.0008,0.0008,-9.7976,0.0007,-0.0009,-29.0920,0.500,0.958,0.500,0.958,2894,712,1219
1219,12.190,-0.0170,-0.0377,-1.4871,0.0020,-0.0013,-9.7943,0.0006,0.0008,-29.1197,0.500,0.957,0.501,0.956,2897,713,1220
1220,12.200,-0.0170,-0.0377,-1.4871,0.0011,-0.0025,-9.7843,0.0012,0.0001,-29.1402,0.501,0.958,0.500,0.958,2899,713,1221
1221,12.210,-0.0170,-0.0379,-1.4880,-0.0014,-0.0010,-9.7898,0.0002,-0.0005,-29.1568,0.500,0.957,0.500,0.958,2901,714,1222
1222,12.220,-0.0170,-0.0379,-1.4880,-0.0024,-0.0008,-9.7909,0.0012,-0.0012,-29.1756,0.501,0.959,0.500,0.959,2903,714,1223
1223,12.230,-0.0171,-0.0381,-1.4889,-0.0006,0.0046,-9.7955,-0.0022,-0.0021,-29.2049,0.500,0.957,0.501,0.958,2906,715,1224
1224,12.240,-0.0171,-0.0381,-1.4889,0.0029,-0.0015,-9.7934,0.0017,-0.0004,-29.2230,0.501,0.960,0.500,0.958,2908,715,1225
1225,12.250,-0.0171,-0.0383,-1.4898,0.0027,0.0004,-9.7996,-0.0002,-0.0007,-29.2397,0.500,0.958,0.500,0.959,2910,716,1226
1226,12.260,-0.0171,-0.0385,-1.4907,0.0031,0.0001,-9.7972,-0.0017,0.0003,-29.2685,0.500,0.957,0.501,0.957,2913,717,1227
1227,12.270,-0.0171,-0.0385,-1.4907,0.0005,-0.0002,-9.7930,-0.0013,-0.0017,-29.2872,0.501,0.958,0.500,0.959,2915,717,1228
1228,12.280,-0.0171,-0.0387,-1.4916,-0.0004,-0.0019,-9.7991,-0.0002,0.0005,-29.3049,0.500,0.958,0.500,0.957,2917,718,1229
1229,12.290,-0.0171,-0.0387,-1.4916,-0.0015,-0.0040,-9.7888,-0.0001,-0.0000,-29.3342,0.500,0.959,0.500,0.959,2920,718,1230
1230,12.300,-0.0172,-0.0389,-1.4925,-0.0005,-0.0004,-9.8023,-0.0006,0.0007,-29.3532,0.500,0.958,0.501,0.958,2922,719,1231
1231,12.310,-0.0172,-0.0389,-1.4925,-0.0025,-0.0061,-9.8004,0.0018,-0.0004,-29.3699,0.501,0.959,0.500,0.959,2924,719,1232
1232,12.320,-0.0172,-0.0391,-1.4934,-0.0003,-0.0018,-9.8040,0.0008,-0.0006,-29.3978,0.500,0.958,0.500,0.959,2927,720,1233
1233,12.330,-0.0172,-0.0393,-1.4943,-0.0002,-0.0006,-9.8026,-0.0004,0.0012,-29.4162,0.500,0.957,0.501,0.957,2929,721,1234
1234,12.340,-0.0172,-0.0393,-1.4943,0.0034,-0.0028,-9.7978,-0.0000,0.0006,-29.4449,0.500,0.959,0.500,0.959,2932,721,1235
1235,12.350,-0.0173,-0.0395,-1.4952,0.0017,-0.0016,-9.7990,0.0002,0.0002,-29.4628,0.500,0.958,0.500,0.958,2934,722,1236
1236,12.360,-0.0173,-0.0395,-1.4952,0.0013,-0.0009,-9.7986,-0.0001,0.0000,-29.4819,0.500,0.959,0.500,0.959,2936,722,1237
1237,12.370,-0.0173,-0.0397,-1.4961,0.0017,-0.0021,-9.8013,0.0002,-0.0004,-29.4986,0.500,0.958,0.500,0.958,2938,723,1238
1238,12.380,-0.0173,-0.0399,-1.4970,-0.0003,-0.0003,-9.8007,-0.0008,0.0007,-29.5271,0.500,0.957,0.501,0.957,2941,724,1239
1239,12.390,-0.0173,-0.0399,-1.4970,0.0038,-0.0017,-9.7883,-0.0001,0.0005,-29.5451,0.500,0.959,0.500,0.958,2943,724,1240
1240,12.400,-0.0173,-0.0401,-1.4979,0.0015,0.0005,-9.7932,0.0005,0.0005,-29.5715,0.500,0.958,0.500,0.957,2946,725,1241
1241,12.410,-0.0173,-0.0401,-1.4979,0.0022,-0.0016,-9.7883,0.0010,-0.0025,-29.5903,0.501,0.958,0.500,0.959,2948,725,1242
1242,12.420,-0.0174,-0.0403,-1.4988,0.0019,0.0015,-9.7938,-0.0002,-0.0004,-29.6174,0.500,0.958,0.501,0.957,2951,726,1243
1243,12.430,-0.0174,-0.0405,-1.4997,-0.0007,-0.0000,-9.7946,0.0000,-0.0008,-29.6375,0.500,0.957,0.500,0.957,2953,727,1244
1244,12.440,-0.0174,-0.0405,-1.4997,-0.0020,0.0008,-9.7886,0.0002,0.0020,-29.6533,0.500,0.959,0.501,0.957,2955,727,1245
1245,12.450,-0.0174,-0.0407,-1.5006,-0.0044,0.0035,-9.7829,0.0000,-0.0001,-29.6717,0.501,0.957,0.500,0.957,2957,728,1246
1246,12.460,-0.0174,-0.0407,-1.5006,-0.0023,0.0024,-9.7826,-0.0019,0.0003,-29.6995,0.500,0.958,0.501,0.959,2960,728,1247
1247,12.470,-0.0174,-0.0409,-1.5014,-0.0024,-0.0011,-9.7918,0.0002,-0.0005,-29.7167,0.501,0.957,0.500,0.957,2962,729,1248
1248,12.480,-0.0174,-0.0412,-1.5023,0.0042,-0.0047,-9.7874,-0.0002,0.0003,-29.7450,0.500,0.956,0.500,0.956,2965,730,1249
1249,12.490,-0.0174,-0.0412,-1.5023,-0.0007,-0.0009,-9.7816,0.0002,0.0003,-29.7623,0.500,0.958,0.500,0.958,2967,730,1250
1250,12.500,-0.0175,-0.0414,-1.5032,-0.0010,-0.0004,-9.7856,0.0018,-0.0005,-29.7814,0.501,0.957,0.500,0.956,2969,731,1251
1251,12.510,-0.0175,-0.0414,-1.5032,0.0019,-0.0003,-9.7853,-0.0018,-0.0012,-29.8074,0.500,0.958,0.501,0.959,2972,731,1252
1252,12.520,-0.0175,-0.0416,-1.5041,0.0002,0.0035,-9.7897,0.0007,-0.0013,-29.8245,0.501,0.957,0.500,0.957,2974,732,1253
1253,12.530,-0.0175,-0.0418,-1.5049,-0.0042,0.0009,-9.7876,0.0020,0.0016,-29.8509,0.500,0.957,0.500,0.956,2977,733,1254
1254,12.540,-0.0175,-0.0418,-1.5049,0.0005,-0.0011,-9.7827,0.0012,0.0008,-29.8688,0.500,0.958,0.500,0.958,2979,733,1255
1255,12.550,-0.0175,-0.0420,-1.5058,0.0030,-0.0008,-9.7876,0.0016,0.0005,-29.8871,0.500,0.957,0.500,0.957,2981,734,1256
1256,12.560,-0.0175,-0.0420,-1.5058,0.0008,-0.0035,-9.7886,0.0017,0.0017,-29.9052,0.500,0.959,0.500,0.958,2983,734,1257
1257,12.570,-0.0175,-0.0422,-1.5066,-0.0034,0.0013,-9.7893,0.0002,-0.0004,-29.9329,0.500,0.957,0.500,0.958,2986,735,1258
1258,12.580,-0.0175,-0.0422,-1.5066,0.0020,-0.0008,-9.7908,0.0004,-0.0017,-29.9507,0.501,0.959,0.500,0.959,2988,735,1259
1259,12.590,-0.0176,-0.0424,-1.5075,0.0017,0.0037,-9.7989,0.0014,-0.0012,-29.9774,0.500,0.958,0.500,0.958,2991,736,1260
1260,12.600,-0.0176,-0.0426,-1.5083,0.0020,0.0039,-9.7946,-0.0016,0.0005,-29.9955,0.500,0.956,0.502,0.957,2993,737,1261
1261,12.610,-0.0176,-0.0426,-1.5083,-0.0016,-0.0001,-9.7909,-0.0000,-0.0011,-30.0137,0.501,0.958,0.500,0.958,2995,737,1262
1262,12.620,-0.0176,-0.0428,-1.5092,0.0000,0.0026,-9.7888,0.0008,-0.0011,-30.0297,0.500,0.957,0.500,0.957,2997,738,1263
1263,12.630,-0.0176,-0.0428,-1.5092,0.0008,0.0056,-9.7878,-0.0007,0.0009,-30.0464,0.500,0.959,0.501,0.958,2999,738,1264
1264,12.640,-0.0176,-0.0430,-1.5100,0.0001,0.0032,-9.7975,0.0004,0.0006,-30.0745,0.500,0.958,0.500,0.958,3002,739,1265
1265,12.650,-0.0176,-0.0430,-1.5100,-0.0035,-0.0008,-9.7902,0.0005,0.0001,-30.0917,0.500,0.959,0.500,0.959,3004,739,1266
1266,12.660,-0.0176,-0.0432,-1.5108,0.0025,-0.0022,-9.8051,0.0006,0.0003,-30.1105,0.500,0.959,0.500,0.958,3006,740,1267
1267,12.670,-0.0177,-0.0434,-1.5117,-0.0030,0.0001,-9.8040,0.0000,0.0004,-30.1389,0.500,0.957,0.500,0.957,3009,741,1268
1268,12.680,-0.0177,-0.0434,-1.5117,-0.0015,-0.0008,-9.7984,-0.0011,0.0010,-30.1553,0.500,0.959,0.501,0.959,3011,741,1269
1269,12.690,-0.0177,-0.0436,-1.5125,0.0035,0.0004,-9.7943,-0.0006,-0.0014,-30.1725,0.501,0.957,0.500,0.958,3013,742,1270
1270,12.700,-0.0177,-0.0436,-1.5125,0.0009,-0.0018,-9.7970,-0.0005,-0.0004,-30.2000,0.500,0.959,0.500,0.959,3016,742,1271
1271,12.710,-0.0177,-0.0438,-1.5133,-0.0029,-0.0010,-9.8026,0.0010,0.0008,-30.2162,0.500,0.959,0.500,0.958,3018,743,1272
1272,12.720,-0.0177,-0.0438,-1.5133,0.0044,-0.0064,-9.8006,-0.0003,-0.0010,-30.2350,0.500,0.959,0.500,0.960,3020,743,1273
1273,12.730,-0.0177,-0.0440,-1.5142,0.0012,-0.0017,-9.8117,0.0004,-0.0011,-30.2606,0.500,0.959,0.500,0.958,3023,744,1274
1274,12.740,-0.0177,-0.0442,-1.5150,-0.0004,0.0016,-9.8080,0.0008,0.0009,-30.2776,0.500,0.958,0.500,0.957,3025,745,1275
1275,12.750,-0.0177,-0.0442,-1.5150,0.0012,0.0013,-9.8008,0.0002,0.0016,-30.2955,0.500,0.959,0.501,0.959,3027,745,1276
1276,12.760,-0.0177,-0.0444,-1.5158,0.0019,0.0042,-9.7997,0.0008,-0.0020,-30.3225,0.502,0.957,0.500,0.958,3030,746,1277
1277,12.770,-0.0177,-0.0444,-1.5158,0.0043,-0.0002,-9.8004,-0.0012,0.0012,-30.3402,0.500,0.959,0.502,0.958,3032,746,1278
1278,12.780,-0.0177,-0.0447,-1.5167,0.0007,0.0007,-9.8016,-0.0007,0.0011,-30.3601,0.500,0.958,0.500,0.958,3034,747,1279
1279,12.790,-0.0177,-0.0447,-1.5167,-0.0024,-0.0005,-9.8051,0.0003,-0.0009,-30.3750,0.501,0.959,0.500,0.960,3036,747,1280
1280,12.800,-0.0178,-0.0449,-1.5175,0.0027,0.0006,-9.8076,0.0020,0.0016,-30.3934,0.500,0.959,0.500,0.958,3038,748,1281
1281,12.810,-0.0178,-0.0451,-1.5183,-0.0001,0.0001,-9.8085,-0.0005,-0.0001,-30.4186,0.500,0.957,0.500,0.958,3041,749,1282
1282,12.820,-0.0178,-0.0451,-1.5183,0.0025,-0.0005,-9.8013,-0.0002,0.0004,-30.4354,0.500,0.959,0.500,0.959,3043,749,1283
1283,12.830,-0.0178,-0.0453,-1.5192,-0.0036,0.0018,-9.8014,-0.0013,-0.0015,-30.4623,0.500,0.957,0.500,0.958,3046,750,1284
1284,12.840,-0.0178,-0.0453,-1.5192,-0.0019,-0.0014,-9.7988,-0.0008,0.0000,-30.4807,0.500,0.960,0.500,0.959,3048,750,1285
1285,12.850,-0.0178,-0.0455,-1.5200,-0.0019,-0.0028,-9.8033,0.0006,0.0003,-30.5001,0.500,0.958,0.500,0.958,3050,751,1286
1286,12.860,-0.0178,-0.0457,-1.5209,0.0003,-0.0012,-9.8044,0.0008,0.0017,-30.5222,0.500,0.957,0.500,0.957,3053,752,1287
1287,12.870,-0.0178,-0.0457,-1.5209,-0.0007,-0.0024,-9.7957,-0.0016,0.0005,-30.5431,0.500,0.958,0.501,0.959,3055,752,1288
1288,12.880,-0.0178,-0.0459,-1.5217,-0.0016,-0.0008,-9.7951,-0.0010,-0.0003,-30.5569,0.500,0.957,0.500,0.958,3057,753,1289
1289,12.890,-0.0178,-0.0459,-1.5217,-0.0050,-0.0003,-9.7957,-0.0004,-0.0005,-30.5740,0.500,0.959,0.500,0.959,3059,753,1290
1290,12.900,-0.0178,-0.0461,-1.5225,0.0010,0.0012,-9.7990,-0.0013,0.0005,-30.6029,0.500,0.958,0.501,0.958,3062,754,1291
1291,12.910,-0.0178,-0.0461,-1.5225,-0.0024,0.0035,-9.7984,-0.0013,0.0006,-30.6192,0.500,0.959,0.500,0.959,3064,754,1292
1292,12.920,-0.0178,-0.0463,-1.5234,0.0033,0.0000,-9.8055,-0.0007,-0.0001,-30.6442,0.500,0.958,0.500,0.958,3067,755,1293
1293,12.930,-0.0178,-0.0465,-1.5242,0.0019,0.0025,-9.8037,-0.0005,0.0012,-30.6614,0.500,0.957,0.500,0.957,3069,756,1294
1294,12.940,-0.0178,-0.0465,-1.5242,0.0067,0.0019,-9.7869,-0.0004,-0.0002,-30.6883,0.500,0.958,0.500,0.959,3072,756,1295
1295,12.950,-0.0179,-0.0467,-1.5250,0.0019,0.0003,-9.7913,0.0017,-0.0001,-30.7067,0.501,0.958,0.500,0.957,3074,757,1296
1296,12.960,-0.0179,-0.0467,-1.5250,0.0020,0.0039,-9.7907,0.0016,-0.0005,-30.7224,0.500,0.959,0.500,0.959,3076,757,1297
1297,12.970,-0.0179,-0.0470,-1.5259,0.0001,0.0009,-9.7949,0.0004,-0.0014,-30.7409,0.500,0.957,0.500,0.958,3078,758,1298
1298,12.980,-0.0179,-0.0472,-1.5267,0.0002,-0.0014,-9.7959,-0.0000,0.0004,-30.7647,0.500,0.957,0.501,0.956,3081,759,1299
1299,12.990,-0.0179,-0.0472,-1.5267,-0.0038,0.0000,-9.7887,-0.0016,-0.0013,-30.7830,0.500,0.958,0.500,0.959,3083,759,1300
1300,13.000,-0.0179,-0.0474,-1.5275,-0.0019,0.0004,-9.7844,-0.0005,0.0005,-30.7997,0.500,0.957,0.500,0.957,3085,760,1301
1301,13.010,-0.0179,-0.0474,-1.5275,-0.0044,-0.0018,-9.7830,0.0009,0.0003,-30.8262,0.501,0.959,0.500,0.958,3088,760,1302
1302,13.020,-0.0179,-0.0476,-1.5284,-0.0014,0.0013,-9.7938,0.0008,-0.0004,-30.8429,0.500,0.957,0.500,0.957,3090,761,1303
1303,13.030,-0.0179,-0.0478,-1.5292,-0.0023,0.0022,-9.7875,-0.0007,-0.0004,-30.8676,0.500,0.956,0.500,0.957,3093,762,1304
1304,13.040,-0.0179,-0.0478,-1.5292,-0.0008,0.0045,-9.7811,-0.0001,-0.0016,-30.8861,0.501,0.957,0.500,0.958,3095,762,1305
1305,13.050,-0.0179,-0.0480,-1.5300,-0.0002,-0.0011,-9.7836,-0.0006,0.0007,-30.9015,0.500,0.957,0.501,0.956,3097,763,1306
1306,13.060,-0.0179,-0.0480,-1.5300,0.0034,-0.0042,-9.7833,-0.0000,-0.0016,-30.9176,0.501,0.958,0.500,0.958,3099,763,1307
1307,13.070,-0.0179,-0.0482,-1.5308,0.0041,-0.0015,-9.7830,0.0007,0.0002,-30.9443,0.500,0.958,0.500,0.957,3102,764,1308
1308,13.080,-0.0179,-0.0482,-1.5308,0.0016,-0.0016,-9.7857,0.0010,-0.0019,-30.9621,0.501,0.958,0.500,0.959,3104,764,1309
1309,13.090,-0.0179,-0.0484,-1.5316,-0.0005,-0.0073,-9.7930,0.0011,0.0013,-30.9860,0.500,0.958,0.501,0.957,3107,765,1310
1310,13.100,-0.0179,-0.0486,-1.5324,0.0013,-0.0044,-9.7887,0.0015,0.0010,-31.0024,0.500,0.957,0.500,0.956,3109,766,1311
1311,13.110,-0.0179,-0.0486,-1.5324,0.0029,0.0006,-9.7819,-0.0009,-0.0001,-31.0218,0.500,0.958,0.500,0.959,3111,766,1312
1312,13.120,-0.0179,-0.0488,-1.5332,0.0003,-0.0003,-9.7891,-0.0002,-0.0001,-31.0470,0.500,0.957,0.500,0.957,3114,767,1313
1313,13.130,-0.0179,-0.0488,-1.5332,0.0035,0.0014,-9.7837,0.0019,-0.0009,-31.0632,0.501,0.958,0.500,0.958,3116,767,1314
1314,13.140,-0.0179,-0.0491,-1.5340,-0.0014,0.0007,-9.7928,0.0005,-0.0009,-31.0792,0.500,0.957,0.500,0.958,3118,768,1315
1315,13.150,-0.0179,-0.0491,-1.5340,-0.0033,-0.0004,-9.7867,0.0005,-0.0004,-31.0943,0.500,0.959,0.500,0.959,3120,768,1316
1316,13.160,-0.0179,-0.0493,-1.5347,-0.0002,0.0018,-9.8008,0.0011,-0.0027,-31.1134,0.501,0.957,0.500,0.958,3122,769,1317
1317,13.170,-0.0179,-0.0493,-1.5347,-0.0042,-0.0001,-9.7928,0.0001,-0.0001,-31.1322,0.500,0.959,0.501,0.959,3124,769,1318
1318,13.180,-0.0179,-0.0495,-1.5355,0.0004,-0.0023,-9.8050,0.0009,0.0008,-31.1551,0.500,0.959,0.500,0.958,3127,770,1319
1319,13.190,-0.0179,-0.0497,-1.5363,-0.0022,-0.0005,-9.8003,0.0002,0.0008,-31.1724,0.500,0.957,0.500,0.957,3129,771,1320
1320,13.200,-0.0179,-0.0497,-1.5363,-0.0026,-0.0019,-9.7982,-0.0013,0.0003,-31.1887,0.500,0.958,0.500,0.959,3131,771,1321
1321,13.210,-0.0179,-0.0499,-1.5371,0.0027,-0.0031,-9.7941,0.0002,0.0004,-31.2140,0.500,0.958,0.500,0.957,3134,772,1322
1322,13.220,-0.0179,-0.0499,-1.5371,0.0002,-0.0007,-9.7959,0.0004,-0.0005,-31.2303,0.500,0.959,0.500,0.959,3136,772,1323
1323,13.230,-0.0179,-0.0501,-1.5378,0.0001,-0.0023,-9.8008,-0.0005,0.0007,-31.2546,0.500,0.958,0.501,0.958,3139,773,1324
1324,13.240,-0.0179,-0.0503,-1.5386,0.0056,-0.0011,-9.8007,0.0000,0.0009,-31.2724,0.500,0.957,0.500,0.957,3141,774,1325
1325,13.250,-0.0179,-0.0503,-1.5386,-0.0012,-0.0020,-9.7900,-0.0002,0.0011,-31.2896,0.500,0.959,0.500,0.958,3143,774,1326
1326,13.260,-0.0179,-0.0505,-1.5394,-0.0022,-0.0018,-9.7948,0.0001,-0.0001,-31.3129,0.500,0.957,0.500,0.958,3146,775,1327
1327,13.270,-0.0179,-0.0505,-1.5394,0.0014,-0.0014,-9.7933,-0.0018,-0.0001,-31.3299,0.500,0.958,0.501,0.959,3148,775,1328
1328,13.280,-0.0179,-0.0507,-1.5402,-0.0003,-0.0021,-9.7974,-0.0003,-0.0008,-31.3474,0.501,0.958,0.500,0.958,3150,776,1329
1329,13.290,-0.0179,-0.0510,-1.5409,0.0011,-0.0012,-9.7926,-0.0004,0.0003,-31.3728,0.500,0.957,0.500,0.957,3153,777,1330
1330,13.300,-0.0179,-0.0510,-1.5409,-0.0015,0.0021,-9.7909,-0.0002,-0.0014,-31.3874,0.501,0.958,0.500,0.958,3155,777,1331
1331,13.310,-0.0179,-0.0512,-1.5417,0.0026,-0.0003,-9.7911,0.0031,-0.0010,-31.4051,0.501,0.957,0.500,0.956,3157,778,1332
1332,13.320,-0.0179,-0.0512,-1.5417,-0.0055,0.0001,-9.7869,0.0005,-0.0004,-31.4206,0.500,0.958,0.501,0.959,3159,778,1333
1333,13.330,-0.0179,-0.0514,-1.5425,-0.0011,0.0013,-9.7941,0.0011,0.0009,-31.4463,0.500,0.958,0.500,0.957,3162,779,1334
1334,13.340,-0.0179,-0.0514,-1.5425,-0.0025,0.0014,-9.7925,0.0013,0.0006,-31.4636,0.500,0.959,0.500,0.959,3164,779,1335
1335,13.350,-0.0179,-0.0516,-1.5432,-0.0000,-0.0001,-9.8027,0.0013,0.0001,-31.4879,0.500,0.958,0.500,0.958,3167,780,1336
1336,13.360,-0.0179,-0.0518,-1.5440,-0.0026,-0.0034,-9.8031,0.0007,0.0002,-31.5039,0.500,0.957,0.500,0.957,3169,781,1337
1337,13.370,-0.0179,-0.0518,-1.5440,-0.0043,0.0006,-9.7924,-0.0011,-0.0002,-31.5295,0.500,0.958,0.500,0.959,3172,781,1338
1338,13.380,-0.0179,-0.0520,-1.5447,-0.0011,-0.0020,-9.7942,-0.0011,-0.0004,-31.5452,0.500,0.958,0.500,0.958,3174,782,1339
1339,13.390,-0.0179,-0.0520,-1.5447,0.0010,-0.0031,-9.7907,0.0003,-0.0009,-31.5615,0.501,0.959,0.500,0.959,3176,782,1340
1340,13.400,-0.0179,-0.0522,-1.5455,0.0014,-0.0028,-9.7944,-0.0018,-0.0003,-31.5794,0.500,0.957,0.501,0.958,3178,783,1341
1341,13.410,-0.0179,-0.0524,-1.5462,-0.0010,0.0023,-9.7931,0.0007,0.0011,-31.6032,0.500,0.958,0.500,0.956,3181,784,1342
1342,13.420,-0.0179,-0.0524,-1.5462,0.0036,0.0006,-9.7870,-0.0001,-0.0008,-31.6183,0.500,0.958,0.500,0.959,3183,784,1343
1343,13.430,-0.0179,-0.0526,-1.5470,0.0006,-0.0010,-9.7912,0.0004,0.0001,-31.6442,0.500,0.958,0.500,0.957,3186,785,1344
1344,13.440,-0.0179,-0.0526,-1.5470,0.0029,0.0001,-9.7884,0.0007,-0.0007,-31.6589,0.501,0.959,0.500,0.959,3188,785,1345
1345,13.450,-0.0179,-0.0529,-1.5477,-0.0005,-0.0011,-9.7957,0.0022,0.0000,-31.6756,0.501,0.958,0.500,0.957,3190,786,1346
1346,13.460,-0.0179,-0.0531,-1.5485,-0.0011,0.0019,-9.7895,0.0004,0.0003,-31.7026,0.500,0.957,0.501,0.957,3193,787,1347
1347,13.470,-0.0179,-0.0531,-1.5485,-0.0035,0.0012,-9.7881,0.0012,0.0003,-31.7169,0.500,0.958,0.500,0.958,3195,787,1348
1348,13.480,-0.0179,-0.0533,-1.5492,-0.0010,0.0016,-9.7849,0.0005,0.0005,-31.7331,0.500,0.957,0.500,0.957,3197,788,1349
1349,13.490,-0.0179,-0.0533,-1.5492,-0.0051,0.0011,-9.7869,0.0005,-0.0009,-31.7580,0.501,0.958,0.500,0.959,3200,788,1350
1350,13.500,-0.0179,-0.0535,-1.5499,-0.0038,0.0046,-9.7930,0.0003,-0.0003,-31.7742,0.500,0.958,0.500,0.958,3202,789,1351
1351,13.510,-0.0179,-0.0535,-1.5499,0.0015,0.0033,-9.7958,-0.0012,0.0004,-31.7891,0.500,0.959,0.501,0.959,3204,789,1352
1352,13.520,-0.0179,-0.0537,-1.5507,-0.0016,-0.0018,-9.7961,0.0011,0.0006,-31.8059,0.501,0.958,0.500,0.957,3206,790,1353
1353,13.530,-0.0179,-0.0539,-1.5514,-0.0007,-0.0016,-9.7995,0.0021,0.0004,-31.8312,0.501,0.957,0.500,0.957,3209,791,1354
1354,13.540,-0.0179,-0.0539,-1.5514,0.0002,-0.0004,-9.7897,-0.0004,0.0001,-31.8468,0.500,0.958,0.501,0.959,3211,791,1355
1355,13.550,-0.0179,-0.0541,-1.5521,-0.0018,-0.0011,-9.7911,0.0013,-0.0003,-31.8628,0.501,0.958,0.500,0.957,3213,792,1356
1356,13.560,-0.0179,-0.0541,-1.5521,-0.0077,-0.0023,-9.7927,-0.0002,0.0003,-31.8797,0.500,0.959,0.501,0.959,3215,792,1357
1357,13.570,-0.0179,-0.0543,-1.5528,0.0028,-0.0027,-9.7974,0.0003,-0.0000,-31.9032,0.500,0.958,0.500,0.958,3218,793,1358
1358,13.580,-0.0179,-0.0543,-1.5528,0.0006,-0.0010,-9.7936,-0.0002,0.0015,-31.9191,0.500,0.959,0.501,0.959,3220,793,1359
1359,13.590,-0.0179,-0.0545,-1.5536,0.0018,-0.0009,-9.8011,0.0000,0.0014,-31.9446,0.500,0.959,0.500,0.958,3223,794,1360
1360,13.600,-0.0179,-0.0547,-1.5543,0.0031,0.0010,-9.8079,0.0011,-0.0003,-31.9604,0.501,0.957,0.500,0.957,3225,795,1361
1361,13.610,-0.0179,-0.0547,-1.5543,0.0023,-0.0020,-9.7973,-0.0004,-0.0008,-31.9747,0.500,0.958,0.500,0.959,3227,795,1362
1362,13.620,-0.0179,-0.0549,-1.5550,-0.0009,0.0032,-9.7970,-0.0014,0.0004,-31.9931,0.500,0.958,0.501,0.958,3229,796,1363
1363,13.630,-0.0179,-0.0549,-1.5550,0.0004,0.0042,-9.7960,0.0004,-0.0003,-32.0155,0.501,0.959,0.500,0.959,3232,796,1364
1364,13.640,-0.0179,-0.0552,-1.5557,-0.0015,-0.0005,-9.7999,0.0002,-0.0007,-32.0298,0.500,0.958,0.500,0.958,3234,797,1365
1365,13.650,-0.0179,-0.0554,-1.5565,0.0016,0.0020,-9.7980,0.0003,-0.0005,-32.0555,0.500,0.957,0.500,0.957,3237,798,1366
1366,13.660,-0.0179,-0.0554,-1.5565,-0.0048,0.0009,-9.7939,-0.0002,0.0009,-32.0707,0.500,0.959,0.501,0.958,3239,798,1367
1367,13.670,-0.0179,-0.0556,-1.5572,-0.0031,0.0014,-9.7908,0.0003,0.0003,-32.0871,0.500,0.958,0.500,0.958,3241,799,1368
1368,13.680,-0.0179,-0.0556,-1.5572,-0.0012,-0.0017,-9.7949,-0.0006,0.0009,-32.1023,0.500,0.959,0.501,0.959,3243,799,1369
1369,13.690,-0.0178,-0.0558,-1.5579,-0.0001,0.0030,-9.7964,-0.0009,0.0008,-32.1273,0.500,0.958,0.500,0.958,3246,800,1370
1370,13.700,-0.0178,-0.0558,-1.5579,0.0005,-0.0005,-9.7952,-0.0002,0.0001,-32.1452,0.500,0.959,0.500,0.959,3248,800,1371
1371,13.710,-0.0178,-0.0560,-1.5586,-0.0041,0.0002,-9.8042,-0.0000,-0.0007,-32.1583,0.500,0.958,0.500,0.958,3250,801,1372
1372,13.720,-0.0178,-0.0560,-1.5586,0.0006,0.0027,-9.8062,0.0020,-0.0007,-32.1754,0.501,0.960,0.500,0.959,3252,801,1373
1373,13.730,-0.0178,-0.0562,-1.5593,-0.0000,0.0006,-9.8086,-0.0016,-0.0021,-32.1990,0.500,0.958,0.501,0.959,3255,802,1374
1374,13.740,-0.0178,-0.0564,-1.5600,0.0027,-0.0048,-9.8058,-0.0012,-0.0005,-32.2146,0.500,0.958,0.500,0.957,3257,803,1375
1375,13.750,-0.0178,-0.0564,-1.5600,-0.0005,-0.0010,-9.8020,-0.0022,0.0007,-32.2314,0.500,0.959,0.501,0.959,3259,803,1376
1376,13.760,-0.0178,-0.0566,-1.5608,0.0017,0.0015,-9.7993,0.0001,-0.0006,-32.2556,0.501,0.958,0.500,0.957,3262,804,1377
1377,13.770,-0.0178,-0.0566,-1.5608,0.0005,0.0000,-9.7985,0.0026,0.0002,-32.2703,0.501,0.960,0.500,0.958,3264,804,1378
1378,13.780,-0.0178,-0.0568,-1.5615,-0.0014,0.0014,-9.8041,0.0024,0.0001,-32.2879,0.500,0.958,0.500,0.958,3266,805,1379
1379,13.790,-0.0178,-0.0570,-1.5622,0.0013,-0.0025,-9.8002,-0.0003,-0.0006,-32.3110,0.500,0.957,0.500,0.958,3269,806,1380
1380,13.800,-0.0178,-0.0570,-1.5622,-0.0021,0.0072,-9.7939,-0.0013,-0.0001,-32.3258,0.500,0.958,0.501,0.959,3271,806,1381
1381,13.810,-0.0178,-0.0572,-1.5629,-0.0000,0.0030,-9.7949,0.0000,-0.0016,-32.3407,0.501,0.957,0.500,0.957,3273,807,1382
1382,13.820,-0.0178,-0.0572,-1.5629,-0.0012,0.0001,-9.7894,0.0003,0.0004,-32.3648,0.500,0.959,0.500,0.958,3276,807,1383
1383,13.830,-0.0178,-0.0574,-1.5636,-0.0004,0.0002,-9.7939,-0.0012,0.0016,-32.3815,0.500,0.958,0.501,0.958,3278,808,1384
1384,13.840,-0.0178,-0.0574,-1.5636,-0.0016,0.0010,-9.7925,-0.0001,0.0010,-32.3964,0.500,0.959,0.500,0.959,3280,808,1385
1385,13.850,-0.0178,-0.0576,-1.5644,-0.0043,0.0018,-9.8065,-0.0001,-0.0003,-32.4198,0.500,0.958,0.500,0.958,3283,809,1386
1386,13.860,-0.0177,-0.0579,-1.5651,0.0026,-0.0022,-9.7994,-0.0011,-0.0020,-32.4373,0.500,0.957,0.500,0.958,3285,810,1387
1387,13.870,-0.0177,-0.0579,-1.5651,-0.0002,-0.0014,-9.7962,-0.0005,-0.0008,-32.4529,0.500,0.959,0.500,0.959,3287,810,1388
1388,13.880,-0.0177,-0.0581,-1.5658,0.0025,0.0004,-9.7971,-0.0013,-0.0013,-32.4763,0.500,0.957,0.500,0.958,3290,811,1389
1389,13.890,-0.0177,-0.0581,-1.5658,0.0002,-0.0020,-9.7941,0.0001,0.0003,-32.4902,0.500,0.959,0.500,0.959,3292,811,1390
1390,13.900,-0.0177,-0.0583,-1.5665,-0.0055,-0.0000,-9.8002,0.0010,0.0011,-32.5123,0.500,0.958,0.500,0.958,3295,812,1391
1391,13.910,-0.0177,-0.0585,-1.5672,-0.0019,-0.0006,-9.7982,-0.0007,0.0002,-32.5297,0.500,0.957,0.500,0.957,3297,813,1392
1392,13.920,-0.0177,-0.0585,-1.5672,0.0024,-0.0029,-9.7915,0.0000,0.0011,-32.5443,0.500,0.959,0.500,0.958,3299,813,1393
1393,13.930,-0.0177,-0.0587,-1.5679,-0.0001,-0.0007,-9.7922,0.0004,-0.0005,-32.5622,0.501,0.957,0.500,0.957,3301,814,1394
1394,13.940,-0.0177,-0.0587,-1.5679,0.0013,0.0014,-9.7858,-0.0013,-0.0010,-32.5769,0.500,0.958,0.500,0.959,3303,814,1395
1395,13.950,-0.0177,-0.0589,-1.5686,0.0052,0.0052,-9.7950,-0.0013,-0.0000,-32.5981,0.500,0.958,0.500,0.958,3306,815,1396
1396,13.960,-0.0177,-0.0589,-1.5686,0.0043,0.0008,-9.7893,-0.0019,0.0010,-32.6135,0.500,0.959,0.501,0.959,3308,815,1397
1397,13.970,-0.0177,-0.0591,-1.5693,-0.0035,0.0020,-9.7924,0.0001,-0.0001,-32.6300,0.501,0.958,0.500,0.957,3310,816,1398
1398,13.980,-0.0177,-0.0591,-1.5693,-0.0032,0.0011,-9.7977,-0.0004,0.0012,-32.6481,0.500,0.959,0.501,0.959,3312,816,1399
1399,13.990,-0.0176,-0.0593,-1.5700,-0.0003,0.0009,-9.7970,0.0020,0.0002,-32.6607,0.501,0.958,0.500,0.957,3314,817,1400
1400,14.000,-0.0176,-0.0595,-1.5707,-0.0005,-0.0011,-9.8008,0.0009,0.0008,-32.6842,0.500,0.957,0.500,0.957,3317,818,1401
1401,14.010,-0.0176,-0.0595,-1.5707,-0.0030,-0.0021,-9.7925,-0.0013,-0.0006,-32.6994,0.500,0.958,0.500,0.959,3319,818,1402
1402,14.020,-0.0176,-0.0597,-1.5714,-0.0041,0.0036,-9.7964,0.0003,-0.0002,-32.7237,0.500,0.958,0.500,0.957,3322,819,1403
1403,14.030,-0.0176,-0.0597,-1.5714,-0.0015,-0.0024,-9.7929,0.0001,-0.0003,-32.7361,0.500,0.959,0.500,0.959,3324,819,1404
1404,14.040,-0.0176,-0.0599,-1.5721,-0.0032,0.0015,-9.7967,-0.0006,0.0009,-32.7526,0.500,0.958,0.501,0.958,3326,820,1405
1405,14.050,-0.0176,-0.0599,-1.5721,-0.0020,0.0028,-9.7987,-0.0001,0.0007,-32.7694,0.500,0.959,0.500,0.959,3328,820,1406
1406,14.060,-0.0176,-0.0601,-1.5728,-0.0030,0.0003,-9.8034,0.0001,-0.0004,-32.7923,0.500,0.958,0.500,0.958,3331,821,1407
1407,14.070,-0.0176,-0.0603,-1.5735,-0.0014,-0.0016,-9.8000,0.0012,-0.0014,-32.8078,0.501,0.957,0.500,0.957,3333,822,1408
1408,14.080,-0.0176,-0.0603,-1.5735,-0.0029,-0.0009,-9.7923,0.0003,-0.0007,-32.8233,0.500,0.958,0.500,0.959,3335,822,1409
1409,14.090,-0.0175,-0.0605,-1.5742,0.0013,-0.0025,-9.7984,0.0003,0.0003,-32.8454,0.500,0.958,0.500,0.957,3338,823,1410
1410,14.100,-0.0175,-0.0605,-1.5742,0.0040,-0.0011,-9.7921,-0.0006,-0.0011,-32.8613,0.500,0.958,0.500,0.959,3340,823,1411
1411,14.110,-0.0175,-0.0607,-1.5749,-0.0001,-0.0004,-9.8004,0.0002,-0.0012,-32.8809,0.500,0.958,0.500,0.958,3343,824,1412
1412,14.120,-0.0175,-0.0610,-1.5756,0.0025,-0.0030,-9.7966,0.0013,-0.0008,-32.8993,0.501,0.957,0.500,0.957,3345,825,1413
1413,14.130,-0.0175,-0.0610,-1.5756,0.0021,0.0018,-9.7884,0.0012,0.0001,-32.9216,0.500,0.959,0.500,0.958,3348,825,1414
1414,14.140,-0.0175,-0.0612,-1.5763,0.0024,0.0028,-9.7870,-0.0001,-0.0008,-32.9354,0.500,0.957,0.500,0.958,3350,826,1415
1415,14.150,-0.0175,-0.0612,-1.5763,-0.0006,0.0004,-9.7870,0.0002,0.0001,-32.9520,0.500,0.959,0.500,0.958,3352,826,1416
1416,14.160,-0.0175,-0.0614,-1.5769,0.0012,0.0008,-9.7916,-0.0004,-0.0002,-32.9666,0.500,0.958,0.500,0.958,3354,827,1417
1417,14.170,-0.0174,-0.0616,-1.5776,-0.0008,0.0011,-9.7924,-0.0002,-0.0014,-32.9900,0.501,0.956,0.500,0.957,3357,828,1418
1418,14.180,-0.0174,-0.0616,-1.5776,-0.0000,-0.0004,-9.7845,0.0005,0.0005,-33.0050,0.500,0.958,0.500,0.958,3359,828,1419
1419,14.190,-0.0174,-0.0618,-1.5783,0.0029,0.0026,-9.7893,0.0002,0.0006,-33.0279,0.500,0.957,0.500,0.957,3362,829,1420
1420,14.200,-0.0174,-0.0618,-1.5783,-0.0015,-0.0025,-9.7818,0.0002,-0.0000,-33.0420,0.500,0.958,0.500,0.958,3364,829,1421
1421,14.210,-0.0174,-0.0620,-1.5789,-0.0002,-0.0015,-9.7875,-0.0004,0.0009,-33.0672,0.500,0.957,0.501,0.957,3367,830,1422
1422,14.220,-0.0174,-0.0622,-1.5796,-0.0017,-0.0007,-9.7883,-0.0009,0.0005,-33.0793,0.500,0.957,0.500,0.957,3369,831,1423
1423,14.230,-0.0174,-0.0622,-1.5796,0.0028,-0.0043,-9.7848,-0.0013,0.0014,-33.1017,0.500,0.958,0.501,0.958,3372,831,1424
1424,14.240,-0.0174,-0.0624,-1.5803,0.0025,-0.0022,-9.7839,0.0002,-0.0006,-33.1173,0.501,0.957,0.500,0.957,3374,832,1425
1425,14.250,-0.0174,-0.0624,-1.5803,0.0046,0.0004,-9.7869,0.0013,0.0029,-33.1328,0.500,0.959,0.501,0.957,3376,832,1426
1426,14.260,-0.0173,-0.0626,-1.5809,0.0017,0.0037,-9.7841,-0.0004,0.0005,-33.1477,0.500,0.957,0.500,0.958,3378,833,1427
1427,14.270,-0.0173,-0.0628,-1.5816,-0.0005,-0.0004,-9.7854,-0.0011,-0.0002,-33.1704,0.500,0.957,0.500,0.957,3381,834,1428
1428,14.280,-0.0173,-0.0628,-1.5816,0.0051,-0.0004,-9.7831,-0.0008,0.0008,-33.1847,0.500,0.958,0.500,0.958,3383,834,1429
1429,14.290,-0.0173,-0.0630,-1.5822,0.0019,0.0035,-9.7843,0.0007,0.0011,-33.2077,0.500,0.958,0.500,0.957,3386,835,1430
1430,14.300,-0.0173,-0.0630,-1.5822,0.0025,0.0017,-9.7829,0.0002,0.0013,-33.2225,0.500,0.958,0.500,0.958,3388,835,1431
1431,14.310,-0.0173,-0.0632,-1.5828,-0.0039,0.0001,-9.7856,0.0001,0.0012,-33.2351,0.500,0.958,0.500,0.958,3390,836,1432
1432,14.320,-0.0172,-0.0634,-1.5834,0.0007,-0.0005,-9.7852,-0.0009,0.0005,-33.2586,0.500,0.957,0.500,0.957,3393,837,1433
1433,14.330,-0.0172,-0.0634,-1.5834,0.0022,-0.0007,-9.7837,0.0004,0.0010,-33.2740,0.500,0.959,0.500,0.958,3395,837,1434
1434,14.340,-0.0172,-0.0636,-1.5841,-0.0027,0.0030,-9.7851,-0.0009,-0.0012,-33.2961,0.500,0.957,0.500,0.958,3398,838,1435
1435,14.350,-0.0172,-0.0636,-1.5841,-0.0035,0.0029,-9.7886,-0.0007,-0.0001,-33.3105,0.500,0.959,0.500,0.958,3400,838,1436
1436,14.360,-0.0172,-0.0638,-1.5847,0.0021,-0.0019,-9.7909,0.0012,-0.0001,-33.3282,0.501,0.958,0.500,0.957,3402,839,1437
1437,14.370,-0.0172,-0.0640,-1.5853,-0.0022,-0.0054,-9.7889,0.0001,-0.0001,-33.3473,0.500,0.957,0.500,0.957,3405,840,1438
1438,14.380,-0.0172,-0.0640,-1.5853,-0.0017,0.0003,-9.7871,0.0015,-0.0002,-33.3618,0.501,0.958,0.500,0.958,3407,840,1439
1439,14.390,-0.0171,-0.0642,-1.5859,0.0017,-0.0013,-9.7895,0.0006,0.0018,-33.3784,0.500,0.958,0.501,0.957,3409,841,1440
1440,14.400,-0.0171,-0.0642,-1.5859,0.0030,-0.0016,-9.7925,-0.0002,-0.0008,-33.3919,0.501,0.958,0.500,0.959,3411,841,1441
1441,14.410,-0.0171,-0.0644,-1.5865,0.0002,-0.0006,-9.7959,0.0000,0.0023,-33.4136,0.500,0.958,0.501,0.957,3414,842,1442
1442,14.420,-0.0171,-0.0644,-1.5865,0.0035,0.0013,-9.7926,0.0001,0.0006,-33.4300,0.500,0.959,0.500,0.959,3416,842,1443
1443,14.430,-0.0171,-0.0646,-1.5871,-0.0004,0.0009,-9.7993,-0.0006,0.0007,-33.4426,0.500,0.958,0.500,0.958,3418,843,1444
1444,14.440,-0.0171,-0.0646,-1.5871,0.0028,-0.0008,-9.8021,0.0019,-0.0001,-33.4589,0.501,0.959,0.500,0.959,3420,843,1445
1445,14.450,-0.0171,-0.0648,-1.5877,0.0041,0.0027,-9.8072,-0.0010,-0.0003,-33.4797,0.500,0.958,0.501,0.959,3423,844,1446
1446,14.460,-0.0170,-0.0650,-1.5883,0.0024,0.0000,-9.8073,0.0003,-0.0018,-33.4963,0.501,0.958,0.500,0.958,3425,845,1447
1447,14.470,-0.0170,-0.0650,-1.5883,-0.0033,0.0008,-9.7978,-0.0004,0.0018,-33.5178,0.500,0.959,0.501,0.958,3428,845,1448
1448,14.480,-0.0170,-0.0652,-1.5889,-0.0015,0.0015,-9.8005,0.0005,0.0007,-33.5328,0.501,0.958,0.500,0.958,3430,846,1449
1449,14.490,-0.0170,-0.0652,-1.5889,0.0000,0.0010,-9.8026,0.0012,-0.0009,-33.5467,0.501,0.959,0.500,0.959,3432,846,1450
1450,14.500,-0.0170,-0.0654,-1.5895,-0.0021,0.0032,-9.8041,0.0005,-0.0007,-33.5617,0.500,0.959,0.500,0.959,3434,847,1451
1451,14.510,-0.0169,-0.0656,-1.5901,-0.0065,-0.0000,-9.8107,-0.0013,0.0008,-33.5835,0.500,0.957,0.501,0.958,3437,848,1452
1452,14.520,-0.0169,-0.0656,-1.5901,0.0004,-0.0002,-9.8034,-0.0011,0.0018,-33.5970,0.500,0.959,0.501,0.959,3439,848,1453
1453,14.530,-0.0169,-0.0658,-1.5907,-0.0009,-0.0006,-9.8025,-0.0017,0.0016,-33.6127,0.500,0.958,0.501,0.958,3441,849,1454
1454,14.540,-0.0169,-0.0658,-1.5907,0.0033,-0.0025,-9.8019,-0.0020,0.0010,-33.6346,0.500,0.959,0.500,0.960,3444,849,1455
1455,14.550,-0.0169,-0.0660,-1.5913,-0.0009,0.0022,-9.8089,0.0016,-0.0012,-33.6503,0.502,0.958,0.500,0.958,3446,850,1456
1456,14.560,-0.0169,-0.0662,-1.5919,0.0010,-0.0021,-9.8091,0.0021,0.0001,-33.6724,0.500,0.958,0.500,0.958,3449,851,1457
1457,14.570,-0.0169,-0.0662,-1.5919,0.0026,0.0013,-9.8065,-0.0005,-0.0001,-33.6849,0.500,0.958,0.501,0.959,3451,851,1458
1458,14.580,-0.0168,-0.0664,-1.5925,0.0012,-0.0018,-9.8027,-0.0019,0.0013,-33.7067,0.500,0.958,0.501,0.958,3454,852,1459
1459,14.590,-0.0168,-0.0664,-1.5925,0.0011,0.0013,-9.7972,-0.0014,0.0011,-33.7216,0.500,0.959,0.500,0.959,3456,852,1460
1460,14.600,-0.0168,-0.0666,-1.5931,0.0004,-0.0003,-9.8033,0.0010,0.0009,-33.7356,0.501,0.959,0.500,0.958,3458,853,1461
1461,14.610,-0.0168,-0.0668,-1.5937,-0.0011,0.0028,-9.8021,-0.0007,0.0020,-33.7584,0.500,0.957,0.501,0.957,3461,854,1462
1462,14.620,-0.0168,-0.0668,-1.5937,-0.0025,-0.0022,-9.7971,-0.0000,-0.0005,-33.7723,0.501,0.958,0.500,0.959,3463,854,1463
1463,14.630,-0.0167,-0.0670,-1.5944,-0.0013,0.0035,-9.7989,0.0004,-0.0004,-33.7870,0.500,0.958,0.500,0.958,3465,855,1464
1464,14.640,-0.0167,-0.0670,-1.5944,-0.0036,-0.0012,-9.7994,-0.0002,-0.0018,-33.8092,0.500,0.959,0.500,0.959,3468,855,1465
1465,14.650,-0.0167,-0.0672,-1.5950,0.0002,0.0005,-9.7965,0.0021,0.0009,-33.8209,0.500,0.959,0.500,0.958,3470,856,1466
1466,14.660,-0.0167,-0.0672,-1.5950,-0.0044,0.0009,-9.8027,0.0004,0.0008,-33.8382,0.500,0.959,0.500,0.959,3472,856,1467
1467,14.670,-0.0167,-0.0674,-1.5956,-0.0003,0.0026,-9.8079,0.0015,-0.0012,-33.8593,0.501,0.958,0.500,0.958,3475,857,1468
1468,14.680,-0.0166,-0.0676,-1.5962,-0.0006,-0.0006,-9.8074,-0.0008,-0.0008,-33.8737,0.500,0.957,0.501,0.958,3477,858,1469
1469,14.690,-0.0166,-0.0676,-1.5962,0.0011,-0.0024,-9.8008,0.0004,-0.0010,-33.8893,0.501,0.959,0.500,0.959,3479,858,1470
1470,14.700,-0.0166,-0.0678,-1.5968,0.0017,-0.0007,-9.8016,-0.0003,0.0003,-33.9084,0.500,0.958,0.501,0.958,3482,859,1471
1471,14.710,-0.0166,-0.0678,-1.5968,0.0019,-0.0000,-9.8032,-0.0004,0.0010,-33.9245,0.500,0.959,0.500,0.959,3484,859,1472
1472,14.720,-0.0166,-0.0680,-1.5974,0.0005,0.0013,-9.8032,0.0005,0.0002,-33.9382,0.501,0.958,0.500,0.958,3486,860,1473
1473,14.730,-0.0166,-0.0680,-1.5974,0.0037,0.0006,-9.8018,0.0033,-0.0004,-33.9539,0.501,0.959,0.500,0.958,3488,860,1474
1474,14.740,-0.0165,-0.0682,-1.5980,0.0022,-0.0025,-9.8004,-0.0016,-0.0004,-33.9670,0.500,0.957,0.501,0.959,3490,861,1475
1475,14.750,-0.0165,-0.0684,-1.5987,0.0013,0.0009,-9.8013,-0.0019,0.0009,-33.9878,0.500,0.957,0.501,0.957,3493,862,1476
1476,14.760,-0.0165,-0.0684,-1.5987,0.0002,-0.0038,-9.7940,-0.0021,-0.0018,-34.0019,0.501,0.958,0.500,0.959,3495,862,1477
1477,14.770,-0.0164,-0.0686,-1.5993,-0.0010,0.0000,-9.7970,0.0000,-0.0003,-34.0182,0.500,0.958,0.500,0.957,3497,863,1478
1478,14.780,-0.0164,-0.0686,-1.5993,-0.0031,0.0013,-9.7958,0.0001,0.0017,-34.0318,0.500,0.959,0.501,0.958,3499,863,1479
1479,14.790,-0.0164,-0.0688,-1.5999,-0.0051,0.0013,-9.8005,0.0003,-0.0007,-34.0511,0.501,0.958,0.500,0.958,3502,864,1480
1480,14.800,-0.0164,-0.0688,-1.5999,-0.0020,0.0025,-9.8015,0.0023,0.0004,-34.0671,0.501,0.960,0.500,0.958,3504,864,1481
1481,14.810,-0.0164,-0.0690,-1.6005,-0.0007,0.0015,-9.8081,0.0006,-0.0007,-34.0877,0.500,0.958,0.500,0.959,3507,865,1482
1482,14.820,-0.0163,-0.0692,-1.6011,-0.0008,-0.0023,-9.8014,-0.0003,-0.0001,-34.1009,0.500,0.957,0.500,0.958,3509,866,1483
1483,14.830,-0.0163,-0.0692,-1.6011,0.0019,0.0003,-9.7992,-0.0024,0.0006,-34.1146,0.500,0.958,0.501,0.958,3511,866,1484
1484,14.840,-0.0163,-0.0694,-1.6018,0.0001,-0.0060,-9.7962,-0.0000,-0.0006,-34.1380,0.501,0.958,0.500,0.957,3514,867,1485
1485,14.850,-0.0163,-0.0694,-1.6018,0.0021,-0.0002,-9.7930,0.0015,0.0012,-34.1504,0.500,0.960,0.500,0.958,3516,867,1486
1486,14.860,-0.0163,-0.0696,-1.6024,-0.0004,-0.0012,-9.8001,0.0014,0.0013,-34.1730,0.500,0.958,0.500,0.958,3519,868,1487
1487,14.870,-0.0162,-0.0698,-1.6030,0.0001,-0.0034,-9.7990,-0.0011,-0.0005,-34.1859,0.500,0.957,0.500,0.958,3521,869,1488
1488,14.880,-0.0162,-0.0698,-1.6030,-0.0014,-0.0051,-9.7913,-0.0011,0.0003,-34.2067,0.500,0.958,0.500,0.958,3524,869,1489
1489,14.890,-0.0162,-0.0700,-1.6036,-0.0004,0.0005,-9.7884,-0.0014,-0.0004,-34.2195,0.500,0.957,0.500,0.958,3526,870,1490
1490,14.900,-0.0162,-0.0700,-1.6036,0.0018,-0.0048,-9.7927,-0.0011,0.0018,-34.2354,0.500,0.959,0.501,0.958,3528,870,1491
1491,14.910,-0.0161,-0.0702,-1.6042,0.0002,-0.0012,-9.7887,-0.0002,0.0004,-34.2475,0.501,0.958,0.500,0.958,3530,871,1492
1492,14.920,-0.0161,-0.0702,-1.6042,0.0026,-0.0004,-9.7894,-0.0001,0.0001,-34.2627,0.500,0.959,0.500,0.959,3532,871,1493
1493,14.930,-0.0161,-0.0704,-1.6048,0.0038,-0.0019,-9.8010,0.0005,0.0001,-34.2832,0.500,0.958,0.500,0.958,3535,872,1494
1494,14.940,-0.0161,-0.0706,-1.6054,-0.0027,-0.0038,-9.7976,0.0003,0.0006,-34.2975,0.500,0.957,0.500,0.957,3537,873,1495
1495,14.950,-0.0161,-0.0706,-1.6054,-0.0014,0.0009,-9.7941,0.0010,-0.0005,-34.3106,0.501,0.958,0.500,0.958,3539,873,1496
1496,14.960,-0.0160,-0.0708,-1.6060,-0.0013,0.0001,-9.7895,0.0000,0.0009,-34.3337,0.500,0.957,0.501,0.957,3542,874,1497
1497,14.970,-0.0160,-0.0708,-1.6060,0.0001,0.0000,-9.7924,-0.0005,-0.0007,-34.3459,0.500,0.958,0.500,0.959,3544,874,1498
1498,14.980,-0.0160,-0.0710,-1.6066,-0.0022,0.0013,-9.7906,0.0009,-0.0012,-34.3611,0.501,0.958,0.500,0.957,3546,875,1499
1499,14.990,-0.0159,-0.0712,-1.6072,-0.0019,-0.0039,-9.7910,-0.0001,0.0018,-34.3801,0.500,0.957,0.501,0.956,3549,876,1500
1500,15.000,-0.0159,-0.0712,-1.6072,-0.0003,0.0007,-9.7879,0.0023,-0.0011,-34.3924,0.502,0.957,0.500,0.957,3551,876,1501
1501,15.010,-0.0159,-0.0713,-1.6078,-0.0007,-0.0008,-9.7891,0.0007,-0.0005,-34.4067,0.500,0.957,0.500,0.957,3553,877,1502
1502,15.020,-0.0159,-0.0713,-1.6078,0.0002,-0.0011,-9.7811,0.0007,-0.0003,-34.4228,0.500,0.959,0.500,0.958,3555,877,1503
1503,15.030,-0.0158,-0.0715,-1.6084,-0.0001,-0.0007,-9.7895,0.0017,0.0017,-34.4439,0.500,0.958,0.500,0.957,3558,878,1504
1504,15.040,-0.0158,-0.0715,-1.6084,0.0051,-0.0004,-9.7917,0.0005,0.0020,-34.4557,0.500,0.959,0.501,0.958,3560,878,1505
1505,15.050,-0.0158,-0.0717,-1.6090,0.0011,-0.0015,-9.7964,-0.0019,-0.0001,-34.4698,0.500,0.957,0.500,0.959,3562,879,1506
1506,15.060,-0.0157,-0.0719,-1.6095,0.0011,0.0001,-9.7945,-0.0020,-0.0014,-34.4926,0.500,0.957,0.500,0.958,3565,880,1507
1507,15.070,-0.0157,-0.0719,-1.6095,-0.0004,-0.0006,-9.7875,-0.0006,-0.0011,-34.5047,0.500,0.958,0.500,0.958,3567,880,1508
1508,15.080,-0.0157,-0.0721,-1.6101,0.0024,0.0028,-9.7918,-0.0002,-0.0002,-34.5191,0.500,0.958,0.500,0.957,3569,881,1509
1509,15.090,-0.0157,-0.0721,-1.6101,-0.0019,0.0001,-9.7876,0.0022,-0.0006,-34.5395,0.501,0.959,0.500,0.958,3572,881,1510
1510,15.100,-0.0157,-0.0723,-1.6107,-0.0000,-0.0001,-9.7908,-0.0009,0.0003,-34.5519,0.500,0.957,0.501,0.958,3574,882,1511
1511,15.110,-0.0157,-0.0723,-1.6107,-0.0036,-0.0021,-9.7927,-0.0001,0.0002,-34.5669,0.500,0.959,0.500,0.959,3576,882,1512
1512,15.120,-0.0156,-0.0725,-1.6112,0.0008,0.0021,-9.7953,0.0023,0.0005,-34.5869,0.501,0.958,0.500,0.957,3579,883,1513
1513,15.130,-0.0156,-0.0727,-1.6118,-0.0047,-0.0001,-9.7968,-0.0006,-0.0003,-34.6016,0.500,0.957,0.501,0.958,3581,884,1514
1514,15.140,-0.0156,-0.0727,-1.6118,0.0016,0.0003,-9.7926,-0.0001,0.0012,-34.6174,0.500,0.959,0.500,0.958,3583,884,1515
1515,15.150,-0.0155,-0.0729,-1.6124,-0.0005,0.0019,-9.7961,-0.0023,0.0013,-34.6352,0.500,0.957,0.501,0.958,3586,885,1516
1516,15.160,-0.0155,-0.0729,-1.6124,0.0011,-0.0034,-9.7914,-0.0006,0.0003,-34.6487,0.501,0.959,0.500,0.959,3588,885,1517
1517,15.170,-0.0155,-0.0731,-1.6129,-0.0010,0.0010,-9.7980,-0.0002,0.0002,-34.6634,0.500,0.958,0.500,0.958,3590,886,1518
1518,15.180,-0.0154,-0.0732,-1.6135,-0.0006,-0.0005,-9.7974,-0.0014,0.0002,-34.6828,0.500,0.957,0.501,0.957,3593,887,1519
1519,15.190,-0.0154,-0.0732,-1.6135,0.0040,-0.0028,-9.7887,-0.0006,0.0021,-34.6965,0.500,0.959,0.501,0.958,3595,887,1520
1520,15.200,-0.0154,-0.0734,-1.6140,-0.0001,-0.0013,-9.7896,0.0006,-0.0007,-34.7098,0.501,0.957,0.500,0.957,3597,888,1521
1521,15.210,-0.0154,-0.0734,-1.6140,0.0019,0.0000,-9.7883,-0.0025,-0.0008,-34.7304,0.500,0.958,0.501,0.959,3600,888,1522
1522,15.220,-0.0153,-0.0736,-1.6146,0.0028,0.0006,-9.7930,-0.0009,0.0011,-34.7440,0.500,0.959,0.500,0.957,3602,889,1523
1523,15.230,-0.0153,-0.0738,-1.6151,-0.0008,0.0069,-9.7960,0.0000,0.0005,-34.7637,0.500,0.957,0.500,0.957,3605,890,1524
1524,15.240,-0.0153,-0.0738,-1.6151,0.0041,0.0030,-9.7931,0.0017,0.0009,-34.7777,0.501,0.959,0.500,0.958,3607,890,1525
1525,15.250,-0.0152,-0.0740,-1.6157,0.0021,-0.0030,-9.7947,-0.0020,0.0004,-34.7909,0.500,0.957,0.501,0.958,3609,891,1526
1526,15.260,-0.0152,-0.0740,-1.6157,0.0024,0.0033,-9.7899,-0.0006,0.0005,-34.8030,0.500,0.959,0.500,0.959,3611,891,1527
1527,15.270,-0.0152,-0.0742,-1.6162,0.0036,0.0002,-9.8005,-0.0011,0.0002,-34.8250,0.500,0.958,0.500,0.958,3614,892,1528
1528,15.280,-0.0152,-0.0742,-1.6162,0.0023,0.0020,-9.7961,-0.0007,-0.0016,-34.8396,0.501,0.958,0.500,0.959,3616,892,1529
1529,15.290,-0.0151,-0.0744,-1.6168,0.0016,-0.0013,-9.7998,-0.0010,0.0002,-34.8513,0.500,0.958,0.501,0.958,3618,893,1530
1530,15.300,-0.0151,-0.0744,-1.6168,-0.0009,-0.0001,-9.8013,0.0012,-0.0017,-34.8637,0.502,0.959,0.500,0.959,3620,893,1531
1531,15.310,-0.0151,-0.0746,-1.6173,-0.0030,-0.0018,-9.8047,0.0006,0.0021,-34.8789,0.500,0.959,0.501,0.957,3622,894,1532
1532,15.320,-0.0151,-0.0746,-1.6173,0.0006,-0.0010,-9.8041,0.0001,0.0007,-34.8911,0.500,0.959,0.500,0.960,3624,894,1533
1533,15.330,-0.0150,-0.0747,-1.6178,-0.0030,-0.0020,-9.8127,0.0004,0.0002,-34.9115,0.500,0.959,0.500,0.959,3627,895,1534
1534,15.340,-0.0149,-0.0749,-1.6184,0.0023,-0.0023,-9.8079,0.0000,0.0005,-34.9261,0.500,0.958,0.500,0.958,3629,896,1535
1535,15.350,-0.0149,-0.0749,-1.6184,0.0030,0.0007,-9.8039,0.0011,-0.0002,-34.9464,0.501,0.959,0.500,0.959,3632,896,1536
1536,15.360,-0.0149,-0.0751,-1.6189,0.0024,-0.0010,-9.8023,0.0012,0.0012,-34.9596,0.500,0.959,0.500,0.958,3634,897,1537
1537,15.370,-0.0149,-0.0751,-1.6189,-0.0001,-0.0005,-9.8058,0.0005,-0.0006,-34.9718,0.500,0.959,0.500,0.960,3636,897,1538
1538,15.380,-0.0148,-0.0753,-1.6195,0.0015,0.0027,-9.8081,0.0005,-0.0009,-34.9910,0.500,0.959,0.500,0.959,3639,898,1539
1539,15.390,-0.0148,-0.0755,-1.6200,0.0017,0.0014,-9.8042,-0.0000,-0.0002,-35.0063,0.500,0.958,0.500,0.958,3641,899,1540
1540,15.400,-0.0148,-0.0755,-1.6200,0.0023,0.0027,-9.8018,-0.0002,-0.0008,-35.0190,0.500,0.959,0.500,0.959,3643,899,1541
1541,15.410,-0.0147,-0.0757,-1.6206,-0.0029,-0.0007,-9.8038,-0.0008,0.0001,-35.0409,0.500,0.958,0.501,0.958,3646,900,1542
1542,15.420,-0.0147,-0.0757,-1.6206,0.0011,0.0052,-9.8013,0.0000,-0.0000,-35.0533,0.500,0.959,0.500,0.959,3648,900,1543
1543,15.430,-0.0147,-0.0758,-1.6211,0.0048,0.0001,-9.8023,0.0007,-0.0002,-35.0731,0.500,0.958,0.500,0.958,3651,901,1544
1544,15.440,-0.0146,-0.0760,-1.6217,-0.0000,-0.0028,-9.8011,0.0002,0.0003,-35.0855,0.500,0.958,0.500,0.958,3653,902,1545
1545,15.450,-0.0146,-0.0760,-1.6217,0.0004,0.0019,-9.7984,0.0007,-0.0006,-35.0990,0.501,0.958,0.500,0.958,3655,902,1546
1546,15.460,-0.0145,-0.0762,-1.6222,-0.0030,0.0022,-9.7944,-0.0010,0.0006,-35.1189,0.500,0.957,0.501,0.958,3658,903,1547
1547,15.470,-0.0145,-0.0762,-1.6222,-0.0041,-0.0004,-9.7928,0.0013,-0.0010,-35.1304,0.501,0.958,0.500,0.958,3660,903,1548
1548,15.480,-0.0145,-0.0764,-1.6228,0.0030,-0.0025,-9.7957,-0.0006,-0.0020,-35.1449,0.500,0.958,0.500,0.959,3662,904,1549
1549,15.490,-0.0145,-0.0764,-1.6228,-0.0003,-0.0028,-9.7974,-0.0003,0.0003,-35.1591,0.500,0.959,0.501,0.958,3664,904,1550
1550,15.500,-0.0144,-0.0766,-1.6233,-0.0026,-0.0009,-9.7986,-0.0003,-0.0006,-35.1774,0.500,0.958,0.500,0.958,3667,905,1551
1551,15.510,-0.0144,-0.0767,-1.6238,-0.0019,0.0007,-9.8010,-0.0012,-0.0007,-35.1915,0.500,0.957,0.500,0.958,3669,906,1552
1552,15.520,-0.0144,-0.0767,-1.6238,0.0008,-0.0016,-9.7919,0.0007,0.0017,-35.2114,0.500,0.959,0.500,0.958,3672,906,1553
1553,15.530,-0.0143,-0.0769,-1.6244,0.0005,-0.0023,-9.7962,-0.0016,-0.0003,-35.2247,0.500,0.957,0.500,0.959,3674,907,1554
1554,15.540,-0.0142,-0.0771,-1.6249,-0.0015,-0.0001,-9.7916,-0.0013,0.0013,-35.2444,0.500,0.957,0.501,0.957,3677,908,1555
1555,15.550,-0.0142,-0.0771,-1.6249,-0.0021,0.0023,-9.7882,-0.0014,0.0002,-35.2578,0.500,0.958,0.500,0.958,3679,908,1556
1556,15.560,-0.0142,-0.0773,-1.6255,-0.0009,0.0015,-9.7872,-0.0009,0.0011,-35.2778,0.500,0.958,0.500,0.957,3682,909,1557
1557,15.570,-0.0142,-0.0773,-1.6255,-0.0017,0.0008,-9.7906,-0.0002,0.0010,-35.2889,0.500,0.959,0.500,0.958,3684,909,1558
1558,15.580,-0.0141,-0.0775,-1.6260,-0.0025,-0.0005,-9.7911,0.0010,0.0002,-35.3028,0.501,0.958,0.500,0.957,3686,910,1559
1559,15.590,-0.0141,-0.0776,-1.6266,-0.0004,0.0041,-9.7920,-0.0002,-0.0012,-35.3239,0.500,0.957,0.500,0.957,3689,911,1560
1560,15.600,-0.0141,-0.0776,-1.6266,-0.0019,0.0030,-9.7852,0.0015,0.0002,-35.3358,0.500,0.959,0.500,0.957,3691,911,1561
1561,15.610,-0.0140,-0.0778,-1.6271,0.0024,0.0031,-9.7835,-0.0017,0.0006,-35.3485,0.500,0.956,0.501,0.957,3693,912,1562
1562,15.620,-0.0140,-0.0778,-1.6271,0.0010,0.0016,-9.7873,0.0005,0.0002,-35.3677,0.501,0.958,0.500,0.958,3696,912,1563
1563,15.630,-0.0139,-0.0780,-1.6276,-0.0008,-0.0005,-9.7879,-0.0002,-0.0007,-35.3806,0.500,0.957,0.500,0.958,3698,913,1564
1564,15.640,-0.0139,-0.0780,-1.6276,0.0006,0.0017,-9.7923,-0.0006,0.0012,-35.3932,0.500,0.959,0.501,0.958,3700,913,1565
1565,15.650,-0.0139,-0.0782,-1.6281,-0.0015,0.0017,-9.7934,-0.0014,-0.0022,-35.4133,0.501,0.957,0.500,0.958,3703,914,1566
1566,15.660,-0.0138,-0.0783,-1.6286,0.0049,-0.0036,-9.7892,-0.0024,-0.0019,-35.4248,0.500,0.957,0.500,0.958,3705,915,1567
1567,15.670,-0.0138,-0.0783,-1.6286,0.0077,-0.0003,-9.7923,0.0008,-0.0003,-35.4372,0.501,0.959,0.500,0.957,3707,915,1568
1568,15.680,-0.0137,-0.0785,-1.6291,0.0020,0.0036,-9.7933,-0.0016,0.0008,-35.4588,0.500,0.957,0.501,0.957,3710,916,1569
1569,15.690,-0.0137,-0.0785,-1.6291,-0.0023,0.0008,-9.7920,0.0001,0.0006,-35.4709,0.500,0.959,0.500,0.958,3712,916,1570
1570,15.700,-0.0137,-0.0787,-1.6297,0.0002,-0.0016,-9.7952,-0.0008,0.0008,-35.4833,0.500,0.958,0.501,0.958,3714,917,1571
1571,15.710,-0.0136,-0.0789,-1.6302,-0.0004,0.0035,-9.7921,0.0006,-0.0007,-35.5049,0.501,0.957,0.500,0.957,3717,918,1572
1572,15.720,-0.0136,-0.0789,-1.6302,0.0028,0.0019,-9.7919,-0.0015,-0.0002,-35.5165,0.500,0.958,0.501,0.958,3719,918,1573
1573,15.730,-0.0135,-0.0790,-1.6307,-0.0001,0.0018,-9.7884,-0.0001,0.0000,-35.5343,0.500,0.958,0.500,0.957,3722,919,1574
1574,15.740,-0.0135,-0.0790,-1.6307,-0.0016,0.0004,-9.7860,-0.0006,-0.0010,-35.5487,0.500,0.958,0.500,0.959,3724,919,1575
1575,15.750,-0.0135,-0.0792,-1.6312,0.0007,-0.0009,-9.7966,0.0007,0.0018,-35.5681,0.500,0.959,0.501,0.957,3727,920,1576
1576,15.760,-0.0134,-0.0794,-1.6317,0.0009,-0.0036,-9.7935,0.0012,0.0003,-35.5802,0.501,0.957,0.500,0.957,3729,921,1577
1577,15.770,-0.0134,-0.0794,-1.6317,-0.0007,-0.0032,-9.7890,0.0005,0.0007,-35.5930,0.500,0.958,0.500,0.958,3731,921,1578
1578,15.780,-0.0133,-0.0795,-1.6321,-0.0011,0.0022,-9.7924,0.0004,0.0005,-35.6069,0.500,0.958,0.500,0.958,3733,922,1579
1579,15.790,-0.0133,-0.0795,-1.6321,-0.0016,0.0028,-9.7907,-0.0009,0.0002,-35.6234,0.500,0.958,0.500,0.959,3736,922,1580
1580,15.800,-0.0133,-0.0797,-1.6326,0.0008,-0.0006,-9.7972,0.0017,-0.0002,-35.6370,0.501,0.958,0.500,0.957,3738,923,1581
1581,15.810,-0.0133,-0.0797,-1.6326,-0.0019,0.0015,-9.7952,-0.0010,0.0011,-35.6499,0.500,0.958,0.501,0.959,3740,923,1582
1582,15.820,-0.0132,-0.0799,-1.6331,0.0005,0.0003,-9.7961,0.0012,-0.0004,-35.6695,0.501,0.958,0.500,0.958,3743,924,1583
1583,15.830,-0.0131,-0.0801,-1.6336,0.0012,-0.0002,-9.8002,0.0003,0.0007,-35.6817,0.500,0.958,0.501,0.958,3745,925,1584
1584,15.840,-0.0131,-0.0801,-1.6336,0.0039,0.0015,-9.7956,0.0000,0.0019,-35.6930,0.500,0.959,0.501,0.958,3747,925,1585
1585,15.850,-0.0130,-0.0802,-1.6341,-0.0005,-0.0001,-9.7966,0.0007,0.0001,-35.7087,0.501,0.958,0.500,0.958,3749,926,1586
1586,15.860,-0.0130,-0.0802,-1.6341,-0.0002,-0.0020,-9.7950,-0.0010,0.0012,-35.7256,0.500,0.959,0.501,0.959,3752,926,1587
1587,15.870,-0.0130,-0.0804,-1.6346,0.0000,-0.0007,-9.7963,0.0002,0.0001,-35.7394,0.501,0.958,0.500,0.958,3754,927,1588
1588,15.880,-0.0130,-0.0804,-1.6346,0.0010,-0.0016,-9.8036,-0.0004,-0.0002,-35.7518,0.500,0.959,0.500,0.960,3756,927,1589
1589,15.890,-0.0129,-0.0806,-1.6350,0.0011,-0.0020,-9.8009,-0.0003,0.0014,-35.7634,0.500,0.959,0.501,0.958,3758,928,1590
1590,15.900,-0.0128,-0.0807,-1.6355,-0.0053,-0.0007,-9.8050,-0.0001,-0.0001,-35.7831,0.500,0.958,0.500,0.958,3761,929,1591
1591,15.910,-0.0128,-0.0807,-1.6355,0.0004,0.0030,-9.8040,-0.0006,-0.0019,-35.7953,0.501,0.958,0.500,0.959,3763,929,1592
1592,15.920,-0.0127,-0.0809,-1.6360,0.0023,0.0004,-9.8016,-0.0000,-0.0016,-35.8084,0.500,0.958,0.500,0.958,3765,930,1593
1593,15.930,-0.0127,-0.0809,-1.6360,-0.0015,-0.0025,-9.8027,0.0000,-0.0001,-35.8274,0.500,0.959,0.500,0.959,3768,930,1594
1594,15.940,-0.0127,-0.0811,-1.6365,0.0023,0.0017,-9.8082,-0.0010,-0.0001,-35.8397,0.500,0.958,0.500,0.959,3770,931,1595
1595,15.950,-0.0127,-0.0811,-1.6365,-0.0002,-0.0021,-9.8057,-0.0006,-0.0003,-35.8537,0.500,0.960,0.500,0.960,3772,931,1596
1596,15.960,-0.0126,-0.0812,-1.6370,0.0018,0.0013,-9.8104,0.0009,-0.0022,-35.8742,0.501,0.958,0.500,0.958,3775,932,1597
1597,15.970,-0.0125,-0.0814,-1.6375,-0.0036,-0.0022,-9.8097,0.0008,-0.0016,-35.8845,0.500,0.958,0.500,0.958,3777,933,1598
1598,15.980,-0.0125,-0.0814,-1.6375,0.0011,0.0046,-9.8006,0.0006,-0.0003,-35.9023,0.500,0.959,0.500,0.959,3780,933,1599
1599,15.990,-0.0124,-0.0816,-1.6380,-0.0007,0.0000,-9.8082,0.0015,-0.0001,-35.9146,0.500,0.959,0.500,0.958,3782,934,1600
1600,16.000,-0.0123,-0.0817,-1.6385,0.0019,0.0023,-9.8003,-0.0017,0.0016,-35.9348,0.500,0.957,0.502,0.957,3785,935,1601
1601,16.010,-0.0123,-0.0817,-1.6385,-0.0000,0.0020,-9.7982,-0.0015,0.0015,-35.9465,0.500,0.959,0.500,0.959,3787,935,1602
1602,16.020,-0.0123,-0.0819,-1.6389,-0.0023,0.0000,-9.7957,-0.0003,0.0006,-35.9594,0.500,0.958,0.500,0.958,3789,936,1603
1603,16.030,-0.0123,-0.0819,-1.6389,-0.0018,0.0004,-9.7972,-0.0008,-0.0010,-35.9770,0.500,0.958,0.500,0.959,3792,936,1604
1604,16.040,-0.0122,-0.0821,-1.6394,-0.0006,-0.0021,-9.8021,-0.0000,-0.0009,-35.9899,0.500,0.958,0.500,0.958,3794,937,1605
1605,16.050,-0.0121,-0.0822,-1.6399,-0.0004,0.0032,-9.7956,-0.0012,0.0000,-36.0093,0.500,0.957,0.501,0.957,3797,938,1606
1606,16.060,-0.0121,-0.0822,-1.6399,-0.0012,-0.0002,-9.7932,0.0003,0.0003,-36.0224,0.500,0.959,0.500,0.958,3799,938,1607
1607,16.070,-0.0120,-0.0824,-1.6404,-0.0025,0.0023,-9.7936,-0.0011,0.0001,-36.0319,0.500,0.957,0.500,0.958,3801,939,1608
1608,16.080,-0.0120,-0.0824,-1.6404,-0.0029,-0.0036,-9.7918,0.0011,-0.0007,-36.0520,0.501,0.959,0.500,0.958,3804,939,1609
1609,16.090,-0.0119,-0.0826,-1.6409,0.0046,0.0008,-9.7979,0.0001,-0.0004,-36.0647,0.500,0.958,0.500,0.958,3806,940,1610
1610,16.100,-0.0119,-0.0826,-1.6409,-0.0004,0.0001,-9.7993,0.0003,-0.0015,-36.0771,0.501,0.959,0.500,0.959,3808,940,1611
1611,16.110,-0.0119,-0.0827,-1.6414,-0.0041,0.0026,-9.8001,0.0005,-0.0007,-36.0972,0.500,0.959,0.500,0.958,3811,941,1612
1612,16.120,-0.0118,-0.0829,-1.6419,0.0015,0.0009,-9.7998,-0.0006,0.0003,-36.1081,0.500,0.957,0.501,0.957,3813,942,1613
1613,16.130,-0.0118,-0.0829,-1.6419,0.0033,0.0014,-9.7953,-0.0005,-0.0001,-36.1212,0.500,0.959,0.500,0.959,3815,942,1614
1614,16.140,-0.0117,-0.0831,-1.6424,0.0047,0.0042,-9.7974,-0.0001,-0.0003,-36.1404,0.500,0.958,0.500,0.958,3818,943,1615
1615,16.150,-0.0117,-0.0831,-1.6424,0.0006,0.0041,-9.7953,0.0013,0.0010,-36.1507,0.500,0.959,0.500,0.958,3820,943,1616
1616,16.160,-0.0116,-0.0832,-1.6428,0.0013,0.0036,-9.7991,0.0005,0.0014,-36.1640,0.500,0.958,0.500,0.958,3822,944,1617
1617,16.170,-0.0116,-0.0832,-1.6428,-0.0007,-0.0003,-9.7990,-0.0012,-0.0004,-36.1768,0.500,0.959,0.500,0.960,3824,944,1618
1618,16.180,-0.0115,-0.0834,-1.6433,0.0023,0.0013,-9.7998,0.0004,-0.0007,-36.1947,0.501,0.958,0.500,0.958,3827,945,1619
1619,16.190,-0.0114,-0.0835,-1.6438,-0.0046,0.0003,-9.7990,0.0017,-0.0005,-36.2119,0.501,0.958,0.500,0.957,3830,946,1620
1620,16.200,-0.0114,-0.0835,-1.6438,-0.0034,0.0001,-9.7963,-0.0001,0.0006,-36.2235,0.500,0.958,0.501,0.958,3832,946,1621
1621,16.210,-0.0113,-0.0837,-1.6443,-0.0039,0.0021,-9.7979,-0.0006,-0.0009,-36.2368,0.500,0.958,0.500,0.958,3834,947,1622
1622,16.220,-0.0113,-0.0837,-1.6443,-0.0007,-0.0025,-9.7935,-0.0004,0.0004,-36.2490,0.500,0.959,0.500,0.959,3836,947,1623
1623,16.230,-0.0113,-0.0839,-1.6448,0.0010,-0.0025,-9.7987,0.0017,0.0016,-36.2668,0.500,0.959,0.500,0.957,3839,948,1624
1624,16.240,-0.0112,-0.0840,-1.6453,0.0002,0.0010,-9.7985,0.0009,-0.0011,-36.2791,0.501,0.957,0.500,0.958,3841,949,1625
1625,16.250,-0.0112,-0.0840,-1.6453,-0.0007,-0.0005,-9.7923,-0.0024,-0.0018,-36.2928,0.500,0.957,0.501,0.959,3843,949,1626
1626,16.260,-0.0111,-0.0842,-1.6457,0.0034,0.0017,-9.7945,0.0008,-0.0026,-36.3033,0.502,0.957,0.500,0.957,3845,950,1627
1627,16.270,-0.0111,-0.0842,-1.6457,0.0025,-0.0000,-9.7907,0.0014,0.0006,-36.3217,0.500,0.959,0.501,0.958,3848,950,1628
1628,16.280,-0.0110,-0.0844,-1.6462,-0.0006,0.0024,-9.7957,0.0008,-0.0008,-36.3339,0.500,0.958,0.500,0.958,3850,951,1629
1629,16.290,-0.0109,-0.0845,-1.6467,-0.0011,0.0040,-9.7959,-0.0015,0.0002,-36.3505,0.500,0.957,0.501,0.957,3853,952,1630
1630,16.300,-0.0109,-0.0845,-1.6467,0.0024,-0.0028,-9.7931,0.0002,0.0014,-36.3638,0.500,0.959,0.500,0.958,3855,952,1631
1631,16.310,-0.0108,-0.0847,-1.6472,-0.0061,0.0004,-9.7903,-0.0000,0.0003,-36.3823,0.500,0.958,0.500,0.958,3858,953,1632
1632,16.320,-0.0108,-0.0847,-1.6472,-0.0002,0.0007,-9.7934,-0.0007,-0.0011,-36.3939,0.500,0.958,0.500,0.959,3860,953,1633
1633,16.330,-0.0107,-0.0848,-1.6476,-0.0034,0.0003,-9.7962,-0.0011,-0.0009,-36.4062,0.500,0.958,0.500,0.958,3862,954,1634
1634,16.340,-0.0106,-0.0850,-1.6481,-0.0004,-0.0004,-9.7948,-0.0001,0.0009,-36.4247,0.500,0.958,0.500,0.957,3865,955,1635
1635,16.350,-0.0106,-0.0850,-1.6481,-0.0028,-0.0002,-9.7883,0.0001,-0.0006,-36.4352,0.501,0.958,0.500,0.958,3867,955,1636
1636,16.360,-0.0105,-0.0852,-1.6486,-0.0041,0.0006,-9.7909,-0.0003,-0.0011,-36.4486,0.500,0.957,0.500,0.958,3869,956,1637
1637,16.370,-0.0105,-0.0852,-1.6486,-0.0016,0.0011,-9.7888,0.0011,0.0017,-36.4670,0.500,0.959,0.500,0.958,3872,956,1638
1638,16.380,-0.0104,-0.0853,-1.6490,0.0018,-0.0036,-9.7931,0.0010,0.0005,-36.4794,0.500,0.958,0.500,0.958,3874,957,1639
1639,16.390,-0.0104,-0.0853,-1.6490,-0.0000,-0.0034,-9.7955,0.0028,0.0006,-36.4899,0.501,0.959,0.500,0.958,3876,957,1640
1640,16.400,-0.0103,-0.0855,-1.6495,0.0046,-0.0013,-9.7947,-0.0013,-0.0016,-36.5076,0.500,0.957,0.500,0.959,3879,958,1641
1641,16.410,-0.0102,-0.0856,-1.6499,0.0040,-0.0008,-9.8005,-0.0013,0.0003,-36.5198,0.500,0.958,0.501,0.957,3881,959,1642
1642,16.420,-0.0102,-0.0856,-1.6499,0.0023,-0.0033,-9.7937,0.0010,0.0017,-36.5382,0.500,0.959,0.500,0.958,3884,959,1643
1643,16.430,-0.0101,-0.0858,-1.6504,-0.0003,0.0035,-9.8000,-0.0011,-0.0002,-36.5496,0.500,0.957,0.500,0.959,3886,960,1644
1644,16.440,-0.0100,-0.0860,-1.6508,-0.0028,-0.0021,-9.7934,-0.0019,-0.0006,-36.5675,0.500,0.957,0.500,0.958,3889,961,1645
1645,16.450,-0.0100,-0.0860,-1.6508,-0.0016,0.0002,-9.7897,0.0005,0.0001,-36.5815,0.501,0.959,0.500,0.958,3891,961,1646
1646,16.460,-0.0099,-0.0861,-1.6513,-0.0018,0.0012,-9.7925,-0.0014,0.0020,-36.5918,0.500,0.957,0.501,0.957,3893,962,1647
1647,16.470,-0.0099,-0.0861,-1.6513,0.0035,0.0012,-9.7907,-0.0006,0.0017,-36.6033,0.500,0.959,0.500,0.958,3895,962,1648
1648,16.480,-0.0098,-0.0863,-1.6517,-0.0003,0.0031,-9.7965,0.0005,0.0002,-36.6154,0.501,0.958,0.500,0.958,3897,963,1649
1649,16.490,-0.0098,-0.0863,-1.6517,-0.0016,0.0019,-9.7980,0.0010,-0.0005,-36.6279,0.501,0.959,0.500,0.959,3899,963,1650
1650,16.500,-0.0097,-0.0864,-1.6522,0.0001,-0.0006,-9.7977,-0.0000,-0.0011,-36.6399,0.500,0.958,0.500,0.959,3901,964,1651
1651,16.510,-0.0097,-0.0864,-1.6522,0.0003,0.0048,-9.7965,0.0006,0.0002,-36.6576,0.500,0.959,0.500,0.959,3904,964,1652
1652,16.520,-0.0096,-0.0866,-1.6526,0.0000,0.0026,-9.8012,-0.0018,-0.0003,-36.6695,0.500,0.958,0.501,0.959,3906,965,1653
1653,16.530,-0.0095,-0.0868,-1.6530,0.0019,-0.0007,-9.8023,-0.0001,-0.0011,-36.6878,0.501,0.958,0.500,0.958,3909,966,1654
1654,16.540,-0.0095,-0.0868,-1.6530,0.0034,-0.0004,-9.7977,-0.0009,0.0012,-36.6978,0.500,0.959,0.501,0.958,3911,966,1655
1655,16.550,-0.0094,-0.0869,-1.6535,0.0033,0.0009,-9.7964,0.0009,-0.0004,-36.7166,0.501,0.958,0.500,0.958,3914,967,1656
1656,16.560,-0.0094,-0.0869,-1.6535,0.0017,-0.0029,-9.7994,-0.0002,-0.0019,-36.7288,0.500,0.958,0.500,0.959,3916,967,1657
1657,16.570,-0.0093,-0.0871,-1.6539,0.0021,-0.0004,-9.7952,0.0004,-0.0005,-36.7398,0.500,0.959,0.500,0.958,3918,968,1658
1658,16.580,-0.0093,-0.0871,-1.6539,-0.0009,-0.0006,-9.7989,0.0009,0.0001,-36.7508,0.500,0.959,0.500,0.959,3920,968,1659
1659,16.590,-0.0092,-0.0872,-1.6544,-0.0026,0.0066,-9.8079,0.0004,-0.0012,-36.7689,0.500,0.958,0.500,0.959,3923,969,1660
1660,16.600,-0.0091,-0.0874,-1.6548,-0.0013,0.0042,-9.8054,-0.0003,-0.0002,-36.7802,0.500,0.958,0.500,0.958,3925,970,1661
1661,16.610,-0.0091,-0.0874,-1.6548,-0.0009,-0.0007,-9.8005,0.0003,0.0002,-36.7937,0.500,0.959,0.500,0.959,3927,970,1662
1662,16.620,-0.0090,-0.0875,-1.6552,0.0028,-0.0005,-9.7975,-0.0006,-0.0002,-36.8043,0.500,0.958,0.500,0.959,3929,971,1663
1663,16.630,-0.0090,-0.0875,-1.6552,-0.0016,0.0011,-9.8036,-0.0013,0.0007,-36.8160,0.500,0.959,0.501,0.959,3931,971,1664
1664,16.640,-0.0089,-0.0877,-1.6557,0.0014,0.0029,-9.8040,-0.0000,-0.0002,-36.8348,0.501,0.958,0.500,0.958,3934,972,1665
1665,16.650,-0.0089,-0.0877,-1.6557,-0.0001,-0.0017,-9.7993,0.0000,-0.0002,-36.8448,0.500,0.959,0.500,0.959,3936,972,1666
1666,16.660,-0.0088,-0.0878,-1.6561,-0.0006,0.0001,-9.8052,0.0008,0.0014,-36.8567,0.500,0.959,0.500,0.958,3938,973,1667
1667,16.670,-0.0087,-0.0880,-1.6566,0.0025,-0.0000,-9.8041,0.0007,-0.0012,-36.8749,0.501,0.957,0.500,0.958,3941,974,1668
1668,16.680,-0.0087,-0.0880,-1.6566,-0.0021,-0.0025,-9.7971,-0.0012,-0.0013,-36.8874,0.500,0.958,0.500,0.959,3943,974,1669
1669,16.690,-0.0085,-0.0882,-1.6570,-0.0036,-0.0003,-9.8016,-0.0002,0.0009,-36.8985,0.500,0.959,0.500,0.958,3945,975,1670
1670,16.700,-0.0085,-0.0882,-1.6570,0.0004,0.0004,-9.8006,-0.0004,-0.0007,-36.9092,0.500,0.959,0.500,0.959,3947,975,1671
1671,16.710,-0.0084,-0.0883,-1.6574,0.0009,-0.0018,-9.8019,-0.0007,0.0001,-36.9267,0.500,0.958,0.500,0.958,3950,976,1672
1672,16.720,-0.0084,-0.0883,-1.6574,0.0045,-0.0017,-9.7993,0.0010,-0.0005,-36.9384,0.501,0.959,0.500,0.959,3952,976,1673
1673,16.730,-0.0083,-0.0885,-1.6579,0.0020,-0.0036,-9.8039,0.0012,0.0002,-36.9506,0.500,0.959,0.500,0.958,3954,977,1674
1674,16.740,-0.0083,-0.0885,-1.6579,0.0006,0.0004,-9.8081,0.0006,0.0009,-36.9611,0.500,0.959,0.500,0.959,3956,977,1675
1675,16.750,-0.0082,-0.0886,-1.6583,-0.0011,-0.0010,-9.8072,0.0004,-0.0003,-36.9793,0.500,0.958,0.500,0.959,3959,978,1676
1676,16.760,-0.0081,-0.0888,-1.6588,-0.0031,0.0026,-9.8056,0.0007,-0.0005,-36.9916,0.500,0.958,0.500,0.958,3961,979,1677
1677,16.770,-0.0081,-0.0888,-1.6588,0.0033,0.0009,-9.8020,-0.0011,0.0008,-37.0028,0.500,0.958,0.501,0.959,3963,979,1678
1678,16.780,-0.0080,-0.0889,-1.6592,-0.0025,-0.0010,-9.8012,0.0010,0.0016,-37.0145,0.500,0.959,0.500,0.958,3965,980,1679
1679,16.790,-0.0080,-0.0889,-1.6592,-0.0045,0.0006,-9.8014,-0.0017,0.0015,-37.0243,0.500,0.958,0.501,0.959,3967,980,1680
1680,16.800,-0.0079,-0.0891,-1.6597,-0.0022,-0.0003,-9.8024,0.0004,-0.0012,-37.0356,0.502,0.958,0.500,0.958,3969,981,1681
1681,16.810,-0.0079,-0.0891,-1.6597,-0.0015,-0.0016,-9.7993,0.0006,0.0008,-37.0535,0.500,0.959,0.500,0.959,3972,981,1682
1682,16.820,-0.0077,-0.0892,-1.6601,-0.0009,-0.0001,-9.8015,-0.0005,0.0004,-37.0657,0.500,0.958,0.500,0.959,3974,982,1683
1683,16.830,-0.0077,-0.0892,-1.6601,-0.0010,-0.0023,-9.8014,-0.0017,0.0000,-37.0773,0.500,0.959,0.500,0.959,3976,982,1684
1684,16.840,-0.0076,-0.0894,-1.6606,0.0016,-0.0016,-9.8064,-0.0017,-0.0007,-37.0943,0.500,0.958,0.500,0.959,3979,983,1685
1685,16.850,-0.0075,-0.0896,-1.6610,0.0018,0.0018,-9.8079,-0.0012,0.0012,-37.1052,0.500,0.958,0.501,0.957,3981,984,1686
1686,16.860,-0.0075,-0.0896,-1.6610,-0.0004,-0.0017,-9.8014,-0.0002,0.0006,-37.1185,0.500,0.959,0.500,0.959,3983,984,1687
1687,16.870,-0.0074,-0.0897,-1.6615,0.0009,0.0002,-9.7999,0.0001,0.0007,-37.1346,0.500,0.958,0.500,0.958,3986,985,1688
1688,16.880,-0.0074,-0.0897,-1.6615,0.0031,0.0012,-9.7996,0.0015,0.0006,-37.1446,0.501,0.959,0.500,0.958,3988,985,1689
1689,16.890,-0.0073,-0.0899,-1.6620,-0.0018,-0.0015,-9.8005,-0.0014,-0.0024,-37.1625,0.500,0.957,0.500,0.959,3991,986,1690
1690,16.900,-0.0072,-0.0900,-1.6624,-0.0018,-0.0016,-9.8027,-0.0006,0.0003,-37.1732,0.500,0.958,0.501,0.957,3993,987,1691
1691,16.910,-0.0072,-0.0900,-1.6624,-0.0010,0.0000,-9.7952,-0.0003,-0.0008,-37.1861,0.500,0.958,0.500,0.958,3995,987,1692
1692,16.920,-0.0070,-0.0902,-1.6629,-0.0006,0.0018,-9.7953,0.0012,0.0005,-37.1963,0.500,0.958,0.500,0.957,3997,988,1693
1693,16.930,-0.0070,-0.0902,-1.6629,-0.0018,0.0049,-9.7947,-0.0005,-0.0007,-37.2142,0.500,0.958,0.500,0.959,4000,988,1694
1694,16.940,-0.0069,-0.0903,-1.6633,-0.0027,0.0013,-9.7955,0.0004,-0.0006,-37.2255,0.500,0.958,0.500,0.958,4002,989,1695
1695,16.950,-0.0069,-0.0903,-1.6633,-0.0020,-0.0036,-9.7966,0.0006,-0.0005,-37.2366,0.500,0.959,0.500,0.959,4004,989,1696
1696,16.960,-0.0068,-0.0905,-1.6638,-0.0001,-0.0026,-9.7982,0.0003,0.0000,-37.2510,0.500,0.958,0.500,0.958,4007,990,1697
1697,16.970,-0.0067,-0.0906,-1.6642,0.0004,-0.0030,-9.7961,-0.0000,0.0004,-37.2645,0.500,0.957,0.500,0.957,4009,991,1698
1698,16.980,-0.0067,-0.0906,-1.6642,0.0020,0.0009,-9.7929,0.0007,0.0008,-37.2755,0.500,0.959,0.500,0.958,4011,991,1699
1699,16.990,-0.0065,-0.0908,-1.6647,-0.0014,-0.0021,-9.7892,-0.0001,0.0007,-37.2914,0.500,0.957,0.500,0.958,4014,992,1700
1700,17.000,-0.0065,-0.0908,-1.6647,0.0035,-0.0009,-9.7889,0.0008,-0.0002,-37.3044,0.501,0.958,0.500,0.958,4016,992,1701
1701,17.010,-0.0064,-0.0909,-1.6651,0.0010,0.0009,-9.7909,-0.0002,-0.0008,-37.3156,0.500,0.958,0.500,0.958,4018,993,1702
1702,17.020,-0.0064,-0.0909,-1.6651,0.0019,0.0002,-9.7932,0.0000,-0.0006,-37.3279,0.500,0.959,0.500,0.959,4020,993,1703
1703,17.030,-0.0063,-0.0911,-1.6655,-0.0026,-0.0000,-9.7937,-0.0020,0.0007,-37.3449,0.500,0.957,0.501,0.958,4023,994,1704
1704,17.040,-0.0062,-0.0912,-1.6660,-0.0012,0.0003,-9.8010,-0.0009,0.0013,-37.3541,0.500,0.958,0.500,0.957,4025,995,1705
1705,17.050,-0.0062,-0.0912,-1.6660,-0.0002,0.0042,-9.7928,-0.0015,0.0018,-37.3658,0.500,0.958,0.501,0.958,4027,995,1706
1706,17.060,-0.0060,-0.0914,-1.6664,-0.0006,0.0008,-9.7933,-0.0012,0.0006,-37.3820,0.500,0.957,0.500,0.958,4030,996,1707
1707,17.070,-0.0060,-0.0914,-1.6664,-0.0011,0.0057,-9.7864,-0.0002,0.0002,-37.3939,0.500,0.958,0.500,0.958,4032,996,1708
1708,17.080,-0.0059,-0.0915,-1.6668,-0.0019,0.0007,-9.7894,0.0008,0.0011,-37.4038,0.500,0.958,0.500,0.957,4034,997,1709
1709,17.090,-0.0058,-0.0917,-1.6673,0.0004,-0.0008,-9.7902,0.0000,-0.0010,-37.4208,0.501,0.957,0.500,0.958,4037,998,1710
1710,17.100,-0.0058,-0.0917,-1.6673,-0.0005,-0.0010,-9.7867,-0.0025,-0.0012,-37.4306,0.500,0.957,0.501,0.958,4039,998,1711
1711,17.110,-0.0057,-0.0918,-1.6677,-0.0021,-0.0002,-9.7908,-0.0011,-0.0018,-37.4477,0.501,0.957,0.500,0.957,4042,999,1712
1712,17.120,-0.0057,-0.0918,-1.6677,0.0007,-0.0014,-9.7834,-0.0012,-0.0003,-37.4590,0.500,0.958,0.501,0.958,4044,999,1713
1713,17.130,-0.0055,-0.0920,-1.6681,-0.0027,-0.0020,-9.7904,0.0004,0.0012,-37.4706,0.500,0.958,0.500,0.957,4046,1000,1714
1714,17.140,-0.0054,-0.0921,-1.6685,-0.0001,0.0007,-9.7891,-0.0005,0.0016,-37.4884,0.500,0.957,0.501,0.957,4049,1001,1715
1715,17.150,-0.0054,-0.0921,-1.6685,0.0029,0.0008,-9.7888,0.0007,-0.0014,-37.4995,0.501,0.957,0.500,0.958,4051,1001,1716
1716,17.160,-0.0053,-0.0923,-1.6689,0.0033,0.0021,-9.7844,-0.0014,-0.0005,-37.5118,0.500,0.957,0.501,0.957,4053,1002,1717
1717,17.170,-0.0053,-0.0923,-1.6689,-0.0015,0.0025,-9.7862,-0.0012,0.0000,-37.5262,0.500,0.958,0.500,0.958,4056,1002,1718
1718,17.180,-0.0051,-0.0924,-1.6693,-0.0006,0.0053,-9.7899,0.0005,-0.0002,-37.5373,0.501,0.958,0.500,0.957,4058,1003,1719
1719,17.190,-0.0051,-0.0924,-1.6693,-0.0004,0.0021,-9.7887,-0.0011,-0.0020,-37.5469,0.500,0.958,0.500,0.959,4060,1003,1720
1720,17.200,-0.0050,-0.0926,-1.6697,-0.0012,0.0016,-9.7946,0.0003,0.0004,-37.5649,0.500,0.959,0.500,0.957,4063,1004,1721
1721,17.210,-0.0049,-0.0927,-1.6701,0.0014,0.0030,-9.7950,0.0006,0.0012,-37.5761,0.500,0.958,0.500,0.957,4065,1005,1722
1722,17.220,-0.0049,-0.0927,-1.6701,-0.0007,0.0030,-9.7888,-0.0007,0.0016,-37.5860,0.500,0.958,0.501,0.958,4067,1005,1723
1723,17.230,-0.0047,-0.0929,-1.6705,0.0033,-0.0014,-9.7939,-0.0019,0.0017,-37.5973,0.500,0.957,0.501,0.958,4069,1006,1724
1724,17.240,-0.0047,-0.0929,-1.6705,-0.0023,-0.0009,-9.7946,0.0008,-0.0010,-37.6079,0.502,0.958,0.500,0.958,4071,1006,1725
1725,17.250,-0.0046,-0.0930,-1.6709,-0.0003,-0.0002,-9.7934,0.0022,-0.0002,-37.6245,0.501,0.958,0.500,0.958,4074,1007,1726
1726,17.260,-0.0046,-0.0930,-1.6709,0.0016,0.0009,-9.7907,-0.0003,-0.0001,-37.6369,0.500,0.958,0.501,0.959,4076,1007,1727
1727,17.270,-0.0045,-0.0932,-1.6712,0.0013,0.0010,-9.7982,-0.0010,0.0005,-37.6470,0.500,0.958,0.501,0.958,4078,1008,1728
1728,17.280,-0.0043,-0.0933,-1.6716,0.0030,-0.0008,-9.7939,0.0004,-0.0009,-37.6639,0.501,0.958,0.500,0.958,4081,1009,1729
1729,17.290,-0.0043,-0.0933,-1.6716,-0.0003,-0.0011,-9.7935,0.0001,-0.0004,-37.6752,0.500,0.959,0.500,0.959,4083,1009,1730
1730,17.300,-0.0042,-0.0935,-1.6720,0.0045,-0.0035,-9.7965,0.0009,0.0007,-37.6841,0.500,0.959,0.500,0.958,4085,1010,1731
1731,17.310,-0.0042,-0.0935,-1.6720,-0.0029,-0.0023,-9.7996,0.0001,-0.0006,-37.7008,0.500,0.959,0.500,0.959,4088,1010,1732
1732,17.320,-0.0040,-0.0936,-1.6724,-0.0017,0.0012,-9.7980,-0.0021,-0.0003,-37.7129,0.500,0.958,0.501,0.959,4090,1011,1733
1733,17.330,-0.0039,-0.0938,-1.6727,0.0003,0.0012,-9.7981,-0.0004,-0.0004,-37.7294,0.501,0.958,0.500,0.958,4093,1012,1734
1734,17.340,-0.0039,-0.0938,-1.6727,-0.0037,0.0032,-9.8006,0.0009,0.0018,-37.7402,0.500,0.959,0.500,0.958,4095,1012,1735
1735,17.350,-0.0038,-0.0939,-1.6731,-0.0033,0.0020,-9.7958,0.0012,-0.0003,-37.7495,0.501,0.958,0.500,0.958,4097,1013,1736
1736,17.360,-0.0038,-0.0939,-1.6731,-0.0000,-0.0003,-9.7968,0.0006,0.0012,-37.7599,0.500,0.959,0.501,0.959,4099,1013,1737
1737,17.370,-0.0036,-0.0940,-1.6735,-0.0020,-0.0018,-9.7970,0.0001,-0.0010,-37.7774,0.501,0.958,0.500,0.959,4102,1014,1738
1738,17.380,-0.0036,-0.0940,-1.6735,-0.0003,0.0010,-9.7991,-0.0021,0.0001,-37.7876,0.500,0.958,0.501,0.959,4104,1014,1739
1739,17.390,-0.0035,-0.0942,-1.6739,0.0013,-0.0013,-9.8016,-0.0009,-0.0001,-37.7990,0.500,0.959,0.500,0.959,4106,1015,1740
1740,17.400,-0.0035,-0.0942,-1.6739,-0.0023,0.0014,-9.8045,0.0008,0.0002,-37.8082,0.500,0.960,0.500,0.959,4108,1015,1741
1741,17.410,-0.0033,-0.0943,-1.6742,-0.0011,0.0026,-9.8094,-0.0006,-0.0007,-37.8199,0.500,0.959,0.500,0.959,4110,1016,1742
1742,17.420,-0.0032,-0.0945,-1.6746,0.0015,0.0012,-9.8081,0.0001,0.0016,-37.8365,0.500,0.959,0.501,0.958,4113,1017,1743
1743,17.430,-0.0032,-0.0945,-1.6746,0.0002,-0.0001,-9.8029,-0.0024,-0.0005,-37.8448,0.500,0.958,0.500,0.960,4115,1017,1744
1744,17.440,-0.0030,-0.0946,-1.6750,-0.0001,-0.0022,-9.8033,0.0009,0.0006,-37.8575,0.501,0.959,0.500,0.958,4117,1018,1745
1745,17.450,-0.0030,-0.0946,-1.6750,0.0005,0.0000,-9.8071,0.0018,-0.0007,-37.8691,0.501,0.959,0.500,0.959,4119,1018,1746
1746,17.460,-0.0029,-0.0948,-1.6754,-0.0051,0.0009,-9.8061,0.0002,-0.0003,-37.8799,0.500,0.958,0.500,0.959,4121,1019,1747
1747,17.470,-0.0029,-0.0948,-1.6754,0.0019,0.0033,-9.8043,0.0012,-0.0002,-37.8953,0.500,0.960,0.500,0.959,4124,1019,1748
1748,17.480,-0.0028,-0.0949,-1.6758,-0.0036,-0.0007,-9.8085,-0.0007,0.0016,-37.9076,0.500,0.958,0.501,0.958,4126,1020,1749
1749,17.490,-0.0028,-0.0949,-1.6758,-0.0008,0.0009,-9.8108,0.0009,0.0002,-37.9178,0.501,0.959,0.500,0.959,4128,1020,1750
1750,17.500,-0.0026,-0.0951,-1.6762,0.0028,-0.0003,-9.8107,0.0004,-0.0014,-37.9326,0.501,0.958,0.500,0.959,4131,1021,1751
1751,17.510,-0.0025,-0.0952,-1.6765,0.0013,0.0023,-9.8078,-0.0010,0.0008,-37.9443,0.500,0.958,0.501,0.958,4133,1022,1752
1752,17.520,-0.0025,-0.0952,-1.6765,0.0014,0.0032,-9.8027,-0.0015,0.0003,-37.9599,0.500,0.959,0.500,0.959,4136,1022,1753
1753,17.530,-0.0023,-0.0953,-1.6769,-0.0030,0.0018,-9.8103,-0.0007,-0.0007,-37.9702,0.500,0.958,0.500,0.959,4138,1023,1754
1754,17.540,-0.0022,-0.0955,-1.6773,-0.0009,0.0009,-9.8033,0.0002,-0.0001,-37.9883,0.500,0.958,0.500,0.958,4141,1024,1755
1755,17.550,-0.0022,-0.0955,-1.6773,0.0030,-0.0019,-9.8009,0.0010,-0.0002,-37.9971,0.500,0.959,0.500,0.958,4143,1024,1756
1756,17.560,-0.0020,-0.0956,-1.6777,0.0011,-0.0017,-9.8009,-0.0024,-0.0000,-38.0092,0.500,0.957,0.501,0.958,4145,1025,1757
1757,17.570,-0.0020,-0.0956,-1.6777,-0.0007,-0.0002,-9.7975,0.0000,-0.0014,-38.0242,0.501,0.958,0.500,0.958,4148,1025,1758
1758,17.580,-0.0019,-0.0958,-1.6781,-0.0001,0.0024,-9.7988,0.0010,0.0001,-38.0332,0.500,0.959,0.500,0.958,4150,1026,1759
1759,17.590,-0.0017,-0.0959,-1.6785,-0.0024,-0.0033,-9.7988,-0.0009,-0.0007,-38.0504,0.500,0.957,0.500,0.958,4153,1027,1760
1760,17.600,-0.0017,-0.0959,-1.6785,0.0003,0.0012,-9.7929,-0.0006,-0.0005,-38.0626,0.500,0.959,0.500,0.959,4155,1027,1761
1761,17.610,-0.0016,-0.0961,-1.6789,0.0011,0.0020,-9.7984,-0.0009,-0.0016,-38.0765,0.500,0.958,0.500,0.958,4158,1028,1762
1762,17.620,-0.0016,-0.0961,-1.6789,0.0028,0.0034,-9.7951,0.0014,-0.0013,-38.0866,0.501,0.959,0.500,0.958,4160,1028,1763
1763,17.630,-0.0014,-0.0962,-1.6793,0.0012,-0.0031,-9.7956,-0.0014,0.0001,-38.0968,0.500,0.957,0.501,0.958,4162,1029,1764
1764,17.640,-0.0013,-0.0963,-1.6797,-0.0048,-0.0008,-9.7944,0.0001,0.0009,-38.1133,0.500,0.958,0.500,0.957,4165,1030,1765
1765,17.650,-0.0013,-0.0963,-1.6797,-0.0008,0.0009,-9.7914,0.0020,0.0003,-38.1253,0.501,0.958,0.500,0.958,4167,1030,1766
1766,17.660,-0.0011,-0.0965,-1.6801,0.0011,-0.0031,-9.7893,0.0004,0.0001,-38.1339,0.500,0.957,0.500,0.958,4169,1031,1767
1767,17.670,-0.0011,-0.0965,-1.6801,-0.0002,0.0024,-9.7907,0.0001,-0.0014,-38.1465,0.501,0.958,0.500,0.959,4171,1031,1768
1768,17.680,-0.0010,-0.0966,-1.6805,0.0012,-0.0011,-9.7914,-0.0003,-0.0021,-38.1552,0.500,0.958,0.500,0.958,4173,1032,1769
1769,17.690,-0.0010,-0.0966,-1.6805,0.0010,0.0034,-9.7902,0.0001,0.0004,-38.1718,0.500,0.959,0.501,0.958,4176,1032,1770
1770,17.700,-0.0008,-0.0968,-1.6809,-0.0043,0.0011,-9.7985,-0.0008,0.0033,-38.1829,0.500,0.958,0.502,0.957,4178,1033,1771
1771,17.710,-0.0008,-0.0968,-1.6809,0.0024,-0.0014,-9.7921,0.0005,0.0007,-38.1912,0.501,0.958,0.500,0.958,4180,1033,1772
1772,17.720,-0.0006,-0.0969,-1.6813,0.0013,-0.0022,-9.7984,-0.0005,0.0009,-38.2085,0.500,0.958,0.501,0.958,4183,1034,1773
1773,17.730,-0.0005,-0.0971,-1.6816,0.0029,0.0050,-9.7967,0.0005,-0.0001,-38.2198,0.501,0.958,0.500,0.958,4185,1035,1774
1774,17.740,-0.0005,-0.0971,-1.6816,0.0004,-0.0021,-9.7916,0.0008,-0.0000,-38.2283,0.500,0.959,0.500,0.958,4187,1035,1775
1775,17.750,-0.0003,-0.0972,-1.6820,-0.0018,-0.0015,-9.7954,-0.0007,0.0007,-38.2424,0.500,0.958,0.501,0.958,4190,1036,1776
1776,17.760,-0.0003,-0.0972,-1.6820,-0.0006,0.0017,-9.7927,-0.0005,-0.0009,-38.2548,0.501,0.958,0.500,0.959,4192,1036,1777
1777,17.770,-0.0002,-0.0973,-1.6824,0.0011,-0.0027,-9.7975,-0.0006,-0.0005,-38.2645,0.500,0.958,0.500,0.958,4194,1037,1778
1778,17.780,-0.0002,-0.0973,-1.6824,-0.0024,0.0028,-9.7954,-0.0002,0.0012,-38.2745,0.500,0.959,0.501,0.958,4196,1037,1779
1779,17.790,-0.0000,-0.0975,-1.6828,0.0024,-0.0021,-9.7955,-0.0010,0.0026,-38.2902,0.500,0.958,0.501,0.958,4199,1038,1780
1780,17.800,0.0001,-0.0976,-1.6831,-0.0025,-0.0009,-9.8001,0.0003,-0.0002,-38.3012,0.501,0.957,0.500,0.958,4201,1039,1781
1781,17.810,0.0001,-0.0976,-1.6831,0.0037,-0.0005,-9.7973,0.0008,0.0007,-38.3111,0.500,0.959,0.500,0.958,4203,1039,1782
1782,17.820,0.0003,-0.0978,-1.6835,0.0009,-0.0046,-9.7950,-0.0023,-0.0014,-38.3221,0.500,0.957,0.500,0.959,4205,1040,1783
1783,17.830,0.0003,-0.0978,-1.6835,0.0011,-0.0004,-9.7965,-0.0008,0.0001,-38.3370,0.500,0.959,0.500,0.958,4208,1040,1784
1784,17.840,0.0005,-0.0979,-1.6839,0.0024,-0.0024,-9.7979,-0.0013,0.0001,-38.3472,0.500,0.958,0.500,0.958,4210,1041,1785
1785,17.850,0.0006,-0.0980,-1.6842,0.0028,-0.0048,-9.7977,0.0011,0.0003,-38.3616,0.501,0.958,0.500,0.957,4213,1042,1786
1786,17.860,0.0006,-0.0980,-1.6842,0.0001,0.0028,-9.7917,0.0007,0.0010,-38.3748,0.500,0.959,0.500,0.958,4215,1042,1787
1787,17.870,0.0008,-0.0982,-1.6846,0.0015,-0.0028,-9.7937,-0.0007,-0.0001,-38.3850,0.500,0.958,0.500,0.958,4217,1043,1788
1788,17.880,0.0008,-0.0982,-1.6846,0.0002,-0.0016,-9.7921,-0.0001,-0.0011,-38.3984,0.501,0.958,0.500,0.959,4220,1043,1789
1789,17.890,0.0009,-0.0983,-1.6849,-0.0017,0.0024,-9.7926,-0.0007,0.0001,-38.4086,0.500,0.958,0.501,0.958,4222,1044,1790
1790,17.900,0.0011,-0.0984,-1.6853,0.0053,0.0020,-9.7940,0.0016,0.0001,-38.4242,0.501,0.958,0.500,0.957,4225,1045,1791
1791,17.910,0.0011,-0.0984,-1.6853,-0.0009,0.0015,-9.7916,0.0006,0.0010,-38.4348,0.500,0.958,0.501,0.958,4227,1045,1792
1792,17.920,0.0013,-0.0986,-1.6857,-0.0006,-0.0000,-9.7933,-0.0017,-0.0007,-38.4515,0.500,0.957,0.500,0.959,4230,1046,1793
1793,17.930,0.0013,-0.0986,-1.6857,-0.0037,0.0002,-9.7931,0.0009,0.0002,-38.4585,0.501,0.959,0.500,0.958,4232,1046,1794
1794,17.940,0.0014,-0.0987,-1.6860,-0.0034,-0.0007,-9.7932,-0.0009,0.0006,-38.4689,0.500,0.958,0.501,0.958,4234,1047,1795
1795,17.950,0.0014,-0.0987,-1.6860,-0.0032,0.0009,-9.7932,0.0019,-0.0025,-38.4794,0.502,0.958,0.500,0.958,4236,1047,1796
1796,17.960,0.0016,-0.0989,-1.6864,0.0001,-0.0003,-9.7976,0.0013,0.0000,-38.4900,0.500,0.958,0.501,0.958,4238,1048,1797
1797,17.970,0.0018,-0.0990,-1.6867,0.0003,0.0011,-9.7969,-0.0017,-0.0000,-38.5050,0.500,0.957,0.501,0.958,4241,1049,1798
1798,17.980,0.0018,-0.0990,-1.6867,0.0005,-0.0014,-9.7937,-0.0002,0.0002,-38.5176,0.500,0.959,0.500,0.958,4243,1049,1799
1799,17.990,0.0019,-0.0991,-1.6871,0.0015,-0.0013,-9.7896,-0.0007,0.0011,-38.5273,0.500,0.958,0.501,0.958,4245,1050,1800
1800,18.000,0.0019,-0.0991,-1.6871,0.0065,0.0030,-9.7949,-0.0011,0.0002,-38.5423,0.500,0.959,0.500,0.959,4248,1050,1801
1801,18.010,0.0021,-0.0993,-1.6874,0.0005,-0.0009,-9.7992,-0.0008,0.0003,-38.5512,0.500,0.958,0.500,0.958,4250,1051,1802
1802,18.020,0.0023,-0.0994,-1.6878,0.0002,-0.0012,-9.7961,-0.0007,0.0014,-38.5666,0.500,0.958,0.501,0.957,4253,1052,1803
1803,18.030,0.0023,-0.0994,-1.6878,-0.0012,0.0051,-9.7915,-0.0010,0.0002,-38.5775,0.500,0.958,0.500,0.959,4255,1052,1804
1804,18.040,0.0024,-0.0995,-1.6881,-0.0001,0.0025,-9.7945,-0.0003,-0.0002,-38.5868,0.500,0.958,0.500,0.958,4257,1053,1805
1805,18.050,0.0024,-0.0995,-1.6881,-0.0030,0.0004,-9.7999,0.0008,0.0004,-38.6019,0.500,0.959,0.500,0.958,4260,1053,1806
1806,18.060,0.0026,-0.0997,-1.6885,-0.0011,0.0037,-9.7988,0.0012,0.0000,-38.6115,0.500,0.958,0.500,0.958,4262,1054,1807
1807,18.070,0.0028,-0.0998,-1.6888,-0.0021,-0.0023,-9.7973,0.0012,-0.0021,-38.6261,0.501,0.957,0.500,0.958,4265,1055,1808
1808,18.080,0.0028,-0.0998,-1.6888,-0.0058,-0.0001,-9.7935,-0.0009,0.0008,-38.6370,0.500,0.958,0.502,0.958,4267,1055,1809
1809,18.090,0.0029,-0.0999,-1.6891,0.0001,-0.0023,-9.7960,-0.0005,0.0002,-38.6477,0.500,0.958,0.500,0.958,4269,1056,1810
1810,18.100,0.0029,-0.0999,-1.6891,-0.0017,-0.0006,-9.7926,0.0001,-0.0000,-38.6635,0.500,0.959,0.500,0.959,4272,1056,1811
1811,18.110,0.0031,-0.1001,-1.6895,0.0021,0.0012,-9.7978,-0.0010,-0.0007,-38.6710,0.500,0.958,0.500,0.959,4274,1057,1812
1812,18.120,0.0033,-0.1002,-1.6898,-0.0007,-0.0011,-9.7989,-0.0014,-0.0002,-38.6856,0.500,0.958,0.500,0.958,4277,1058,1813
1813,18.130,0.0033,-0.1002,-1.6898,0.0021,0.0004,-9.7923,0.0003,0.0008,-38.6975,0.500,0.959,0.500,0.958,4279,1058,1814
1814,18.140,0.0034,-0.1003,-1.6901,0.0030,0.0007,-9.7962,0.0013,-0.0004,-38.7081,0.501,0.958,0.500,0.958,4281,1059,1815
1815,18.150,0.0034,-0.1003,-1.6901,0.0027,0.0009,-9.7972,0.0007,-0.0010,-38.7179,0.500,0.959,0.500,0.959,4283,1059,1816
1816,18.160,0.0036,-0.1005,-1.6905,-0.0002,-0.0022,-9.7979,-0.0022,-0.0008,-38.7320,0.500,0.957,0.501,0.959,4286,1060,1817
1817,18.170,0.0036,-0.1005,-1.6905,-0.0034,0.0024,-9.7968,0.0010,0.0008,-38.7415,0.500,0.960,0.500,0.958,4288,1060,1818
1818,18.180,0.0038,-0.1006,-1.6908,-0.0030,0.0015,-9.8008,-0.0007,-0.0022,-38.7567,0.501,0.958,0.500,0.959,4291,1061,1819
1819,18.190,0.0040,-0.1007,-1.6911,-0.0010,0.0016,-9.8025,-0.0003,-0.0002,-38.7675,0.500,0.958,0.500,0.958,4293,1062,1820
1820,18.200,0.0040,-0.1007,-1.6911,-0.0030,-0.0003,-9.8036,0.0011,-0.0015,-38.7774,0.501,0.958,0.500,0.958,4295,1062,1821
1821,18.210,0.0041,-0.1009,-1.6915,-0.0018,0.0029,-9.8033,-0.0010,-0.0002,-38.7869,0.500,0.958,0.501,0.958,4297,1063,1822
1822,18.220,0.0041,-0.1009,-1.6915,0.0022,-0.0015,-9.7966,0.0008,-0.0003,-38.7960,0.501,0.959,0.500,0.958,4299,1063,1823
1823,18.230,0.0043,-0.1010,-1.6918,-0.0016,0.0002,-9.7964,-0.0008,-0.0005,-38.8116,0.500,0.958,0.500,0.959,4302,1064,1824
1824,18.240,0.0043,-0.1010,-1.6918,0.0011,-0.0001,-9.8015,-0.0007,-0.0016,-38.8235,0.500,0.959,0.500,0.959,4304,1064,1825
1825,18.250,0.0045,-0.1011,-1.6921,-0.0005,0.0022,-9.8067,0.0007,0.0004,-38.8320,0.500,0.959,0.500,0.958,4306,1065,1826
1826,18.260,0.0045,-0.1011,-1.6921,0.0022,-0.0003,-9.8042,0.0007,-0.0010,-38.8404,0.501,0.959,0.500,0.959,4308,1065,1827
1827,18.270,0.0046,-0.1012,-1.6925,0.0042,0.0031,-9.8072,0.0008,-0.0011,-38.8554,0.500,0.959,0.500,0.959,4311,1066,1828
1828,18.280,0.0048,-0.1014,-1.6928,0.0011,-0.0024,-9.8057,0.0013,0.0002,-38.8662,0.500,0.959,0.500,0.958,4313,1067,1829
1829,18.290,0.0048,-0.1014,-1.6928,-0.0011,0.0069,-9.8027,-0.0005,-0.0023,-38.8748,0.500,0.958,0.500,0.960,4315,1067,1830
1830,18.300,0.0050,-0.1015,-1.6931,-0.0008,0.0023,-9.8072,0.0011,-0.0012,-38.8915,0.500,0.959,0.500,0.958,4318,1068,1831
1831,18.310,0.0050,-0.1015,-1.6931,-0.0017,-0.0029,-9.7966,0.0024,0.0003,-38.9006,0.500,0.960,0.500,0.959,4320,1068,1832
1832,18.320,0.0052,-0.1016,-1.6935,-0.0029,0.0005,-9.8057,-0.0001,0.0010,-38.9098,0.500,0.958,0.501,0.958,4322,1069,1833
1833,18.330,0.0054,-0.1018,-1.6938,0.0004,0.0015,-9.8018,0.0002,0.0010,-38.9246,0.500,0.958,0.500,0.958,4325,1070,1834
1834,18.340,0.0054,-0.1018,-1.6938,-0.0013,-0.0001,-9.8017,0.0012,-0.0013,-38.9341,0.501,0.958,0.500,0.958,4327,1070,1835
1835,18.350,0.0055,-0.1019,-1.6942,-0.0019,-0.0028,-9.8002,-0.0020,-0.0000,-38.9474,0.500,0.957,0.501,0.958,4330,1071,1836
1836,18.360,0.0055,-0.1019,-1.6942,0.0034,-0.0015,-9.8007,0.0011,0.0004,-38.9590,0.501,0.959,0.500,0.958,4332,1071,1837
1837,18.370,0.0057,-0.1020,-1.6945,0.0024,-0.0019,-9.7999,0.0005,0.0011,-38.9727,0.500,0.958,0.500,0.958,4335,1072,1838
1838,18.380,0.0059,-0.1021,-1.6948,0.0023,-0.0011,-9.7971,-0.0014,-0.0012,-38.9843,0.500,0.957,0.500,0.959,4337,1073,1839
1839,18.390,0.0059,-0.1021,-1.6948,0.0014,0.0009,-9.7990,-0.0012,-0.0002,-38.9926,0.500,0.959,0.500,0.958,4339,1073,1840
1840,18.400,0.0061,-0.1023,-1.6952,0.0034,0.0015,-9.7982,-0.0003,-0.0003,-39.0084,0.500,0.958,0.500,0.958,4342,1074,1841
1841,18.410,0.0061,-0.1023,-1.6952,0.0017,-0.0005,-9.7998,0.0018,0.0009,-39.0189,0.500,0.959,0.500,0.958,4344,1074,1842
1842,18.420,0.0063,-0.1024,-1.6955,-0.0006,-0.0021,-9.8003,-0.0002,0.0009,-39.0279,0.500,0.958,0.501,0.958,4346,1075,1843
1843,18.430,0.0064,-0.1025,-1.6959,0.0017,0.0047,-9.7950,-0.0023,0.0001,-39.0412,0.500,0.957,0.501,0.958,4349,1076,1844
1844,18.440,0.0064,-0.1025,-1.6959,0.0030,0.0026,-9.7962,-0.0002,-0.0006,-39.0508,0.501,0.958,0.500,0.958,4351,1076,1845
1845,18.450,0.0066,-0.1026,-1.6962,-0.0002,0.0009,-9.7937,0.0000,0.0009,-39.0621,0.500,0.958,0.501,0.958,4353,1077,1846
1846,18.460,0.0066,-0.1026,-1.6962,0.0012,0.0004,-9.7903,-0.0007,-0.0000,-39.0747,0.500,0.958,0.500,0.959,4356,1077,1847
1847,18.470,0.0068,-0.1028,-1.6965,0.0018,0.0017,-9.7949,-0.0026,0.0013,-39.0854,0.500,0.957,0.501,0.958,4358,1078,1848
1848,18.480,0.0070,-0.1029,-1.6969,-0.0004,-0.0022,-9.7976,-0.0005,0.0007,-39.0984,0.501,0.958,0.500,0.957,4361,1079,1849
1849,18.490,0.0070,-0.1029,-1.6969,-0.0025,-0.0030,-9.7887,0.0012,-0.0000,-39.1105,0.501,0.958,0.500,0.958,4363,1079,1850
1850,18.500,0.0072,-0.1030,-1.6972,-0.0040,-0.0004,-9.7888,0.0006,0.0001,-39.1177,0.500,0.958,0.500,0.958,4365,1080,1851
1851,18.510,0.0072,-0.1030,-1.6972,0.0015,-0.0035,-9.7930,-0.0006,-0.0004,-39.1326,0.500,0.958,0.500,0.959,4368,1080,1852
1852,18.520,0.0073,-0.1031,-1.6975,0.0015,-0.0069,-9.7941,-0.0007,-0.0005,-39.1422,0.500,0.958,0.500,0.958,4370,1081,1853
1853,18.530,0.0073,-0.1031,-1.6975,0.0006,-0.0030,-9.7965,-0.0001,-0.0003,-39.1522,0.500,0.959,0.500,0.959,4372,1081,1854
1854,18.540,0.0075,-0.1033,-1.6979,-0.0019,-0.0035,-9.7946,-0.0003,0.0002,-39.1628,0.500,0.958,0.500,0.958,4374,1082,1855
1855,18.550,0.0075,-0.1033,-1.6979,-0.0013,-0.0046,-9.7940,-0.0010,0.0025,-39.1721,0.500,0.959,0.501,0.958,4376,1082,1856
1856,18.560,0.0077,-0.1034,-1.6982,0.0039,0.0003,-9.7988,-0.0003,0.0001,-39.1862,0.501,0.958,0.500,0.958,4379,1083,1857
1857,18.570,0.0079,-0.1035,-1.6985,0.0011,0.0012,-9.7985,-0.0004,0.0001,-39.1965,0.500,0.958,0.500,0.958,4381,1084,1858
1858,18.580,0.0079,-0.1035,-1.6985,0.0024,0.0041,-9.7949,0.0001,-0.0010,-39.2050,0.501,0.958,0.500,0.959,4383,1084,1859
1859,18.590,0.0081,-0.1036,-1.6988,0.0007,0.0023,-9.7952,0.0001,-0.0013,-39.2193,0.500,0.958,0.500,0.958,4386,1085,1860
1860,18.600,0.0081,-0.1036,-1.6988,0.0006,0.0024,-9.7964,-0.0010,-0.0002,-39.2294,0.500,0.958,0.501,0.959,4388,1085,1861
1861,18.610,0.0083,-0.1037,-1.6992,-0.0001,0.0009,-9.7978,-0.0007,0.0008,-39.2409,0.500,0.958,0.500,0.958,4391,1086,1862
1862,18.620,0.0085,-0.1039,-1.6995,-0.0010,0.0025,-9.7943,0.0019,-0.0002,-39.2532,0.501,0.958,0.500,0.957,4393,1087,1863
1863,18.630,0.0085,-0.1039,-1.6995,0.0008,-0.0008,-9.7945,0.0002,-0.0008,-39.2618,0.500,0.958,0.500,0.959,4395,1087,1864
1864,18.640,0.0087,-0.1040,-1.6998,0.0000,-0.0001,-9.7978,0.0015,0.0012,-39.2706,0.500,0.959,0.500,0.958,4397,1088,1865
1865,18.650,0.0087,-0.1040,-1.6998,0.0039,0.0003,-9.7960,0.0008,0.0005,-39.2800,0.500,0.959,0.500,0.959,4399,1088,1866
1866,18.660,0.0088,-0.1041,-1.7001,0.0012,-0.0028,-9.7998,-0.0008,0.0005,-39.2939,0.500,0.958,0.501,0.958,4402,1089,1867
1867,18.670,0.0088,-0.1041,-1.7001,-0.0008,-0.0035,-9.7957,-0.0003,0.0001,-39.3053,0.500,0.959,0.500,0.959,4404,1089,1868
1868,18.680,0.0090,-0.1042,-1.7004,0.0002,-0.0008,-9.8019,-0.0016,0.0001,-39.3142,0.500,0.958,0.501,0.959,4406,1090,1869
1869,18.690,0.0090,-0.1042,-1.7004,0.0011,-0.0002,-9.8008,0.0005,-0.0005,-39.3222,0.501,0.959,0.500,0.958,4408,1090,1870
1870,18.700,0.0092,-0.1043,-1.7007,0.0021,-0.0027,-9.7976,0.0003,0.0001,-39.3333,0.500,0.959,0.500,0.959,4410,1091,1871
1871,18.710,0.0094,-0.1045,-1.7011,-0.0000,0.0034,-9.7988,0.0004,-0.0003,-39.3457,0.500,0.958,0.500,0.958,4413,1092,1872
1872,18.720,0.0094,-0.1045,-1.7011,-0.0012,0.0067,-9.7980,0.0020,-0.0002,-39.3553,0.501,0.959,0.500,0.958,4415,1092,1873
1873,18.730,0.0096,-0.1046,-1.7014,0.0008,0.0003,-9.7997,-0.0010,-0.0007,-39.3707,0.500,0.957,0.501,0.959,4418,1093,1874
1874,18.740,0.0096,-0.1046,-1.7014,-0.0019,-0.0008,-9.7975,-0.0007,-0.0013,-39.3811,0.500,0.959,0.500,0.959,4420,1093,1875
1875,18.750,0.0098,-0.1047,-1.7017,-0.0010,-0.0015,-9.7983,-0.0010,-0.0004,-39.3888,0.500,0.958,0.500,0.958,4422,1094,1876
1876,18.760,0.0098,-0.1047,-1.7017,0.0011,0.0010,-9.7985,-0.0006,-0.0001,-39.3989,0.500,0.959,0.500,0.959,4424,1094,1877
1877,18.770,0.0100,-0.1048,-1.7020,-0.0025,-0.0007,-9.8036,0.0004,-0.0004,-39.4082,0.500,0.959,0.500,0.958,4426,1095,1878
1878,18.780,0.0102,-0.1049,-1.7023,-0.0003,0.0004,-9.7994,0.0024,0.0027,-39.4205,0.500,0.959,0.500,0.957,4429,1096,1879
1879,18.790,0.0102,-0.1049,-1.7023,-0.0007,-0.0043,-9.7990,-0.0004,-0.0001,-39.4291,0.500,0.958,0.500,0.960,4431,1096,1880
1880,18.800,0.0104,-0.1050,-1.7026,0.0048,0.0005,-9.8046,-0.0003,0.0010,-39.4442,0.500,0.958,0.500,0.958,4434,1097,1881
1881,18.810,0.0104,-0.1050,-1.7026,0.0011,-0.0009,-9.8016,-0.0004,-0.0008,-39.4565,0.501,0.958,0.500,0.959,4436,1097,1882
1882,18.820,0.0106,-0.1051,-1.7030,0.0004,-0.0030,-9.8053,0.0004,0.0007,-39.4653,0.500,0.959,0.500,0.958,4438,1098,1883
1883,18.830,0.0106,-0.1051,-1.7030,0.0018,0.0012,-9.8025,0.0002,0.0018,-39.4735,0.500,0.959,0.501,0.959,4440,1098,1884
1884,18.840,0.0108,-0.1053,-1.7033,0.0026,-0.0022,-9.8053,0.0003,-0.0005,-39.4863,0.501,0.958,0.500,0.959,4443,1099,1885
1885,18.850,0.0110,-0.1054,-1.7036,-0.0021,-0.0007,-9.7992,-0.0006,-0.0008,-39.4963,0.500,0.958,0.500,0.958,4445,1100,1886
1886,18.860,0.0110,-0.1054,-1.7036,-0.0031,0.0022,-9.7964,-0.0013,0.0001,-39.5048,0.500,0.958,0.501,0.959,4447,1100,1887
1887,18.870,0.0112,-0.1055,-1.7039,0.0005,0.0035,-9.7938,-0.0011,-0.0008,-39.5128,0.500,0.958,0.500,0.958,4449,1101,1888
1888,18.880,0.0112,-0.1055,-1.7039,0.0001,0.0009,-9.7993,0.0017,0.0001,-39.5232,0.501,0.959,0.500,0.958,4451,1101,1889
1889,18.890,0.0114,-0.1056,-1.7042,0.0007,-0.0002,-9.7994,-0.0003,-0.0001,-39.5391,0.500,0.958,0.501,0.958,4454,1102,1890
1890,18.900,0.0114,-0.1056,-1.7042,0.0002,0.0010,-9.8005,-0.0004,-0.0003,-39.5483,0.500,0.959,0.500,0.959,4456,1102,1891
1891,18.910,0.0115,-0.1057,-1.7045,0.0010,0.0007,-9.8048,-0.0009,-0.0012,-39.5614,0.500,0.958,0.500,0.959,4459,1103,1892
1892,18.920,0.0117,-0.1058,-1.7049,0.0010,0.0002,-9.7969,0.0002,-0.0007,-39.5691,0.500,0.958,0.500,0.958,4461,1104,1893
1893,18.930,0.0117,-0.1058,-1.7049,0.0012,-0.0036,-9.7963,0.0012,-0.0001,-39.5815,0.500,0.959,0.500,0.958,4463,1104,1894
1894,18.940,0.0119,-0.1059,-1.7052,-0.0009,-0.0005,-9.7975,0.0000,0.0018,-39.5889,0.500,0.958,0.501,0.957,4465,1105,1895
1895,18.950,0.0119,-0.1059,-1.7052,-0.0041,0.0015,-9.7976,-0.0014,0.0013,-39.5983,0.500,0.958,0.501,0.959,4467,1105,1896
1896,18.960,0.0121,-0.1060,-1.7055,0.0033,0.0004,-9.8036,-0.0004,-0.0011,-39.6127,0.501,0.958,0.500,0.958,4470,1106,1897
1897,18.970,0.0121,-0.1060,-1.7055,0.0015,0.0016,-9.8021,0.0005,0.0001,-39.6226,0.500,0.959,0.500,0.959,4472,1106,1898
1898,18.980,0.0123,-0.1062,-1.7058,0.0003,0.0031,-9.8012,0.0018,0.0017,-39.6306,0.500,0.959,0.500,0.958,4474,1107,1899
1899,18.990,0.0125,-0.1063,-1.7061,-0.0000,-0.0004,-9.8002,0.0012,-0.0009,-39.6432,0.501,0.957,0.500,0.958,4477,1108,1900
1900,19.000,0.0125,-0.1063,-1.7061,-0.0023,-0.0019,-9.7941,-0.0019,-0.0006,-39.6558,0.500,0.957,0.501,0.959,4479,1108,1901
1901,19.010,0.0127,-0.1064,-1.7064,0.0001,-0.0004,-9.7950,0.0001,0.0007,-39.6674,0.500,0.959,0.500,0.958,4482,1109,1902
1902,19.020,0.0127,-0.1064,-1.7064,0.0001,0.0027,-9.7959,-0.0004,-0.0002,-39.6739,0.500,0.958,0.500,0.959,4484,1109,1903
1903,19.030,0.0129,-0.1065,-1.7067,-0.0020,0.0033,-9.7973,-0.0015,0.0001,-39.6853,0.500,0.958,0.501,0.958,4486,1110,1904
1904,19.040,0.0131,-0.1066,-1.7071,-0.0045,-0.0010,-9.7960,-0.0013,0.0011,-39.7001,0.500,0.958,0.501,0.957,4489,1111,1905
1905,19.050,0.0131,-0.1066,-1.7071,0.0012,-0.0016,-9.7903,0.0013,0.0019,-39.7064,0.500,0.959,0.500,0.958,4491,1111,1906
1906,19.060,0.0133,-0.1067,-1.7074,-0.0013,-0.0041,-9.7947,-0.0006,-0.0003,-39.7196,0.500,0.957,0.500,0.959,4494,1112,1907
1907,19.070,0.0133,-0.1067,-1.7074,0.0003,-0.0009,-9.7928,-0.0002,-0.0002,-39.7293,0.500,0.959,0.500,0.959,4496,1112,1908
1908,19.080,0.0136,-0.1068,-1.7077,0.0000,-0.0029,-9.7950,0.0003,0.0007,-39.7442,0.500,0.958,0.500,0.958,4499,1113,1909
1909,19.090,0.0138,-0.1069,-1.7080,0.0051,0.0028,-9.8008,-0.0019,-0.0002,-39.7527,0.500,0.957,0.501,0.958,4501,1114,1910
1910,19.100,0.0138,-0.1069,-1.7080,0.0035,0.0040,-9.7922,0.0017,0.0004,-39.7620,0.501,0.959,0.500,0.957,4503,1114,1911
1911,19.110,0.0140,-0.1070,-1.7083,0.0014,0.0044,-9.7903,0.0001,0.0006,-39.7708,0.500,0.958,0.501,0.958,4505,1115,1912
1912,19.120,0.0140,-0.1070,-1.7083,0.0030,0.0010,-9.7920,-0.0010,0.0012,-39.7793,0.500,0.958,0.501,0.958,4507,1115,1913
1913,19.130,0.0142,-0.1071,-1.7086,-0.0020,-0.0006,-9.7910,-0.0018,-0.0003,-39.7934,0.500,0.958,0.500,0.959,4510,1116,1914
1914,19.140,0.0142,-0.1071,-1.7086,-0.0014,-0.0006,-9.7943,-0.0012,-0.0009,-39.8036,0.500,0.958,0.500,0.959,4512,1116,1915
1915,19.150,0.0144,-0.1072,-1.7089,-0.0030,0.0016,-9.7975,0.0005,0.0006,-39.8111,0.500,0.959,0.500,0.958,4514,1117,1916
1916,19.160,0.0146,-0.1073,-1.7092,-0.0031,0.0007,-9.7954,0.0014,0.0020,-39.8237,0.500,0.958,0.500,0.957,4517,1118,1917
1917,19.170,0.0146,-0.1073,-1.7092,0.0022,0.0016,-9.7935,-0.0006,-0.0003,-39.8325,0.500,0.958,0.500,0.959,4519,1118,1918
1918,19.180,0.0148,-0.1074,-1.7095,-0.0013,-0.0002,-9.7930,-0.0004,0.0011,-39.8429,0.500,0.958,0.501,0.958,4521,1119,1919
1919,19.190,0.0148,-0.1074,-1.7095,0.0012,-0.0011,-9.7952,0.0005,-0.0014,-39.8558,0.501,0.958,0.500,0.958,4524,1119,1920
1920,19.200,0.0150,-0.1075,-1.7098,-0.0015,-0.0024,-9.7923,0.0007,-0.0009,-39.8638,0.500,0.958,0.500,0.958,4526,1120,1921
1921,19.210,0.0152,-0.1076,-1.7100,0.0003,-0.0003,-9.7965,-0.0004,0.0005,-39.8791,0.500,0.958,0.501,0.957,4529,1121,1922
1922,19.220,0.0152,-0.1076,-1.7100,0.0009,0.0012,-9.7918,0.0004,-0.0006,-39.8876,0.501,0.958,0.500,0.958,4531,1121,1923
1923,19.230,0.0154,-0.1077,-1.7103,0.0024,-0.0014,-9.7923,-0.0000,0.0000,-39.8964,0.500,0.958,0.500,0.958,4533,1122,1924
1924,19.240,0.0154,-0.1077,-1.7103,0.0035,0.0025,-9.7924,0.0013,0.0000,-39.9079,0.501,0.959,0.500,0.958,4536,1122,1925
1925,19.250,0.0156,-0.1078,-1.7106,0.0012,0.0008,-9.7912,-0.0000,0.0003,-39.9177,0.500,0.958,0.500,0.958,4538,1123,1926
1926,19.260,0.0156,-0.1078,-1.7106,0.0030,0.0014,-9.7922,-0.0006,0.0009,-39.9276,0.500,0.959,0.501,0.958,4540,1123,1927
1927,19.270,0.0158,-0.1079,-1.7109,0.0015,0.0006,-9.7957,-0.0022,0.0008,-39.9397,0.500,0.958,0.501,0.958,4543,1124,1928
1928,19.280,0.0160,-0.1080,-1.7112,-0.0006,0.0018,-9.7949,-0.0008,-0.0015,-39.9487,0.501,0.957,0.500,0.958,4545,1125,1929
1929,19.290,0.0160,-0.1080,-1.7112,-0.0027,-0.0005,-9.7946,0.0004,-0.0010,-39.9578,0.500,0.959,0.500,0.958,4547,1125,1930
1930,19.300,0.0162,-0.1081,-1.7114,-0.0013,-0.0037,-9.7961,0.0008,-0.0002,-39.9651,0.500,0.959,0.500,0.958,4549,1126,1931
1931,19.310,0.0162,-0.1081,-1.7114,0.0006,0.0008,-9.7958,0.0002,-0.0006,-39.9800,0.500,0.959,0.500,0.959,4552,1126,1932
1932,19.320,0.0164,-0.1082,-1.7117,0.0056,0.0031,-9.7987,0.0008,0.0011,-39.9883,0.500,0.959,0.500,0.958,4554,1127,1933
1933,19.330,0.0164,-0.1082,-1.7117,-0.0020,-0.0050,-9.8011,-0.0009,0.0007,-39.9976,0.500,0.958,0.501,0.959,4556,1127,1934
1934,19.340,0.0167,-0.1083,-1.7120,0.0012,-0.0037,-9.7981,0.0005,-0.0003,-40.0075,0.501,0.958,0.500,0.958,4558,1128,1935
1935,19.350,0.0169,-0.1084,-1.7123,0.0001,-0.0039,-9.8027,0.0001,-0.0001,-40.0205,0.500,0.958,0.500,0.958,4561,1129,1936
1936,19.360,0.0169,-0.1084,-1.7123,0.0005,-0.0016,-9.7955,-0.0003,0.0003,-40.0304,0.500,0.959,0.500,0.959,4563,1129,1937
1937,19.370,0.0171,-0.1085,-1.7125,0.0012,0.0031,-9.8000,0.0015,-0.0018,-40.0407,0.502,0.958,0.500,0.958,4566,1130,1938
1938,19.380,0.0171,-0.1085,-1.7125,0.0017,-0.0004,-9.7995,0.0011,0.0002,-40.0509,0.500,0.959,0.501,0.958,4568,1130,1939
1939,19.390,0.0173,-0.1086,-1.7128,0.0005,0.0016,-9.7985,0.0002,-0.0005,-40.0600,0.500,0.958,0.500,0.959,4570,1131,1940
1940,19.400,0.0173,-0.1086,-1.7128,0.0042,-0.0010,-9.7977,0.0011,0.0006,-40.0691,0.500,0.960,0.500,0.959,4572,1131,1941
1941,19.410,0.0175,-0.1087,-1.7131,0.0013,0.0045,-9.8054,-0.0008,-0.0006,-40.0806,0.500,0.958,0.500,0.959,4575,1132,1942
1942,19.420,0.0177,-0.1088,-1.7134,-0.0007,0.0015,-9.8065,-0.0018,-0.0003,-40.0900,0.500,0.958,0.501,0.958,4577,1133,1943
1943,19.430,0.0177,-0.1088,-1.7134,-0.0014,0.0007,-9.8038,0.0014,0.0006,-40.1028,0.501,0.959,0.500,0.958,4580,1133,1944
1944,19.440,0.0179,-0.1089,-1.7136,0.0019,0.0004,-9.8025,-0.0003,0.0019,-40.1124,0.500,0.958,0.501,0.958,4582,1134,1945
1945,19.450,0.0179,-0.1089,-1.7136,-0.0023,-0.0015,-9.7987,0.0005,0.0001,-40.1216,0.501,0.959,0.500,0.959,4584,1134,1946
1946,19.460,0.0182,-0.1090,-1.7139,0.0008,0.0009,-9.8002,-0.0004,0.0005,-40.1289,0.500,0.958,0.500,0.958,4586,1135,1947
1947,19.470,0.0182,-0.1090,-1.7139,-0.0066,-0.0004,-9.8008,-0.0020,-0.0000,-40.1385,0.500,0.958,0.501,0.959,4588,1135,1948
1948,19.480,0.0184,-0.1091,-1.7142,0.0022,0.0016,-9.8041,0.0003,0.0004,-40.1506,0.500,0.959,0.500,0.958,4591,1136,1949
1949,19.490,0.0186,-0.1092,-1.7145,0.0041,0.0003,-9.8047,0.0016,0.0015,-40.1608,0.500,0.959,0.500,0.958,4593,1137,1950
1950,19.500,0.0186,-0.1092,-1.7145,0.0014,0.0016,-9.7992,-0.0012,-0.0005,-40.1744,0.500,0.958,0.500,0.960,4596,1137,1951
1951,19.510,0.0188,-0.1093,-1.7148,-0.0003,0.0012,-9.8033,0.0001,-0.0006,-40.1820,0.500,0.958,0.500,0.958,4598,1138,1952
1952,19.520,0.0188,-0.1093,-1.7148,-0.0037,0.0037,-9.8038,-0.0008,-0.0015,-40.1903,0.500,0.959,0.500,0.959,4600,1138,1953
1953,19.530,0.0190,-0.1094,-1.7150,0.0023,-0.0009,-9.8014,0.0007,-0.0000,-40.2034,0.500,0.959,0.500,0.958,4603,1139,1954
1954,19.540,0.0192,-0.1095,-1.7153,-0.0002,0.0020,-9.8035,0.0022,0.0000,-40.2110,0.501,0.958,0.500,0.958,4605,1140,1955
1955,19.550,0.0192,-0.1095,-1.7153,-0.0022,0.0038,-9.8031,0.0013,0.0016,-40.2214,0.500,0.959,0.501,0.958,4607,1140,1956
1956,19.560,0.0195,-0.1096,-1.7156,-0.0013,0.0002,-9.8000,0.0018,0.0007,-40.2299,0.501,0.958,0.500,0.958,4609,1141,1957
1957,19.570,0.0195,-0.1096,-1.7156,-0.0050,0.0020,-9.7950,0.0001,0.0008,-40.2444,0.500,0.958,0.501,0.959,4612,1141,1958
1958,19.580,0.0197,-0.1096,-1.7159,-0.0010,-0.0060,-9.8013,0.0004,-0.0020,-40.2507,0.501,0.957,0.500,0.958,4614,1142,1959
1959,19.590,0.0199,-0.1097,-1.7162,-0.0006,-0.0017,-9.8006,0.0000,-0.0019,-40.2633,0.500,0.958,0.500,0.958,4617,1143,1960
1960,19.600,0.0199,-0.1097,-1.7162,-0.0008,-0.0037,-9.7930,0.0000,0.0001,-40.2734,0.500,0.959,0.501,0.958,4619,1143,1961
1961,19.610,0.0201,-0.1098,-1.7164,-0.0009,-0.0037,-9.7986,0.0000,-0.0000,-40.2813,0.500,0.958,0.500,0.958,4621,1144,1962
1962,19.620,0.0201,-0.1098,-1.7164,-0.0013,-0.0023,-9.7962,0.0002,0.0013,-40.2898,0.500,0.959,0.500,0.958,4623,1144,1963
1963,19.630,0.0203,-0.1099,-1.7167,0.0032,-0.0038,-9.7986,0.0004,0.0002,-40.3015,0.500,0.958,0.500,0.958,4626,1145,1964
1964,19.640,0.0203,-0.1099,-1.7167,0.0023,-0.0018,-9.8019,0.0014,-0.0002,-40.3127,0.501,0.959,0.500,0.958,4628,1145,1965
1965,19.650,0.0206,-0.1100,-1.7170,0.0046,-0.0004,-9.8005,-0.0024,-0.0010,-40.3245,0.500,0.957,0.501,0.959,4631,1146,1966
1966,19.660,0.0208,-0.1101,-1.7173,0.0027,-0.0007,-9.7997,0.0001,0.0002,-40.3316,0.500,0.958,0.500,0.957,4633,1147,1967
1967,19.670,0.0208,-0.1101,-1.7173,-0.0003,0.0020,-9.7947,0.0010,0.0014,-40.3451,0.500,0.959,0.500,0.958,4636,1147,1968
1968,19.680,0.0210,-0.1102,-1.7175,-0.0024,0.0012,-9.7976,0.0009,-0.0008,-40.3541,0.501,0.958,0.500,0.958,4638,1148,1969
1969,19.690,0.0210,-0.1102,-1.7175,-0.0038,0.0009,-9.7961,-0.0013,0.0004,-40.3614,0.500,0.958,0.501,0.958,4640,1148,1970
1970,19.700,0.0212,-0.1103,-1.7178,0.0003,-0.0024,-9.7970,0.0006,-0.0004,-40.3739,0.501,0.958,0.500,0.958,4643,1149,1971
1971,19.710,0.0215,-0.1104,-1.7181,-0.0016,-0.0023,-9.7933,-0.0009,-0.0016,-40.3829,0.500,0.957,0.500,0.959,4645,1150,1972
1972,19.720,0.0215,-0.1104,-1.7181,0.0002,0.0008,-9.7978,0.0001,-0.0009,-40.3917,0.500,0.959,0.500,0.958,4647,1150,1973
1973,19.730,0.0217,-0.1104,-1.7184,0.0010,-0.0013,-9.7948,0.0016,-0.0011,-40.3980,0.501,0.958,0.500,0.958,4649,1151,1974
1974,19.740,0.0217,-0.1104,-1.7184,0.0017,-0.0044,-9.7910,-0.0006,-0.0000,-40.4109,0.500,0.958,0.501,0.958,4652,1151,1975
1975,19.750,0.0219,-0.1105,-1.7186,0.0007,-0.0032,-9.7950,-0.0011,0.0006,-40.4193,0.500,0.958,0.501,0.958,4654,1152,1976
1976,19.760,0.0221,-0.1106,-1.7189,0.0014,-0.0031,-9.7950,0.0015,0.0010,-40.4334,0.501,0.958,0.500,0.957,4657,1153,1977
1977,19.770,0.0221,-0.1106,-1.7189,0.0018,-0.0021,-9.7920,-0.0008,0.0015,-40.4409,0.500,0.958,0.501,0.958,4659,1153,1978
1978,19.780,0.0224,-0.1107,-1.7192,-0.0000,0.0006,-9.7925,-0.0001,-0.0016,-40.4498,0.501,0.957,0.500,0.958,4661,1154,1979
1979,19.790,0.0224,-0.1107,-1.7192,-0.0006,0.0010,-9.7901,-0.0009,-0.0005,-40.4584,0.500,0.958,0.501,0.958,4663,1154,1980
1980,19.800,0.0226,-0.1108,-1.7194,0.0060,0.0003,-9.7976,0.0000,-0.0003,-40.4673,0.500,0.958,0.500,0.958,4665,1155,1981
1981,19.810,0.0226,-0.1108,-1.7194,0.0019,-0.0025,-9.7911,-0.0015,-0.0004,-40.4757,0.500,0.958,0.501,0.959,4667,1155,1982
1982,19.820,0.0228,-0.1109,-1.7197,-0.0020,0.0028,-9.7946,-0.0003,-0.0006,-40.4873,0.500,0.958,0.500,0.958,4670,1156,1983
1983,19.830,0.0228,-0.1109,-1.7197,-0.0012,0.0024,-9.7977,0.0005,0.0009,-40.4953,0.500,0.959,0.500,0.958,4672,1156,1984
1984,19.840,0.0230,-0.1109,-1.7199,-0.0010,0.0010,-9.8007,-0.0010,-0.0004,-40.5083,0.500,0.958,0.500,0.959,4675,1157,1985
1985,19.850,0.0233,-0.1110,-1.7202,0.0023,-0.0021,-9.8015,0.0013,-0.0008,-40.5174,0.501,0.958,0.500,0.957,4677,1158,1986
1986,19.860,0.0233,-0.1110,-1.7202,-0.0018,-0.0036,-9.7992,0.0002,-0.0005,-40.5305,0.500,0.958,0.500,0.959,4680,1158,1987
1987,19.870,0.0235,-0.1111,-1.7205,-0.0064,-0.0022,-9.7978,-0.0001,-0.0011,-40.5375,0.500,0.958,0.500,0.958,4682,1159,1988
1988,19.880,0.0237,-0.1112,-1.7207,0.0012,0.0004,-9.8020,0.0004,0.0004,-40.5503,0.500,0.958,0.500,0.958,4685,1160,1989
1989,19.890,0.0237,-0.1112,-1.7207,0.0025,-0.0028,-9.7961,0.0006,-0.0006,-40.5584,0.501,0.958,0.500,0.958,4687,1160,1990
1990,19.900,0.0239,-0.1113,-1.7210,0.0015,0.0014,-9.7934,-0.0013,-0.0013,-40.5670,0.500,0.958,0.500,0.959,4689,1161,1991
1991,19.910,0.0239,-0.1113,-1.7210,0.0028,0.0006,-9.7979,0.0001,0.0004,-40.5784,0.500,0.959,0.500,0.958,4692,1161,1992
1992,19.920,0.0242,-0.1113,-1.7212,-0.0009,0.0029,-9.7966,0.0006,0.0027,-40.5871,0.500,0.959,0.501,0.957,4694,1162,1993
1993,19.930,0.0242,-0.1113,-1.7212,-0.0003,0.0026,-9.7964,0.0010,-0.0010,-40.5963,0.501,0.958,0.500,0.959,4696,1162,1994
1994,19.940,0.0244,-0.1114,-1.7215,-0.0035,0.0046,-9.8005,0.0003,-0.0011,-40.6052,0.500,0.958,0.500,0.959,4698,1163,1995
1995,19.950,0.0246,-0.1115,-1.7217,-0.0012,-0.0011,-9.7987,-0.0001,-0.0005,-40.6156,0.500,0.958,0.500,0.958,4701,1164,1996
1996,19.960,0.0246,-0.1115,-1.7217,-0.0035,0.0004,-9.7948,-0.0009,-0.0010,-40.6254,0.500,0.958,0.500,0.959,4703,1164,1997
1997,19.970,0.0249,-0.1116,-1.7220,-0.0028,-0.0016,-9.7994,0.0009,-0.0003,-40.6387,0.500,0.959,0.500,0.958,4706,1165,1998
1998,19.980,0.0249,-0.1116,-1.7220,-0.0006,-0.0033,-9.7967,0.0002,-0.0002,-40.6448,0.500,0.959,0.500,0.959,4708,1165,1999
1999,19.990,0.0251,-0.1116,-1.7222,-0.0012,-0.0014,-9.8002,-0.0028,-0.0005,-40.6581,0.500,0.957,0.501,0.959,4711,1166,2000
2000,20.000,0.0253,-0.1117,-1.7225,0.0027,-0.0038,-9.8022,0.0004,0.0010,-40.6681,0.500,0.959,0.500,0.957,4713,1167,2001
2001,20.010,0.0253,-0.1117,-1.7225,0.0039,-0.0035,-9.7993,0.0003,0.0006,-40.6750,0.500,0.959,0.500,0.959,4715,1167,2002
2002,20.020,0.0256,-0.1118,-1.7227,0.0021,-0.0032,-9.7988,0.0013,0.0000,-40.6829,0.501,0.958,0.500,0.958,4717,1168,2003
2003,20.030,0.0256,-0.1118,-1.7227,-0.0026,-0.0000,-9.7953,0.0009,-0.0007,-40.6890,0.500,0.959,0.500,0.959,4719,1168,2004
2004,20.040,0.0258,-0.1119,-1.7230,0.0008,-0.0038,-9.7971,0.0007,0.0010,-40.7032,0.500,0.959,0.501,0.958,4722,1169,2005
2005,20.050,0.0258,-0.1119,-1.7230,0.0017,-0.0026,-9.7986,-0.0005,-0.0008,-40.7112,0.500,0.958,0.500,0.959,4724,1169,2006
2006,20.060,0.0260,-0.1119,-1.7232,0.0017,-0.0009,-9.8000,-0.0004,-0.0006,-40.7191,0.500,0.959,0.500,0.959,4726,1170,2007
2007,20.070,0.0263,-0.1120,-1.7235,-0.0049,-0.0041,-9.8029,-0.0008,0.0003,-40.7343,0.500,0.958,0.501,0.958,4729,1171,2008
2008,20.080,0.0263,-0.1120,-1.7235,-0.0008,0.0002,-9.8026,0.0005,0.0013,-40.7401,0.500,0.959,0.500,0.958,4731,1171,2009
2009,20.090,0.0265,-0.1121,-1.7237,-0.0011,0.0005,-9.7970,-0.0009,0.0003,-40.7486,0.500,0.958,0.500,0.959,4733,1172,2010
2010,20.100,0.0265,-0.1121,-1.7237,-0.0014,0.0007,-9.7965,-0.0007,-0.0007,-40.7607,0.500,0.959,0.500,0.959,4736,1172,2011
2011,20.110,0.0267,-0.1122,-1.7240,-0.0016,0.0035,-9.8016,0.0005,-0.0015,-40.7691,0.501,0.958,0.500,0.958,4738,1173,2012
2012,20.120,0.0270,-0.1122,-1.7242,-0.0003,-0.0016,-9.8037,0.0017,-0.0005,-40.7827,0.500,0.958,0.500,0.958,4741,1174,2013
2013,20.130,0.0270,-0.1122,-1.7242,0.0044,-0.0011,-9.7985,-0.0001,0.0005,-40.7885,0.500,0.958,0.501,0.958,4743,1174,2014
2014,20.140,0.0272,-0.1123,-1.7245,-0.0003,0.0000,-9.7977,0.0011,0.0008,-40.7978,0.500,0.959,0.500,0.958,4745,1175,2015
2015,20.150,0.0272,-0.1123,-1.7245,0.0052,-0.0042,-9.7986,0.0009,-0.0010,-40.8055,0.501,0.958,0.500,0.959,4747,1175,2016
2016,20.160,0.0274,-0.1124,-1.7247,0.0026,0.0021,-9.7974,0.0007,-0.0007,-40.8133,0.500,0.959,0.500,0.958,4749,1176,2017
2017,20.170,0.0274,-0.1124,-1.7247,0.0001,-0.0004,-9.7982,-0.0010,-0.0009,-40.8252,0.500,0.958,0.500,0.959,4752,1176,2018
2018,20.180,0.0277,-0.1124,-1.7250,0.0008,-0.0012,-9.8022,0.0006,0.0012,-40.8345,0.500,0.959,0.500,0.958,4754,1177,2019
2019,20.190,0.0277,-0.1124,-1.7250,0.0001,0.0006,-9.8046,0.0006,0.0003,-40.8412,0.500,0.959,0.500,0.959,4756,1177,2020
2020,20.200,0.0279,-0.1125,-1.7252,-0.0001,-0.0009,-9.8084,0.0010,-0.0003,-40.8529,0.500,0.959,0.500,0.959,4759,1178,2021
2021,20.210,0.0281,-0.1126,-1.7255,0.0020,-0.0015,-9.8013,0.0009,0.0011,-40.8608,0.500,0.959,0.500,0.958,4761,1179,2022
2022,20.220,0.0281,-0.1126,-1.7255,-0.0003,-0.0006,-9.8009,0.0005,-0.0000,-40.8689,0.500,0.959,0.500,0.959,4763,1179,2023
2023,20.230,0.0284,-0.1126,-1.7257,-0.0004,-0.0008,-9.7983,0.0011,0.0000,-40.8793,0.500,0.959,0.500,0.958,4765,1180,2024
2024,20.240,0.0284,-0.1126,-1.7257,-0.0036,0.0009,-9.8010,-0.0009,-0.0012,-40.8886,0.500,0.958,0.500,0.959,4768,1180,2025
2025,20.250,0.0286,-0.1127,-1.7260,-0.0008,-0.0027,-9.8029,0.0014,0.0014,-40.8982,0.500,0.959,0.500,0.958,4770,1181,2026
2026,20.260,0.0289,-0.1128,-1.7262,0.0001,-0.0009,-9.7980,-0.0015,-0.0004,-40.9097,0.500,0.957,0.500,0.959,4773,1182,2027
2027,20.270,0.0289,-0.1128,-1.7262,-0.0011,-0.0016,-9.8002,0.0011,0.0006,-40.9189,0.501,0.959,0.500,0.958,4775,1182,2028
2028,20.280,0.0291,-0.1128,-1.7265,0.0040,-0.0001,-9.7989,-0.0001,0.0010,-40.9270,0.500,0.958,0.501,0.958,4777,1183,2029
2029,20.290,0.0291,-0.1128,-1.7265,0.0020,-0.0028,-9.7995,-0.0019,-0.0015,-40.9336,0.500,0.958,0.500,0.960,4779,1183,2030
2030,20.300,0.0293,-0.1129,-1.7267,0.0006,0.0017,-9.7960,-0.0004,0.0001,-40.9460,0.500,0.959,0.500,0.958,4782,1184,2031
2031,20.310,0.0293,-0.1129,-1.7267,0.0026,0.0003,-9.7993,0.0019,0.0004,-40.9552,0.501,0.959,0.500,0.958,4784,1184,2032
2032,20.320,0.0296,-0.1130,-1.7270,-0.0009,0.0004,-9.8049,0.0007,-0.0002,-40.9665,0.500,0.958,0.500,0.959,4787,1185,2033
2033,20.330,0.0298,-0.1130,-1.7272,0.0019,0.0031,-9.8007,0.0004,-0.0015,-40.9722,0.501,0.958,0.500,0.958,4789,1186,2034
2034,20.340,0.0298,-0.1130,-1.7272,0.0013,0.0000,-9.7980,0.0016,-0.0006,-40.9819,0.500,0.959,0.500,0.958,4791,1186,2035
2035,20.350,0.0301,-0.1131,-1.7275,-0.0007,0.0016,-9.8005,-0.0021,-0.0018,-40.9900,0.500,0.957,0.501,0.959,4793,1187,2036
2036,20.360,0.0301,-0.1131,-1.7275,-0.0016,0.0018,-9.7956,-0.0006,0.0001,-41.0024,0.500,0.959,0.500,0.958,4796,1187,2037
2037,20.370,0.0303,-0.1131,-1.7277,-0.0001,0.0027,-9.8017,-0.0006,0.0004,-41.0092,0.500,0.958,0.500,0.958,4798,1188,2038
2038,20.380,0.0303,-0.1131,-1.7277,-0.0019,-0.0008,-9.8014,0.0007,-0.0009,-41.0180,0.501,0.958,0.500,0.958,4800,1188,2039
2039,20.390,0.0305,-0.1132,-1.7280,0.0015,0.0016,-9.7984,0.0010,0.0005,-41.0246,0.500,0.959,0.500,0.958,4802,1189,2040
2040,20.400,0.0308,-0.1133,-1.7282,0.0034,-0.0003,-9.7964,-0.0005,-0.0009,-41.0379,0.500,0.958,0.500,0.959,4805,1190,2041
2041,20.410,0.0308,-0.1133,-1.7282,0.0023,-0.0022,-9.7978,0.0008,0.0000,-41.0430,0.500,0.959,0.500,0.958,4807,1190,2042
2042,20.420,0.0310,-0.1133,-1.7285,-0.0032,-0.0004,-9.7966,-0.0002,-0.0013,-41.0539,0.500,0.958,0.500,0.959,4809,1191,2043
2043,20.430,0.0310,-0.1133,-1.7285,-0.0001,-0.0002,-9.7964,0.0000,0.0012,-41.0654,0.500,0.959,0.501,0.958,4812,1191,2044
2044,20.440,0.0313,-0.1134,-1.7287,0.0002,0.0006,-9.7987,-0.0001,-0.0002,-41.0742,0.500,0.958,0.500,0.958,4814,1192,2045
2045,20.450,0.0313,-0.1134,-1.7287,0.0044,0.0013,-9.7987,-0.0006,0.0009,-41.0810,0.500,0.959,0.501,0.958,4816,1192,2046
2046,20.460,0.0315,-0.1134,-1.7289,0.0025,0.0018,-9.7997,0.0004,-0.0003,-41.0909,0.501,0.958,0.500,0.958,4819,1193,2047
2047,20.470,0.0318,-0.1135,-1.7292,0.0009,-0.0004,-9.7972,-0.0005,0.0001,-41.0988,0.500,0.958,0.500,0.958,4821,1194,2048
2048,20.480,0.0318,-0.1135,-1.7292,-0.0003,0.0029,-9.7954,0.0003,0.0001,-41.1069,0.500,0.959,0.500,0.958,4823,1194,2049
2049,20.490,0.0320,-0.1136,-1.7294,0.0037,-0.0008,-9.7972,-0.0003,-0.0004,-41.1155,0.500,0.958,0.500,0.958,4825,1195,2050
2050,20.500,0.0320,-0.1136,-1.7294,-0.0018,-0.0002,-9.7939,-0.0013,0.0007,-41.1268,0.500,0.958,0.501,0.958,4828,1195,2051
2051,20.510,0.0323,-0.1136,-1.7297,0.0011,-0.0014,-9.7912,0.0003,0.0001,-41.1340,0.501,0.958,0.500,0.958,4830,1196,2052
2052,20.520,0.0323,-0.1136,-1.7297,-0.0005,-0.0037,-9.7958,0.0019,-0.0001,-41.1445,0.501,0.959,0.500,0.958,4832,1196,2053
2053,20.530,0.0325,-0.1137,-1.7299,-0.0002,0.0008,-9.7984,-0.0009,0.0023,-41.1502,0.500,0.958,0.502,0.957,4834,1197,2054
2054,20.540,0.0325,-0.1137,-1.7299,-0.0023,0.0011,-9.7968,0.0007,0.0015,-41.1581,0.501,0.959,0.500,0.958,4836,1197,2055
2055,20.550,0.0327,-0.1137,-1.7302,0.0017,-0.0031,-9.7992,-0.0014,-0.0015,-41.1717,0.500,0.958,0.500,0.959,4839,1198,2056
2056,20.560,0.0330,-0.1138,-1.7304,0.0022,-0.0011,-9.8020,-0.0006,0.0007,-41.1775,0.500,0.958,0.501,0.958,4841,1199,2057
2057,20.570,0.0330,-0.1138,-1.7304,0.0015,0.0015,-9.7967,-0.0008,0.0001,-41.1900,0.500,0.958,0.500,0.959,4844,1199,2058
2058,20.580,0.0332,-0.1138,-1.7306,0.0033,-0.0009,-9.7955,-0.0012,0.0003,-41.1973,0.500,0.958,0.500,0.958,4846,1200,2059
2059,20.590,0.0332,-0.1138,-1.7306,-0.0015,0.0022,-9.7967,0.0004,0.0009,-41.2053,0.500,0.959,0.500,0.958,4848,1200,2060
2060,20.600,0.0335,-0.1139,-1.7309,0.0004,0.0038,-9.7976,0.0001,-0.0003,-41.2158,0.500,0.958,0.500,0.958,4851,1201,2061
2061,20.610,0.0337,-0.1139,-1.7311,-0.0010,0.0007,-9.7987,-0.0005,-0.0007,-41.2249,0.500,0.958,0.500,0.958,4853,1202,2062
2062,20.620,0.0337,-0.1139,-1.7311,-0.0014,-0.0004,-9.7940,-0.0006,0.0020,-41.2304,0.500,0.958,0.501,0.958,4855,1202,2063
2063,20.630,0.0340,-0.1140,-1.7314,-0.0030,-0.0008,-9.7933,-0.0006,0.0001,-41.2406,0.500,0.958,0.500,0.958,4857,1203,2064
2064,20.640,0.0340,-0.1140,-1.7314,-0.0010,-0.0008,-9.7960,-0.0016,-0.0009,-41.2520,0.500,0.958,0.500,0.959,4860,1203,2065
2065,20.650,0.0342,-0.1140,-1.7316,-0.0030,0.0006,-9.7921,0.0013,0.0009,-41.2593,0.500,0.959,0.500,0.957,4862,1204,2066
2066,20.660,0.0345,-0.1141,-1.7318,-0.0002,-0.0003,-9.7961,0.0008,0.0014,-41.2710,0.500,0.958,0.500,0.958,4865,1205,2067
2067,20.670,0.0345,-0.1141,-1.7318,-0.0049,-0.0039,-9.7977,-0.0005,0.0004,-41.2792,0.500,0.958,0.500,0.959,4867,1205,2068
2068,20.680,0.0347,-0.1141,-1.7321,-0.0014,-0.0032,-9.7967,-0.0016,0.0009,-41.2881,0.500,0.958,0.501,0.958,4870,1206,2069
2069,20.690,0.0347,-0.1141,-1.7321,0.0006,0.0012,-9.7913,-0.0005,0.0004,-41.2969,0.500,0.959,0.500,0.958,4872,1206,2070
2070,20.700,0.0350,-0.1142,-1.7323,0.0022,-0.0028,-9.7942,-0.0003,-0.0005,-41.3089,0.500,0.958,0.500,0.958,4875,1207,2071
2071,20.710,0.0352,-0.1142,-1.7325,0.0008,0.0049,-9.7919,-0.0012,-0.0013,-41.3154,0.500,0.958,0.500,0.958,4877,1208,2072
2072,20.720,0.0352,-0.1142,-1.7325,0.0008,0.0013,-9.7911,0.0004,0.0008,-41.3231,0.500,0.959,0.500,0.958,4879,1208,2073
2073,20.730,0.0355,-0.1143,-1.7327,0.0021,0.0007,-9.7973,0.0012,-0.0002,-41.3311,0.501,0.958,0.500,0.958,4881,1209,2074
2074,20.740,0.0355,-0.1143,-1.7327,-0.0020,0.0001,-9.7969,-0.0006,-0.0019,-41.3389,0.500,0.958,0.500,0.959,4883,1209,2075
2075,20.750,0.0357,-0.1143,-1.7330,-0.0013,0.0003,-9.7965,-0.0002,-0.0022,-41.3516,0.500,0.958,0.500,0.958,4886,1210,2076
2076,20.760,0.0357,-0.1143,-1.7330,-0.0009,-0.0011,-9.7973,-0.0006,0.0002,-41.3575,0.500,0.959,0.501,0.958,4888,1210,2077
2077,20.770,0.0360,-0.1143,-1.7332,0.0004,0.0005,-9.7963,0.0001,-0.0007,-41.3654,0.501,0.958,0.500,0.958,4890,1211,2078
2078,20.780,0.0362,-0.1144,-1.7334,-0.0025,-0.0015,-9.7960,0.0011,-0.0015,-41.3759,0.501,0.958,0.500,0.958,4893,1212,2079
2079,20.790,0.0362,-0.1144,-1.7334,-0.0003,0.0016,-9.7930,0.0019,0.0008,-41.3846,0.500,0.959,0.500,0.958,4895,1212,2080
2080,20.800,0.0365,-0.1144,-1.7336,-0.0015,-0.0025,-9.7968,0.0017,-0.0003,-41.3944,0.501,0.958,0.500,0.958,4898,1213,2081
2081,20.810,0.0365,-0.1144,-1.7336,-0.0005,-0.0005,-9.7974,0.0003,-0.0022,-41.4029,0.500,0.958,0.500,0.959,4900,1213,2082
2082,20.820,0.0367,-0.1145,-1.7338,0.0015,-0.0028,-9.7967,-0.0008,0.0005,-41.4107,0.500,0.958,0.501,0.958,4902,1214,2083
2083,20.830,0.0367,-0.1145,-1.7338,0.0020,-0.0018,-9.7952,-0.0002,0.0029,-41.4190,0.500,0.959,0.501,0.958,4904,1214,2084
2084,20.840,0.0370,-0.1145,-1.7341,0.0035,0.0040,-9.7946,-0.0007,-0.0003,-41.4305,0.501,0.958,0.500,0.959,4907,1215,2085
2085,20.850,0.0372,-0.1146,-1.7343,-0.0009,0.0054,-9.8011,0.0008,0.0004,-41.4374,0.500,0.959,0.500,0.958,4909,1216,2086
2086,20.860,0.0372,-0.1146,-1.7343,0.0009,0.0018,-9.7975,0.0009,0.0004,-41.4452,0.500,0.959,0.500,0.959,4911,1216,2087
2087,20.870,0.0375,-0.1146,-1.7345,-0.0010,-0.0010,-9.8011,0.0021,0.0003,-41.4519,0.501,0.958,0.500,0.958,4913,1217,2088
2088,20.880,0.0375,-0.1146,-1.7345,-0.0052,0.0015,-9.7938,-0.0009,0.0008,-41.4622,0.500,0.958,0.501,0.959,4916,1217,2089
2089,20.890,0.0378,-0.1146,-1.7347,-0.0014,-0.0025,-9.8004,0.0006,-0.0005,-41.4692,0.501,0.958,0.500,0.958,4918,1218,2090
2090,20.900,0.0380,-0.1147,-1.7349,-0.0041,-0.0029,-9.8018,0.0012,0.0002,-41.4825,0.500,0.959,0.500,0.958,4921,1219,2091
2091,20.910,0.0380,-0.1147,-1.7349,-0.0025,0.0020,-9.7990,0.0002,0.0010,-41.4896,0.500,0.958,0.501,0.958,4923,1219,2092
2092,20.920,0.0383,-0.1147,-1.7351,0.0023,0.0030,-9.7973,-0.0000,0.0002,-41.4961,0.500,0.958,0.500,0.958,4925,1220,2093
2093,20.930,0.0383,-0.1147,-1.7351,0.0033,-0.0023,-9.7944,-0.0003,-0.0006,-41.5100,0.500,0.959,0.500,0.959,4928,1220,2094
2094,20.940,0.0385,-0.1147,-1.7354,0.0041,-0.0011,-9.7982,-0.0008,0.0002,-41.5153,0.500,0.958,0.501,0.958,4930,1221,2095
2095,20.950,0.0385,-0.1147,-1.7354,-0.0014,0.0014,-9.7979,-0.0011,-0.0015,-41.5228,0.500,0.958,0.500,0.959,4932,1221,2096
2096,20.960,0.0388,-0.1148,-1.7356,0.0037,0.0012,-9.8052,0.0008,0.0007,-41.5354,0.500,0.959,0.500,0.958,4935,1222,2097
2097,20.970,0.0390,-0.1148,-1.7358,0.0003,0.0025,-9.7993,-0.0001,0.0007,-41.5408,0.500,0.958,0.500,0.958,4937,1223,2098
2098,20.980,0.0390,-0.1148,-1.7358,-0.0002,0.0014,-9.8017,0.0006,0.0004,-41.5481,0.500,0.959,0.500,0.959,4939,1223,2099
2099,20.990,0.0393,-0.1148,-1.7360,-0.0008,0.0037,-9.7977,0.0009,-0.0009,-41.5599,0.501,0.958,0.500,0.958,4942,1224,2100
2100,21.000,0.0393,-0.1148,-1.7360,0.0003,0.0014,-9.7997,-0.0011,-0.0010,-41.5684,0.500,0.958,0.501,0.959,4944,1224,2101
2101,21.010,0.0395,-0.1149,-1.7362,-0.0049,0.0010,-9.8026,0.0001,-0.0024,-41.5730,0.501,0.958,0.500,0.958,4946,1225,2102
2102,21.020,0.0395,-0.1149,-1.7362,-0.0017,-0.0010,-9.7971,-0.0016,0.0001,-41.5818,0.500,0.958,0.501,0.958,4948,1225,2103
2103,21.030,0.0398,-0.1149,-1.7364,-0.0031,-0.0024,-9.7994,-0.0011,0.0008,-41.5902,0.500,0.959,0.500,0.958,4950,1226,2104
2104,21.040,0.0398,-0.1149,-1.7364,0.0021,-0.0002,-9.8025,0.0000,0.0001,-41.5969,0.500,0.959,0.500,0.959,4952,1226,2105
2105,21.050,0.0401,-0.1149,-1.7366,0.0030,-0.0014,-9.8031,0.0012,-0.0014,-41.6086,0.501,0.958,0.500,0.958,4955,1227,2106
2106,21.060,0.0403,-0.1150,-1.7368,-0.0001,-0.0007,-9.8074,0.0011,0.0011,-41.6179,0.500,0.959,0.501,0.958,4957,1228,2107
2107,21.070,0.0403,-0.1150,-1.7368,-0.0023,-0.0020,-9.8000,-0.0015,0.0002,-41.6226,0.500,0.958,0.501,0.959,4959,1228,2108
2108,21.080,0.0406,-0.1150,-1.7371,-0.0002,0.0001,-9.7997,-0.0005,0.0002,-41.6331,0.500,0.959,0.500,0.958,4962,1229,2109
2109,21.090,0.0406,-0.1150,-1.7371,0.0057,0.0009,-9.7993,-0.0010,-0.0008,-41.6406,0.500,0.959,0.500,0.959,4964,1229,2110
2110,21.100,0.0408,-0.1150,-1.7373,-0.0001,0.0012,-9.8059,-0.0010,-0.0008,-41.6510,0.500,0.959,0.500,0.959,4966,1230,2111
2111,21.110,0.0411,-0.1150,-1.7375,0.0035,0.0031,-9.8014,-0.0003,0.0002,-41.6593,0.500,0.959,0.500,0.958,4969,1231,2112
2112,21.120,0.0411,-0.1150,-1.7375,0.0011,0.0010,-9.8041,-0.0004,-0.0004,-41.6664,0.500,0.959,0.500,0.959,4971,1231,2113
2113,21.130,0.0413,-0.1151,-1.7377,-0.0024,0.0018,-9.8022,0.0007,-0.0013,-41.6759,0.501,0.958,0.500,0.958,4973,1232,2114
2114,21.140,0.0413,-0.1151,-1.7377,-0.0037,0.0025,-9.8039,0.0014,-0.0006,-41.6862,0.500,0.959,0.500,0.958,4976,1232,2115
2115,21.150,0.0416,-0.1151,-1.7379,0.0007,0.0014,-9.8035,-0.0000,-0.0011,-41.6930,0.500,0.958,0.500,0.959,4978,1233,2116
2116,21.160,0.0416,-0.1151,-1.7379,-0.0015,-0.0012,-9.7960,-0.0005,0.0009,-41.7005,0.500,0.959,0.501,0.958,4980,1233,2117
2117,21.170,0.0419,-0.1151,-1.7381,-0.0046,-0.0019,-9.8041,-0.0017,-0.0002,-41.7108,0.500,0.958,0.500,0.959,4983,1234,2118
2118,21.180,0.0421,-0.1151,-1.7384,-0.0030,0.0007,-9.8043,0.0003,-0.0019,-41.7184,0.501,0.958,0.500,0.958,4985,1235,2119
2119,21.190,0.0421,-0.1151,-1.7384,0.0019,0.0004,-9.7966,-0.0012,0.0018,-41.7295,0.500,0.958,0.502,0.957,4988,1235,2120
2120,21.200,0.0424,-0.1152,-1.7386,-0.0014,-0.0034,-9.7998,0.0018,0.0007,-41.7359,0.501,0.958,0.500,0.957,4990,1236,2121
2121,21.210,0.0424,-0.1152,-1.7386,0.0006,-0.0018,-9.8000,0.0001,-0.0001,-41.7455,0.500,0.958,0.500,0.959,4992,1236,2122
2122,21.220,0.0426,-0.1152,-1.7388,0.0031,-0.0021,-9.8008,-0.0019,0.0002,-41.7548,0.500,0.958,0.501,0.958,4995,1237,2123
2123,21.230,0.0429,-0.1152,-1.7390,0.0034,0.0003,-9.7980,0.0004,0.0007,-41.7605,0.500,0.958,0.500,0.958,4997,1238,2124
2124,21.240,0.0429,-0.1152,-1.7390,-0.0014,-0.0015,-9.7995,-0.0002,-0.0003,-41.7690,0.500,0.958,0.500,0.959,4999,1238,2125
2125,21.250,0.0432,-0.1152,-1.7392,0.0018,0.0005,-9.7968,0.0009,-0.0014,-41.7762,0.501,0.958,0.500,0.958,5001,1239,2126
2126,21.260,0.0432,-0.1152,-1.7392,-0.0013,-0.0004,-9.7947,0.0013,-0.0001,-41.7862,0.500,0.959,0.500,0.958,5004,1239,2127
2127,21.270,0.0434,-0.1152,-1.7394,-0.0005,-0.0004,-9.7964,0.0016,0.0003,-41.7944,0.500,0.959,0.500,0.958,5006,1240,2128
2128,21.280,0.0434,-0.1152,-1.7394,0.0013,0.0050,-9.7977,0.0012,-0.0001,-41.8005,0.500,0.959,0.500,0.959,5008,1240,2129
2129,21.290,0.0437,-0.1153,-1.7397,-0.0009,-0.0002,-9.8024,0.0013,0.0007,-41.8122,0.500,0.959,0.500,0.958,5011,1241,2130
2130,21.300,0.0439,-0.1153,-1.7399,-0.0005,0.0007,-9.7991,-0.0007,-0.0006,-41.8190,0.500,0.958,0.500,0.959,5013,1242,2131
2131,21.310,0.0439,-0.1153,-1.7399,-0.0020,-0.0018,-9.7967,-0.0001,-0.0017,-41.8274,0.501,0.958,0.500,0.958,5015,1242,2132
2132,21.320,0.0442,-0.1153,-1.7401,0.0051,-0.0034,-9.7968,-0.0013,0.0002,-41.8377,0.500,0.958,0.501,0.958,5018,1243,2133
2133,21.330,0.0442,-0.1153,-1.7401,0.0023,-0.0007,-9.7938,-0.0001,0.0031,-41.8437,0.500,0.959,0.501,0.957,5020,1243,2134
2134,21.340,0.0445,-0.1153,-1.7403,-0.0011,-0.0029,-9.7985,-0.0006,0.0002,-41.8548,0.501,0.958,0.500,0.959,5023,1244,2135
2135,21.350,0.0447,-0.1153,-1.7405,0.0013,-0.0013,-9.7993,0.0001,-0.0021,-41.8619,0.501,0.957,0.500,0.958,5025,1245,2136
2136,21.360,0.0447,-0.1153,-1.7405,-0.0020,-0.0016,-9.7929,0.0012,-0.0002,-41.8723,0.500,0.959,0.500,0.958,5028,1245,2137
2137,21.370,0.0450,-0.1153,-1.7407,-0.0015,0.0016,-9.7993,0.0002,0.0020,-41.8799,0.500,0.958,0.501,0.957,5030,1246,2138
2138,21.380,0.0450,-0.1153,-1.7407,0.0011,-0.0006,-9.7971,-0.0004,0.0006,-41.8867,0.500,0.958,0.500,0.959,5032,1246,2139
2139,21.390,0.0452,-0.1153,-1.7409,-0.0012,0.0011,-9.7955,-0.0005,-0.0001,-41.8929,0.500,0.958,0.500,0.958,5034,1247,2140
2140,21.400,0.0455,-0.1153,-1.7411,-0.0019,0.0007,-9.7986,0.0002,0.0005,-41.9043,0.500,0.958,0.500,0.958,5037,1248,2141
2141,21.410,0.0455,-0.1153,-1.7411,-0.0014,-0.0015,-9.7989,0.0005,0.0009,-41.9094,0.500,0.959,0.500,0.958,5039,1248,2142
2142,21.420,0.0458,-0.1154,-1.7413,-0.0013,-0.0030,-9.7941,-0.0001,0.0016,-41.9192,0.500,0.958,0.501,0.958,5041,1249,2143
2143,21.430,0.0458,-0.1154,-1.7413,0.0015,-0.0037,-9.7974,-0.0035,0.0000,-41.9260,0.500,0.957,0.501,0.959,5043,1249,2144
2144,21.440,0.0460,-0.1154,-1.7415,0.0005,-0.0004,-9.7959,-0.0004,0.0009,-41.9320,0.500,0.959,0.500,0.958,5045,1250,2145
2145,21.450,0.0460,-0.1154,-1.7415,-0.0028,-0.0039,-9.7980,0.0002,-0.0007,-41.9421,0.501,0.958,0.500,0.959,5048,1250,2146
2146,21.460,0.0463,-0.1154,-1.7417,-0.0051,-0.0010,-9.7963,0.0007,-0.0021,-41.9535,0.501,0.958,0.500,0.958,5050,1251,2147
2147,21.470,0.0463,-0.1154,-1.7417,0.0033,-0.0010,-9.7972,0.0006,0.0002,-41.9583,0.500,0.959,0.501,0.958,5052,1251,2148
2148,21.480,0.0465,-0.1154,-1.7419,-0.0004,0.0008,-9.7978,-0.0007,0.0006,-41.9649,0.500,0.958,0.501,0.958,5054,1252,2149
2149,21.490,0.0468,-0.1154,-1.7421,0.0045,0.0023,-9.7987,-0.0019,0.0001,-41.9745,0.500,0.958,0.500,0.958,5057,1253,2150
2150,21.500,0.0468,-0.1154,-1.7421,0.0012,0.0019,-9.7957,-0.0018,0.0008,-41.9797,0.500,0.958,0.501,0.958,5059,1253,2151
2151,21.510,0.0471,-0.1154,-1.7423,-0.0023,0.0019,-9.7956,-0.0012,-0.0002,-41.9915,0.500,0.958,0.500,0.958,5062,1254,2152
2152,21.520,0.0471,-0.1154,-1.7423,-0.0008,-0.0006,-9.7993,0.0006,0.0004,-42.0011,0.500,0.959,0.500,0.958,5064,1254,2153
2153,21.530,0.0473,-0.1154,-1.7425,-0.0046,0.0041,-9.7989,-0.0011,0.0012,-42.0106,0.500,0.958,0.501,0.958,5067,1255,2154
2154,21.540,0.0476,-0.1154,-1.7427,-0.0002,0.0037,-9.7972,0.0010,-0.0000,-42.0170,0.501,0.958,0.500,0.958,5069,1256,2155
2155,21.550,0.0476,-0.1154,-1.7427,-0.0007,0.0027,-9.7992,0.0001,-0.0010,-42.0238,0.500,0.958,0.500,0.959,5071,1256,2156
2156,21.560,0.0479,-0.1154,-1.7429,0.0031,0.0008,-9.7923,-0.0002,-0.0002,-42.0308,0.500,0.958,0.500,0.958,5073,1257,2157
2157,21.570,0.0479,-0.1154,-1.7429,0.0008,-0.0025,-9.7965,0.0011,0.0013,-42.0411,0.500,0.959,0.500,0.958,5076,1257,2158
2158,21.580,0.0481,-0.1154,-1.7431,-0.0017,-0.0007,-9.7980,-0.0021,-0.0003,-42.0483,0.500,0.957,0.501,0.959,5078,1258,2159
2159,21.590,0.0481,-0.1154,-1.7431,0.0030,-0.0007,-9.7977,-0.0011,-0.0007,-42.0547,0.500,0.959,0.500,0.959,5080,1258,2160
2160,21.600,0.0484,-0.1154,-1.7433,-0.0023,-0.0008,-9.8048,0.0008,0.0024,-42.0659,0.500,0.959,0.501,0.957,5083,1259,2161
2161,21.610,0.0486,-0.1154,-1.7435,-0.0008,0.0001,-9.8036,0.0011,-0.0007,-42.0727,0.501,0.957,0.500,0.958,5085,1260,2162
2162,21.620,0.0486,-0.1154,-1.7435,0.0016,0.0024,-9.7941,-0.0003,-0.0002,-42.0791,0.500,0.958,0.501,0.959,5087,1260,2163
2163,21.630,0.0489,-0.1154,-1.7437,0.0001,0.0013,-9.8001,0.0013,-0.0001,-42.0897,0.501,0.958,0.500,0.958,5090,1261,2164
2164,21.640,0.0489,-0.1154,-1.7437,0.0006,0.0023,-9.8000,0.0005,-0.0007,-42.0964,0.500,0.959,0.500,0.959,5092,1261,2165
2165,21.650,0.0492,-0.1154,-1.7439,0.0028,0.0026,-9.7981,-0.0005,0.0014,-42.1030,0.500,0.958,0.501,0.958,5094,1262,2166
2166,21.660,0.0494,-0.1154,-1.7441,-0.0045,0.0012,-9.8023,0.0005,0.0003,-42.1137,0.501,0.958,0.500,0.958,5097,1263,2167
2167,21.670,0.0494,-0.1154,-1.7441,-0.0022,-0.0008,-9.7962,-0.0010,-0.0001,-42.1212,0.500,0.958,0.500,0.959,5099,1263,2168
2168,21.680,0.0497,-0.1154,-1.7443,0.0044,0.0035,-9.8010,0.0012,-0.0001,-42.1256,0.501,0.958,0.500,0.958,5101,1264,2169
2169,21.690,0.0497,-0.1154,-1.7443,-0.0025,-0.0036,-9.7991,-0.0002,-0.0008,-42.1348,0.500,0.958,0.500,0.959,5103,1264,2170
2170,21.700,0.0500,-0.1154,-1.7444,0.0044,-0.0018,-9.7998,0.0006,0.0015,-42.1461,0.500,0.959,0.501,0.958,5106,1265,2171
2171,21.710,0.0500,-0.1154,-1.7444,0.0022,-0.0065,-9.8014,0.0008,0.0001,-42.1535,0.501,0.959,0.500,0.959,5108,1265,2172
2172,21.720,0.0502,-0.1154,-1.7446,-0.0007,-0.0017,-9.7997,-0.0007,-0.0003,-42.1580,0.500,0.958,0.500,0.959,5110,1266,2173
2173,21.730,0.0505,-0.1154,-1.7448,0.0016,0.0015,-9.8001,0.0008,-0.0008,-42.1695,0.501,0.958,0.500,0.958,5113,1267,2174
2174,21.740,0.0505,-0.1154,-1.7448,0.0015,0.0022,-9.8000,-0.0010,-0.0011,-42.1759,0.500,0.958,0.500,0.959,5115,1267,2175
2175,21.750,0.0507,-0.1154,-1.7450,0.0022,0.0000,-9.8016,0.0004,0.0003,-42.1843,0.500,0.959,0.500,0.958,5117,1268,2176
2176,21.760,0.0507,-0.1154,-1.7450,0.0057,-0.0044,-9.7996,0.0007,-0.0013,-42.1925,0.501,0.958,0.500,0.959,5120,1268,2177
2177,21.770,0.0510,-0.1154,-1.7452,-0.0031,0.0015,-9.8018,-0.0003,0.0001,-42.2003,0.500,0.958,0.501,0.958,5122,1269,2178
2178,21.780,0.0510,-0.1154,-1.7452,-0.0013,0.0047,-9.7981,-0.0000,0.0002,-42.2084,0.500,0.959,0.500,0.959,5124,1269,2179
2179,21.790,0.0513,-0.1154,-1.7454,-0.0007,-0.0002,-9.8017,-0.0006,0.0007,-42.2153,0.500,0.958,0.500,0.958,5126,1270,2180
2180,21.800,0.0515,-0.1153,-1.7456,-0.0014,0.0008,-9.7982,0.0003,0.0008,-42.2229,0.500,0.959,0.500,0.958,5129,1271,2181
2181,21.810,0.0515,-0.1153,-1.7456,0.0005,-0.0009,-9.8005,-0.0002,-0.0007,-42.2308,0.500,0.958,0.500,0.959,5131,1271,2182
2182,21.820,0.0518,-0.1153,-1.7458,0.0009,0.0013,-9.7994,-0.0001,0.0016,-42.2401,0.500,0.959,0.501,0.958,5134,1272,2183
2183,21.830,0.0518,-0.1153,-1.7458,0.0023,0.0005,-9.7979,0.0006,-0.0005,-42.2468,0.501,0.958,0.500,0.959,5136,1272,2184
2184,21.840,0.0521,-0.1153,-1.7460,-0.0025,-0.0040,-9.8003,-0.0003,0.0001,-42.2553,0.500,0.958,0.500,0.958,5138,1273,2185
2185,21.850,0.0521,-0.1153,-1.7460,0.0001,0.0024,-9.7996,-0.0005,0.0003,-42.2611,0.500,0.959,0.500,0.959,5140,1273,2186
2186,21.860,0.0523,-0.1153,-1.7462,-0.0008,0.0004,-9.7989,-0.0004,0.0004,-42.2721,0.500,0.959,0.500,0.959,5143,1274,2187
2187,21.870,0.0526,-0.1153,-1.7464,-0.0012,0.0022,-9.8049,0.0002,-0.0007,-42.2773,0.501,0.958,0.500,0.958,5145,1275,2188
2188,21.880,0.0526,-0.1153,-1.7464,0.0006,0.0024,-9.8005,-0.0003,-0.0000,-42.2885,0.500,0.959,0.500,0.959,5148,1275,2189
2189,21.890,0.0529,-0.1153,-1.7465,0.0021,0.0005,-9.7989,0.0000,0.0015,-42.2951,0.500,0.959,0.501,0.958,5150,1276,2190
2190,21.900,0.0531,-0.1153,-1.7467,-0.0022,0.0022,-9.7993,0.0019,0.0002,-42.3051,0.501,0.958,0.500,0.957,5153,1277,2191
2191,21.910,0.0531,-0.1153,-1.7467,-0.0013,0.0016,-9.7981,-0.0023,-0.0018,-42.3124,0.500,0.957,0.501,0.959,5155,1277,2192
2192,21.920,0.0534,-0.1153,-1.7469,0.0027,0.0000,-9.7964,-0.0012,-0.0014,-42.3220,0.500,0.958,0.500,0.958,5158,1278,2193
2193,21.930,0.0534,-0.1153,-1.7469,0.0021,0.0029,-9.8012,0.0007,0.0012,-42.3293,0.500,0.959,0.500,0.958,5160,1278,2194
2194,21.940,0.0536,-0.1152,-1.7471,0.0024,-0.0010,-9.7985,0.0023,0.0014,-42.3357,0.501,0.959,0.500,0.958,5162,1279,2195
2195,21.950,0.0539,-0.1152,-1.7473,-0.0026,0.0020,-9.7968,0.0005,-0.0014,-42.3459,0.501,0.957,0.500,0.959,5165,1280,2196
2196,21.960,0.0539,-0.1152,-1.7473,0.0032,-0.0004,-9.8003,-0.0002,-0.0003,-42.3533,0.500,0.958,0.500,0.958,5167,1280,2197
2197,21.970,0.0542,-0.1152,-1.7475,0.0054,-0.0011,-9.7994,-0.0005,-0.0001,-42.3594,0.500,0.958,0.500,0.958,5169,1281,2198
2198,21.980,0.0542,-0.1152,-1.7475,0.0040,0.0023,-9.7967,-0.0010,-0.0007,-42.3690,0.500,0.958,0.500,0.959,5172,1281,2199
2199,21.990,0.0544,-0.1152,-1.7477,0.0018,0.0017,-9.7970,-0.0011,0.0005,-42.3748,0.500,0.958,0.501,0.958,5174,1282,2200
2200,22.000,0.0547,-0.1152,-1.7479,0.0017,0.0024,-9.8013,0.0004,-0.0010,-42.3846,0.501,0.958,0.500,0.958,5177,1283,2201
2201,22.010,0.0547,-0.1152,-1.7479,-0.0011,-0.0007,-9.7973,0.0008,-0.0008,-42.3923,0.500,0.958,0.500,0.958,5179,1283,2202
2202,22.020,0.0550,-0.1151,-1.7480,-0.0026,0.0046,-9.7950,0.0010,-0.0000,-42.3994,0.500,0.959,0.500,0.958,5181,1284,2203
2203,22.030,0.0550,-0.1151,-1.7480,0.0023,0.0026,-9.7970,-0.0001,0.0008,-42.4046,0.500,0.958,0.501,0.958,5183,1284,2204
2204,22.040,0.0552,-0.1151,-1.7482,-0.0002,-0.0011,-9.7968,0.0000,0.0003,-42.4134,0.500,0.958,0.500,0.958,5185,1285,2205
2205,22.050,0.0552,-0.1151,-1.7482,-0.0033,-0.0009,-9.7976,-0.0004,0.0002,-42.4191,0.500,0.959,0.500,0.959,5187,1285,2206
2206,22.060,0.0555,-0.1151,-1.7484,-0.0014,0.0015,-9.7965,0.0002,-0.0009,-42.4301,0.501,0.958,0.500,0.958,5190,1286,2207
2207,22.070,0.0555,-0.1151,-1.7484,-0.0002,-0.0053,-9.7994,0.0002,-0.0008,-42.4352,0.500,0.959,0.500,0.959,5192,1286,2208
2208,22.080,0.0558,-0.1151,-1.7486,0.0005,0.0002,-9.8033,-0.0002,0.0001,-42.4455,0.500,0.958,0.500,0.958,5195,1287,2209
2209,22.090,0.0560,-0.1151,-1.7488,-0.0026,-0.0025,-9.8018,-0.0003,0.0001,-42.4522,0.500,0.958,0.500,0.958,5197,1288,2210
2210,22.100,0.0560,-0.1151,-1.7488,0.0018,-0.0020,-9.7925,0.0012,-0.0007,-42.4604,0.501,0.958,0.500,0.958,5200,1288,2211
2211,22.110,0.0563,-0.1150,-1.7489,-0.0033,0.0013,-9.7936,-0.0008,0.0009,-42.4674,0.500,0.958,0.501,0.958,5202,1289,2212
2212,22.120,0.0563,-0.1150,-1.7489,0.0006,-0.0003,-9.7942,0.0004,0.0019,-42.4752,0.500,0.959,0.500,0.958,5204,1289,2213
2213,22.130,0.0566,-0.1150,-1.7491,0.0003,0.0034,-9.7983,0.0006,-0.0011,-42.4843,0.501,0.958,0.500,0.958,5206,1290,2214
2214,22.140,0.0566,-0.1150,-1.7491,0.0017,0.0008,-9.7977,-0.0008,-0.0021,-42.4888,0.500,0.958,0.500,0.959,5208,1290,2215
2215,22.150,0.0568,-0.1150,-1.7493,-0.0025,0.0027,-9.8045,-0.0002,-0.0014,-42.4945,0.500,0.959,0.500,0.959,5210,1291,2216
2216,22.160,0.0571,-0.1149,-1.7495,-0.0012,0.0014,-9.8015,0.0012,0.0019,-42.5067,0.500,0.959,0.501,0.957,5213,1292,2217
2217,22.170,0.0571,-0.1149,-1.7495,-0.0038,0.0043,-9.7976,0.0003,0.0005,-42.5112,0.500,0.958,0.500,0.959,5215,1292,2218
2218,22.180,0.0574,-0.1149,-1.7496,0.0004,0.0013,-9.8009,-0.0011,0.0004,-42.5185,0.500,0.958,0.501,0.959,5217,1293,2219
2219,22.190,0.0574,-0.1149,-1.7496,-0.0023,0.0007,-9.8015,-0.0013,0.0011,-42.5235,0.500,0.959,0.501,0.959,5219,1293,2220
2220,22.200,0.0576,-0.1149,-1.7498,-0.0001,0.0002,-9.7990,-0.0002,-0.0010,-42.5305,0.501,0.958,0.500,0.958,5221,1294,2221
2221,22.210,0.0576,-0.1149,-1.7498,-0.0034,0.0014,-9.7955,0.0001,0.0003,-42.5423,0.500,0.959,0.500,0.959,5224,1294,2222
2222,22.220,0.0579,-0.1149,-1.7500,0.0022,-0.0007,-9.7989,0.0007,0.0013,-42.5477,0.500,0.959,0.500,0.958,5226,1295,2223
2223,22.230,0.0582,-0.1148,-1.7502,0.0007,-0.0024,-9.8008,-0.0000,-0.0008,-42.5560,0.500,0.958,0.500,0.959,5229,1296,2224
2224,22.240,0.0582,-0.1148,-1.7502,0.0039,0.0007,-9.8021,-0.0003,0.0020,-42.5646,0.500,0.959,0.501,0.958,5231,1296,2225
2225,22.250,0.0584,-0.1148,-1.7504,0.0033,-0.0010,-9.7990,0.0002,-0.0004,-42.5734,0.501,0.958,0.500,0.958,5234,1297,2226
2226,22.260,0.0584,-0.1148,-1.7504,0.0042,0.0013,-9.8003,0.0001,-0.0007,-42.5807,0.500,0.959,0.500,0.959,5236,1297,2227
2227,22.270,0.0587,-0.1148,-1.7505,-0.0007,0.0015,-9.7997,0.0003,0.0013,-42.5867,0.500,0.959,0.501,0.958,5238,1298,2228
2228,22.280,0.0590,-0.1147,-1.7507,-0.0046,0.0025,-9.7995,0.0005,0.0004,-42.5959,0.500,0.958,0.500,0.958,5241,1299,2229
2229,22.290,0.0590,-0.1147,-1.7507,0.0001,0.0011,-9.7996,0.0004,-0.0000,-42.6032,0.500,0.959,0.500,0.959,5243,1299,2230
2230,22.300,0.0592,-0.1147,-1.7509,-0.0027,0.0032,-9.7985,0.0002,0.0004,-42.6079,0.500,0.958,0.500,0.958,5245,1300,2231
2231,22.310,0.0592,-0.1147,-1.7509,-0.0017,-0.0027,-9.8005,-0.0000,0.0002,-42.6187,0.500,0.959,0.500,0.959,5248,1300,2232
2232,22.320,0.0595,-0.1147,-1.7511,-0.0011,-0.0015,-9.7976,-0.0001,-0.0025,-42.6254,0.501,0.957,0.500,0.959,5250,1301,2233
2233,22.330,0.0595,-0.1147,-1.7511,0.0004,-0.0015,-9.7971,0.0010,0.0017,-42.6329,0.500,0.959,0.501,0.957,5252,1301,2234
2234,22.340,0.0598,-0.1146,-1.7512,-0.0015,-0.0011,-9.8021,0.0000,0.0013,-42.6414,0.500,0.958,0.500,0.959,5255,1302,2235
2235,22.350,0.0600,-0.1146,-1.7514,0.0027,-0.0035,-9.8047,-0.0000,0.0002,-42.6492,0.500,0.958,0.500,0.958,5257,1303,2236
2236,22.360,0.0600,-0.1146,-1.7514,0.0003,-0.0022,-9.7983,-0.0015,-0.0009,-42.6561,0.500,0.958,0.500,0.959,5260,1303,2237
2237,22.370,0.0603,-0.1145,-1.7516,0.0011,0.0014,-9.7983,-0.0006,-0.0006,-42.6641,0.500,0.958,0.500,0.958,5262,1304,2238
2238,22.380,0.0603,-0.1145,-1.7516,0.0021,-0.0009,-9.7972,0.0014,-0.0003,-42.6726,0.501,0.959,0.500,0.958,5264,1304,2239
2239,22.390,0.0606,-0.1145,-1.7518,-0.0011,0.0028,-9.7996,0.0000,-0.0006,-42.6796,0.500,0.958,0.500,0.959,5267,1305,2240
2240,22.400,0.0608,-0.1145,-1.7520,-0.0004,0.0002,-9.8003,0.0021,0.0002,-42.6870,0.501,0.959,0.500,0.957,5269,1306,2241
2241,22.410,0.0608,-0.1145,-1.7520,-0.0017,0.0009,-9.7932,-0.0016,0.0009,-42.6931,0.500,0.957,0.502,0.958,5271,1306,2242
2242,22.420,0.0611,-0.1144,-1.7521,-0.0012,0.0007,-9.7951,-0.0005,-0.0006,-42.7022,0.501,0.958,0.500,0.958,5274,1307,2243
2243,22.430,0.0611,-0.1144,-1.7521,0.0017,0.0012,-9.7957,0.0004,-0.0011,-42.7094,0.501,0.958,0.500,0.958,5276,1307,2244
2244,22.440,0.0614,-0.1144,-1.7523,-0.0007,0.0048,-9.7991,0.0016,0.0014,-42.7146,0.500,0.959,0.500,0.958,5278,1308,2245
2245,22.450,0.0616,-0.1143,-1.7525,-0.0010,-0.0024,-9.7970,-0.0007,0.0002,-42.7230,0.500,0.958,0.500,0.959,5281,1309,2246
2246,22.460,0.0616,-0.1143,-1.7525,0.0007,-0.0050,-9.7969,-0.0002,-0.0017,-42.7316,0.501,0.958,0.500,0.958,5283,1309,2247
2247,22.470,0.0619,-0.1143,-1.7526,0.0002,-0.0048,-9.7965,0.0010,-0.0012,-42.7371,0.500,0.958,0.500,0.958,5285,1310,2248
2248,22.480,0.0619,-0.1143,-1.7526,0.0048,-0.0003,-9.7986,0.0006,-0.0002,-42.7444,0.500,0.959,0.500,0.958,5287,1310,2249
2249,22.490,0.0622,-0.1142,-1.7528,-0.0013,-0.0002,-9.7956,0.0004,0.0005,-42.7539,0.500,0.958,0.500,0.958,5290,1311,2250
2250,22.500,0.0622,-0.1142,-1.7528,0.0013,0.0025,-9.7955,0.0007,-0.0003,-42.7577,0.500,0.959,0.500,0.959,5292,1311,2251
2251,22.510,0.0624,-0.1142,-1.7530,0.0006,-0.0023,-9.8018,-0.0015,0.0007,-42.7646,0.500,0.958,0.501,0.958,5294,1312,2252
2252,22.520,0.0624,-0.1142,-1.7530,0.0004,0.0008,-9.8035,0.0011,0.0004,-42.7728,0.501,0.959,0.500,0.958,5296,1312,2253
2253,22.530,0.0627,-0.1141,-1.7532,0.0015,0.0026,-9.7979,-0.0003,-0.0013,-42.7791,0.500,0.958,0.500,0.959,5298,1313,2254
2254,22.540,0.0630,-0.1141,-1.7533,0.0004,0.0045,-9.7995,-0.0004,0.0017,-42.7870,0.500,0.958,0.501,0.957,5301,1314,2255
2255,22.550,0.0630,-0.1141,-1.7533,-0.0033,-0.0011,-9.7984,0.0012,0.0020,-42.7936,0.500,0.959,0.500,0.958,5303,1314,2256
2256,22.560,0.0632,-0.1140,-1.7535,-0.0047,0.0016,-9.7991,0.0010,0.0012,-42.8034,0.500,0.958,0.500,0.958,5306,1315,2257
2257,22.570,0.0632,-0.1140,-1.7535,-0.0039,-0.0016,-9.7957,0.0019,0.0002,-42.8088,0.501,0.959,0.500,0.958,5308,1315,2258
2258,22.580,0.0635,-0.1140,-1.7537,0.0008,0.0012,-9.7993,-0.0005,-0.0013,-42.8173,0.500,0.958,0.500,0.959,5310,1316,2259
2259,22.590,0.0635,-0.1140,-1.7537,0.0026,0.0016,-9.8021,-0.0014,0.0000,-42.8218,0.500,0.958,0.501,0.958,5312,1316,2260
2260,22.600,0.0638,-0.1139,-1.7538,0.0017,-0.0006,-9.7990,0.0002,-0.0002,-42.8306,0.501,0.959,0.500,0.958,5315,1317,2261
2261,22.610,0.0640,-0.1139,-1.7540,0.0011,-0.0036,-9.7986,-0.0008,0.0002,-42.8387,0.500,0.958,0.501,0.958,5317,1318,2262
2262,22.620,0.0640,-0.1139,-1.7540,-0.0005,0.0018,-9.7986,-0.0013,0.0001,-42.8432,0.500,0.958,0.500,0.959,5319,1318,2263
2263,22.630,0.0643,-0.1138,-1.7542,-0.0048,-0.0024,-9.7936,0.0018,-0.0004,-42.8525,0.501,0.958,0.500,0.957,5322,1319,2264
2264,22.640,0.0643,-0.1138,-1.7542,0.0018,-0.0000,-9.7986,0.0007,0.0014,-42.8602,0.500,0.959,0.501,0.958,5324,1319,2265
2265,22.650,0.0646,-0.1138,-1.7543,0.0012,0.0040,-9.8003,0.0022,0.0009,-42.8653,0.501,0.959,0.500,0.958,5326,1320,2266
2266,22.660,0.0646,-0.1138,-1.7543,-0.0002,0.0013,-9.7996,0.0007,-0.0005,-42.8710,0.500,0.958,0.500,0.959,5328,1320,2267
2267,22.670,0.0648,-0.1137,-1.7545,-0.0016,0.0000,-9.8020,0.0010,-0.0004,-42.8786,0.500,0.959,0.500,0.958,5330,1321,2268
2268,22.680,0.0651,-0.1137,-1.7547,-0.0027,-0.0011,-9.7993,-0.0006,0.0002,-42.8878,0.500,0.958,0.501,0.958,5333,1322,2269
2269,22.690,0.0651,-0.1137,-1.7547,-0.0054,0.0001,-9.7961,-0.0010,0.0003,-42.8943,0.500,0.959,0.500,0.959,5335,1322,2270
2270,22.700,0.0654,-0.1136,-1.7548,-0.0002,-0.0028,-9.7978,0.0022,0.0035,-42.9017,0.500,0.960,0.500,0.957,5338,1323,2271
2271,22.710,0.0654,-0.1136,-1.7548,-0.0020,-0.0036,-9.8022,-0.0013,-0.0003,-42.9090,0.500,0.958,0.500,0.960,5340,1323,2272
2272,22.720,0.0656,-0.1136,-1.7550,0.0011,-0.0007,-9.8056,-0.0009,0.0014,-42.9155,0.500,0.959,0.501,0.958,5342,1324,2273
2273,22.730,0.0656,-0.1136,-1.7550,-0.0015,-0.0030,-9.8033,-0.0015,-0.0002,-42.9214,0.500,0.958,0.500,0.959,5344,1324,2274
2274,22.740,0.0659,-0.1135,-1.7552,0.0024,0.0001,-9.8064,-0.0023,0.0008,-42.9307,0.500,0.958,0.501,0.958,5347,1325,2275
2275,22.750,0.0662,-0.1134,-1.7553,0.0059,0.0023,-9.7990,0.0000,-0.0005,-42.9361,0.501,0.958,0.500,0.958,5349,1326,2276
2276,22.760,0.0662,-0.1134,-1.7553,0.0003,-0.0004,-9.8015,0.0017,0.0017,-42.9451,0.500,0.959,0.500,0.958,5352,1326,2277
2277,22.770,0.0664,-0.1134,-1.7555,0.0021,-0.0017,-9.8022,0.0026,-0.0006,-42.9521,0.501,0.958,0.500,0.958,5354,1327,2278
2278,22.780,0.0664,-0.1134,-1.7555,-0.0018,0.0011,-9.7997,-0.0010,-0.0007,-42.9581,0.500,0.958,0.501,0.959,5356,1327,2279
2279,22.790,0.0667,-0.1133,-1.7557,-0.0033,0.0034,-9.7990,-0.0015,0.0001,-42.9668,0.500,0.958,0.501,0.958,5358,1328,2280
2280,22.800,0.0670,-0.1133,-1.7558,0.0002,-0.0000,-9.7959,-0.0015,0.0004,-42.9744,0.500,0.958,0.500,0.958,5361,1329,2281
2281,22.810,0.0670,-0.1133,-1.7558,-0.0022,-0.0033,-9.7966,-0.0008,-0.0011,-42.9807,0.501,0.958,0.500,0.959,5363,1329,2282
2282,22.820,0.0672,-0.1132,-1.7560,-0.0006,0.0019,-9.7957,-0.0004,0.0004,-42.9870,0.500,0.958,0.500,0.958,5365,1330,2283
2283,22.830,0.0672,-0.1132,-1.7560,-0.0022,-0.0017,-9.7971,-0.0012,-0.0001,-42.9955,0.500,0.958,0.500,0.959,5368,1330,2284
2284,22.840,0.0675,-0.1131,-1.7562,0.0016,-0.0006,-9.7976,0.0002,0.0015,-43.0025,0.500,0.959,0.500,0.958,5370,1331,2285
2285,22.850,0.0675,-0.1131,-1.7562,-0.0009,0.0003,-9.7979,0.0016,0.0002,-43.0077,0.501,0.958,0.500,0.958,5372,1331,2286
2286,22.860,0.0678,-0.1131,-1.7563,0.0024,0.0002,-9.7966,0.0008,-0.0013,-43.0181,0.500,0.958,0.500,0.959,5375,1332,2287
2287,22.870,0.0680,-0.1130,-1.7565,-0.0013,-0.0017,-9.7987,-0.0011,-0.0007,-43.0210,0.500,0.958,0.501,0.958,5377,1333,2288
2288,22.880,0.0680,-0.1130,-1.7565,0.0038,-0.0004,-9.7988,-0.0005,-0.0008,-43.0325,0.500,0.959,0.500,0.959,5380,1333,2289
2289,22.890,0.0683,-0.1129,-1.7566,-0.0020,0.0018,-9.7941,-0.0002,0.0011,-43.0383,0.500,0.958,0.501,0.958,5382,1334,2290
2290,22.900,0.0683,-0.1129,-1.7566,-0.0027,0.0008,-9.7967,0.0005,-0.0004,-43.0430,0.501,0.958,0.500,0.958,5384,1334,2291
2291,22.910,0.0686,-0.1129,-1.7568,-0.0008,0.0034,-9.7961,-0.0007,0.0002,-43.0554,0.500,0.958,0.501,0.958,5387,1335,2292
2292,22.920,0.0688,-0.1128,-1.7570,-0.0037,-0.0006,-9.7967,-0.0006,-0.0008,-43.0598,0.500,0.958,0.500,0.958,5389,1336,2293
2293,22.930,0.0688,-0.1128,-1.7570,-0.0034,0.0005,-9.7956,-0.0001,-0.0006,-43.0644,0.500,0.959,0.500,0.958,5391,1336,2294
2294,22.940,0.0691,-0.1127,-1.7571,0.0011,0.0004,-9.7969,0.0007,-0.0002,-43.0747,0.500,0.958,0.500,0.958,5394,1337,2295
2295,22.950,0.0691,-0.1127,-1.7571,0.0008,-0.0015,-9.7977,-0.0001,0.0005,-43.0806,0.500,0.958,0.500,0.958,5396,1337,2296
2296,22.960,0.0694,-0.1127,-1.7573,-0.0012,-0.0006,-9.8014,0.0009,0.0003,-43.0889,0.500,0.958,0.500,0.958,5399,1338,2297
2297,22.970,0.0696,-0.1126,-1.7574,0.0007,-0.0023,-9.7970,-0.0002,-0.0005,-43.0955,0.500,0.958,0.500,0.959,5401,1339,2298
2298,22.980,0.0696,-0.1126,-1.7574,0.0025,-0.0005,-9.7966,0.0007,-0.0006,-43.1017,0.500,0.958,0.500,0.958,5403,1339,2299
2299,22.990,0.0699,-0.1125,-1.7576,0.0017,-0.0012,-9.7987,-0.0004,-0.0012,-43.1067,0.500,0.958,0.500,0.959,5405,1340,2300
2300,23.000,0.0699,-0.1125,-1.7576,0.0046,0.0021,-9.7965,0.0006,-0.0004,-43.1139,0.500,0.959,0.500,0.958,5407,1340,2301
2301,23.010,0.0702,-0.1125,-1.7577,0.0005,0.0034,-9.7994,-0.0009,0.0011,-43.1212,0.500,0.958,0.501,0.958,5410,1341,2302
2302,23.020,0.0702,-0.1125,-1.7577,0.0029,-0.0009,-9.7978,0.0003,-0.0005,-43.1298,0.501,0.958,0.500,0.958,5412,1341,2303
2303,23.030,0.0704,-0.1124,-1.7579,0.0050,0.0020,-9.7946,0.0005,-0.0002,-43.1368,0.500,0.959,0.500,0.958,5415,1342,2304
2304,23.040,0.0707,-0.1123,-1.7581,0.0010,0.0014,-9.8002,-0.0010,-0.0009,-43.1413,0.500,0.958,0.500,0.959,5417,1343,2305
2305,23.050,0.0707,-0.1123,-1.7581,0.0022,-0.0018,-9.8009,-0.0003,0.0017,-43.1485,0.500,0.959,0.501,0.958,5419,1343,2306
2306,23.060,0.0710,-0.1122,-1.7582,-0.0004,-0.0029,-9.7993,0.0006,-0.0003,-43.1585,0.501,0.958,0.500,0.958,5422,1344,2307
2307,23.070,0.0710,-0.1122,-1.7582,-0.0040,-0.0010,-9.8019,0.0003,-0.0002,-43.1644,0.500,0.959,0.500,0.959,5424,1344,2308
2308,23.080,0.0712,-0.1122,-1.7584,0.0007,-0.0015,-9.8043,0.0003,0.0012,-43.1695,0.500,0.959,0.500,0.958,5426,1345,2309
2309,23.090,0.0712,-0.1122,-1.7584,0.0027,0.0033,-9.7997,-0.0003,-0.0010,-43.1774,0.501,0.958,0.500,0.959,5428,1345,2310
2310,23.100,0.0715,-0.1121,-1.7585,0.0002,-0.0034,-9.7992,0.0004,0.0013,-43.1823,0.500,0.959,0.501,0.958,5430,1346,2311
2311,23.110,0.0718,-0.1120,-1.7587,0.0032,-0.0020,-9.7999,-0.0013,-0.0004,-43.1903,0.500,0.958,0.500,0.959,5433,1347,2312
2312,23.120,0.0718,-0.1120,-1.7587,0.0018,-0.0021,-9.8024,0.0001,-0.0013,-43.1961,0.501,0.958,0.500,0.958,5435,1347,2313
2313,23.130,0.0720,-0.1119,-1.7588,0.0017,-0.0004,-9.7987,0.0009,0.0009,-43.2028,0.500,0.959,0.500,0.958,5437,1348,2314
2314,23.140,0.0720,-0.1119,-1.7588,0.0003,0.0008,-9.8002,-0.0001,0.0007,-43.2105,0.500,0.959,0.500,0.959,5440,1348,2315
2315,23.150,0.0723,-0.1118,-1.7590,-0.0004,0.0040,-9.8011,0.0005,0.0005,-43.2184,0.500,0.959,0.500,0.958,5442,1349,2316
2316,23.160,0.0723,-0.1118,-1.7590,-0.0008,0.0019,-9.8020,0.0013,0.0001,-43.2221,0.501,0.959,0.500,0.958,5444,1349,2317
2317,23.170,0.0725,-0.1118,-1.7591,-0.0005,0.0016,-9.7989,0.0011,-0.0003,-43.2296,0.500,0.959,0.500,0.959,5446,1350,2318
2318,23.180,0.0728,-0.1117,-1.7592,-0.0024,0.0022,-9.8002,-0.0005,-0.0010,-43.2393,0.500,0.958,0.500,0.959,5449,1351,2319
2319,23.190,0.0728,-0.1117,-1.7592,-0.0027,-0.0020,-9.7996,0.0000,-0.0015,-43.2438,0.500,0.958,0.500,0.959,5451,1351,2320
2320,23.200,0.0731,-0.1116,-1.7594,-0.0010,-0.0007,-9.8007,0.0002,-0.0008,-43.2511,0.500,0.959,0.500,0.959,5453,1352,2321
2321,23.210,0.0731,-0.1116,-1.7594,0.0007,-0.0041,-9.7963,-0.0021,-0.0004,-43.2592,0.500,0.958,0.501,0.959,5456,1352,2322
2322,23.220,0.0733,-0.1115,-1.7595,0.0007,-0.0022,-9.7997,0.0016,0.0017,-43.2642,0.500,0.959,0.500,0.957,5458,1353,2323
2323,23.230,0.0736,-0.1114,-1.7597,0.0013,-0.0067,-9.8009,0.0003,0.0000,-43.2738,0.500,0.958,0.500,0.959,5461,1354,2324
2324,23.240,0.0736,-0.1114,-1.7597,0.0024,-0.0026,-9.8025,0.0001,0.0009,-43.2793,0.500,0.959,0.500,0.958,5463,1354,2325
2325,23.250,0.0739,-0.1114,-1.7598,-0.0009,-0.0041,-9.7987,-0.0007,0.0007,-43.2859,0.500,0.958,0.500,0.959,5465,1355,2326
2326,23.260,0.0739,-0.1114,-1.7598,0.0015,-0.0018,-9.8015,0.0004,0.0001,-43.2946,0.501,0.959,0.500,0.958,5468,1355,2327
2327,23.270,0.0741,-0.1113,-1.7600,0.0013,-0.0004,-9.8001,-0.0003,0.0002,-43.3012,0.500,0.958,0.500,0.959,5470,1356,2328
2328,23.280,0.0741,-0.1113,-1.7600,0.0040,0.0039,-9.8000,-0.0004,-0.0021,-43.3062,0.501,0.958,0.500,0.959,5472,1356,2329
2329,23.290,0.0744,-0.1112,-1.7601,0.0008,0.0019,-9.7987,0.0001,0.0003,-43.3142,0.500,0.959,0.501,0.958,5475,1357,2330
2330,23.300,0.0747,-0.1111,-1.7603,-0.0018,0.0048,-9.8011,0.0002,0.0016,-43.3196,0.500,0.959,0.501,0.958,5477,1358,2331
2331,23.310,0.0747,-0.1111,-1.7603,0.0000,-0.0015,-9.8009,0.0001,0.0005,-43.3265,0.500,0.959,0.500,0.959,5480,1358,2332
2332,23.320,0.0749,-0.1110,-1.7604,-0.0030,0.0028,-9.8007,0.0007,-0.0002,-43.3349,0.500,0.958,0.500,0.958,5482,1359,2333
2333,23.330,0.0749,-0.1110,-1.7604,-0.0021,-0.0004,-9.8028,0.0004,0.0007,-43.3419,0.500,0.959,0.500,0.958,5484,1359,2334
2334,23.340,0.0752,-0.1109,-1.7606,0.0004,0.0008,-9.8048,0.0006,0.0011,-43.3492,0.500,0.959,0.500,0.958,5487,1360,2335
2335,23.350,0.0755,-0.1108,-1.7607,0.0034,-0.0046,-9.7986,0.0004,0.0007,-43.3563,0.500,0.958,0.500,0.958,5489,1361,2336
2336,23.360,0.0755,-0.1108,-1.7607,0.0050,-0.0010,-9.7999,0.0011,0.0004,-43.3619,0.500,0.959,0.500,0.958,5491,1361,2337
2337,23.370,0.0757,-0.1107,-1.7609,0.0007,-0.0010,-9.7938,0.0014,-0.0022,-43.3671,0.501,0.957,0.500,0.958,5493,1362,2338
2338,23.380,0.0757,-0.1107,-1.7609,0.0034,0.0016,-9.7965,-0.0015,0.0006,-43.3739,0.500,0.958,0.502,0.958,5496,1362,2339
2339,23.390,0.0760,-0.1107,-1.7610,-0.0002,0.0020,-9.7968,-0.0007,0.0013,-43.3813,0.500,0.959,0.500,0.958,5498,1363,2340
2340,23.400,0.0760,-0.1107,-1.7610,-0.0014,0.0019,-9.7957,-0.0019,-0.0000,-43.3876,0.500,0.958,0.500,0.959,5500,1363,2341
2341,23.410,0.0762,-0.1106,-1.7612,-0.0012,-0.0001,-9.8022,0.0002,-0.0008,-43.3930,0.501,0.958,0.500,0.958,5502,1364,2342
2342,23.420,0.0765,-0.1105,-1.7613,-0.0006,-0.0021,-9.8004,0.0002,0.0011,-43.4008,0.500,0.958,0.501,0.958,5505,1365,2343
2343,23.430,0.0765,-0.1105,-1.7613,-0.0013,0.0006,-9.7978,0.0016,-0.0008,-43.4059,0.501,0.958,0.500,0.958,5507,1365,2344
2344,23.440,0.0768,-0.1104,-1.7615,-0.0011,-0.0029,-9.7940,0.0014,-0.0015,-43.4116,0.501,0.958,0.500,0.958,5509,1366,2345
2345,23.450,0.0768,-0.1104,-1.7615,-0.0041,-0.0007,-9.7992,0.0003,0.0018,-43.4189,0.500,0.959,0.501,0.958,5511,1366,2346
2346,23.460,0.0770,-0.1103,-1.7616,0.0007,-0.0015,-9.7966,0.0026,0.0002,-43.4239,0.501,0.958,0.500,0.958,5513,1367,2347
2347,23.470,0.0770,-0.1103,-1.7616,0.0002,-0.0011,-9.7968,0.0017,-0.0005,-43.4328,0.500,0.959,0.500,0.959,5516,1367,2348
2348,23.480,0.0773,-0.1102,-1.7618,0.0011,0.0004,-9.8016,-0.0016,-0.0030,-43.4398,0.500,0.958,0.500,0.960,5518,1368,2349
2349,23.490,0.0773,-0.1102,-1.7618,0.0021,-0.0016,-9.8062,-0.0021,-0.0007,-43.4450,0.500,0.958,0.501,0.958,5520,1368,2350
2350,23.500,0.0776,-0.1101,-1.7619,-0.0020,0.0033,-9.8036,-0.0002,0.0009,-43.4497,0.500,0.959,0.500,0.958,5522,1369,2351
2351,23.510,0.0776,-0.1101,-1.7619,0.0011,0.0000,-9.8017,0.0010,0.0020,-43.4551,0.500,0.959,0.500,0.958,5524,1369,2352
2352,23.520,0.0778,-0.1100,-1.7621,0.0019,0.0007,-9.8027,0.0008,-0.0000,-43.4616,0.501,0.958,0.500,0.959,5526,1370,2353
2353,23.530,0.0778,-0.1100,-1.7621,0.0030,0.0029,-9.8056,0.0001,0.0007,-43.4658,0.500,0.959,0.500,0.959,5528,1370,2354
2354,23.540,0.0781,-0.1099,-1.7622,0.0004,-0.0004,-9.8050,0.0021,-0.0003,-43.4757,0.501,0.958,0.500,0.958,5531,1371,2355
2355,23.550,0.0783,-0.1098,-1.7624,0.0037,0.0039,-9.8009,0.0006,-0.0003,-43.4802,0.500,0.958,0.500,0.959,5533,1372,2356
2356,23.560,0.0783,-0.1098,-1.7624,-0.0003,0.0019,-9.7987,0.0017,-0.0007,-43.4890,0.501,0.959,0.500,0.958,5536,1372,2357
2357,23.570,0.0786,-0.1097,-1.7625,-0.0035,-0.0004,-9.7994,-0.0010,0.0019,-43.4950,0.500,0.958,0.502,0.958,5538,1373,2358
2358,23.580,0.0786,-0.1097,-1.7625,-0.0047,0.0033,-9.8027,-0.0014,0.0004,-43.4997,0.500,0.959,0.500,0.959,5540,1373,2359
2359,23.590,0.0789,-0.1096,-1.7627,-0.0016,-0.0065,-9.8001,0.0003,0.0023,-43.5069,0.500,0.959,0.500,0.958,5542,1374,2360
2360,23.600,0.0789,-0.1096,-1.7627,0.0050,-0.0019,-9.7990,0.0006,0.0005,-43.5114,0.501,0.959,0.500,0.959,5544,1374,2361
2361,23.610,0.0791,-0.1095,-1.7628,-0.0000,-0.0002,-9.8008,0.0001,0.0007,-43.5200,0.500,0.959,0.500,0.959,5547,1375,2362
2362,23.620,0.0794,-0.1094,-1.7630,0.0005,-0.0013,-9.8008,0.0008,0.0001,-43.5267,0.500,0.958,0.500,0.958,5549,1376,2363
2363,23.630,0.0794,-0.1094,-1.7630,0.0048,-0.0006,-9.8030,0.0002,0.0006,-43.5315,0.500,0.959,0.500,0.958,5551,1376,2364
2364,23.640,0.0797,-0.1093,-1.7631,0.0019,0.0016,-9.7990,-0.0002,-0.0015,-43.5397,0.501,0.958,0.500,0.959,5554,1377,2365
2365,23.650,0.0797,-0.1093,-1.7631,0.0005,-0.0016,-9.7996,0.0006,-0.0007,-43.5445,0.500,0.959,0.500,0.958,5556,1377,2366
2366,23.660,0.0799,-0.1092,-1.7633,0.0022,0.0022,-9.7998,0.0010,-0.0005,-43.5537,0.500,0.959,0.500,0.958,5559,1378,2367
2367,23.670,0.0802,-0.1091,-1.7634,0.0001,0.0022,-9.7994,-0.0008,-0.0001,-43.5610,0.500,0.958,0.501,0.958,5561,1379,2368
2368,23.680,0.0802,-0.1091,-1.7634,0.0004,0.0035,-9.7995,0.0002,0.0002,-43.5641,0.500,0.959,0.500,0.958,5563,1379,2369
2369,23.690,0.0804,-0.1090,-1.7636,0.0007,0.0028,-9.7994,-0.0014,0.0005,-43.5708,0.500,0.958,0.501,0.958,5565,1380,2370
2370,23.700,0.0804,-0.1090,-1.7636,-0.0005,-0.0028,-9.7966,0.0010,0.0004,-43.5782,0.501,0.959,0.500,0.958,5568,1380,2371
2371,23.710,0.0807,-0.1089,-1.7637,-0.0002,-0.0037,-9.7983,-0.0003,0.0002,-43.5843,0.500,0.958,0.500,0.958,5570,1381,2372
2372,23.720,0.0807,-0.1089,-1.7637,-0.0013,-0.0003,-9.7998,-0.0014,0.0002,-43.5898,0.500,0.958,0.501,0.959,5572,1381,2373
2373,23.730,0.0810,-0.1088,-1.7639,0.0023,-0.0020,-9.8028,0.0008,-0.0018,-43.5997,0.501,0.958,0.500,0.958,5575,1382,2374
2374,23.740,0.0812,-0.1086,-1.7640,0.0044,-0.0017,-9.7986,-0.0014,0.0003,-43.6046,0.500,0.958,0.501,0.958,5577,1383,2375
2375,23.750,0.0812,-0.1086,-1.7640,0.0047,-0.0014,-9.7960,-0.0002,0.0024,-43.6116,0.500,0.959,0.501,0.958,5580,1383,2376
2376,23.760,0.0815,-0.1085,-1.7641,-0.0058,0.0012,-9.7964,-0.0008,0.0003,-43.6197,0.500,0.958,0.500,0.959,5582,1384,2377
2377,23.770,0.0817,-0.1084,-1.7643,0.0013,0.0001,-9.7964,0.0016,-0.0014,-43.6267,0.502,0.958,0.500,0.957,5585,1385,2378
2378,23.780,0.0817,-0.1084,-1.7643,-0.0023,-0.0017,-9.7961,0.0002,-0.0003,-43.6326,0.500,0.958,0.501,0.958,5587,1385,2379
2379,23.790,0.0820,-0.1083,-1.7644,-0.0026,0.0022,-9.7962,-0.0000,0.0011,-43.6415,0.500,0.958,0.501,0.958,5590,1386,2380
2380,23.800,0.0820,-0.1083,-1.7644,-0.0021,-0.0001,-9.7967,0.0011,0.0001,-43.6452,0.501,0.958,0.500,0.958,5592,1386,2381
2381,23.810,0.0823,-0.1082,-1.7646,0.0005,0.0017,-9.7975,-0.0010,0.0015,-43.6516,0.500,0.958,0.501,0.958,5594,1387,2382
2382,23.820,0.0823,-0.1082,-1.7646,-0.0014,-0.0020,-9.7915,-0.0002,0.0002,-43.6572,0.500,0.958,0.500,0.958,5596,1387,2383
2383,23.830,0.0825,-0.1081,-1.7647,-0.0002,-0.0031,-9.7960,-0.0003,-0.0005,-43.6644,0.500,0.958,0.500,0.959,5599,1388,2384
2384,23.840,0.0828,-0.1080,-1.7648,0.0021,-0.0019,-9.7982,0.0009,-0.0002,-43.6699,0.500,0.958,0.500,0.958,5601,1389,2385
2385,23.850,0.0828,-0.1080,-1.7648,-0.0008,-0.0005,-9.7918,0.0010,-0.0002,-43.6753,0.500,0.959,0.500,0.958,5603,1389,2386
2386,23.860,0.0830,-0.1079,-1.7650,-0.0005,-0.0013,-9.7938,-0.0000,-0.0003,-43.6825,0.500,0.958,0.500,0.958,5606,1390,2387
2387,23.870,0.0830,-0.1079,-1.7650,0.0019,-0.0004,-9.7963,-0.0004,0.0026,-43.6896,0.500,0.958,0.501,0.957,5608,1390,2388
2388,23.880,0.0833,-0.1077,-1.7651,0.0042,-0.0022,-9.7943,0.0003,-0.0010,-43.6974,0.501,0.957,0.500,0.958,5611,1391,2389
2389,23.890,0.0835,-0.1076,-1.7652,0.0042,0.0023,-9.7958,0.0003,-0.0007,-43.7024,0.500,0.958,0.500,0.958,5613,1392,2390
2390,23.900,0.0835,-0.1076,-1.7652,0.0041,-0.0052,-9.7964,-0.0024,-0.0014,-43.7085,0.500,0.957,0.501,0.959,5615,1392,2391
2391,23.910,0.0838,-0.1075,-1.7654,-0.0024,-0.0014,-9.7976,0.0010,-0.0009,-43.7172,0.501,0.958,0.500,0.957,5618,1393,2392
2392,23.920,0.0838,-0.1075,-1.7654,-0.0031,-0.0009,-9.7993,0.0016,0.0010,-43.7220,0.500,0.959,0.500,0.958,5620,1393,2393
2393,23.930,0.0841,-0.1074,-1.7655,-0.0018,0.0023,-9.8005,0.0008,-0.0004,-43.7252,0.500,0.958,0.500,0.959,5622,1394,2394
2394,23.940,0.0841,-0.1074,-1.7655,-0.0026,-0.0004,-9.7937,-0.0012,0.0010,-43.7328,0.500,0.958,0.501,0.958,5624,1394,2395
2395,23.950,0.0843,-0.1073,-1.7656,-0.0011,-0.0005,-9.7970,-0.0000,0.0008,-43.7419,0.500,0.959,0.500,0.958,5627,1395,2396
2396,23.960,0.0846,-0.1072,-1.7657,-0.0011,-0.0031,-9.7970,0.0026,-0.0004,-43.7467,0.501,0.958,0.500,0.957,5629,1396,2397
2397,23.970,0.0846,-0.1072,-1.7657,-0.0011,-0.0017,-9.7979,-0.0000,0.0007,-43.7514,0.500,0.958,0.501,0.958,5631,1396,2398
2398,23.980,0.0848,-0.1070,-1.7659,0.0004,-0.0013,-9.7974,-0.0013,-0.0008,-43.7594,0.500,0.958,0.500,0.959,5634,1397,2399
2399,23.990,0.0848,-0.1070,-1.7659,0.0019,-0.0015,-9.7983,-0.0011,-0.0001,-43.7649,0.500,0.959,0.500,0.959,5636,1397,2400
2400,24.000,0.0851,-0.1069,-1.7660,0.0036,0.0002,-9.8034,0.0014,0.0004,-43.7728,0.501,0.959,0.500,0.958,5639,1398,2401
2401,24.010,0.0853,-0.1068,-1.7661,0.0063,0.0028,-9.8012,0.0006,-0.0003,-43.7783,0.500,0.958,0.500,0.959,5641,1399,2402
2402,24.020,0.0853,-0.1068,-1.7661,-0.0034,0.0007,-9.7974,0.0006,-0.0004,-43.7839,0.500,0.959,0.500,0.959,5643,1399,2403
2403,24.030,0.0856,-0.1067,-1.7662,0.0004,0.0022,-9.7988,-0.0003,-0.0001,-43.7891,0.500,0.958,0.500,0.958,5645,1400,2404
2404,24.040,0.0856,-0.1067,-1.7662,0.0056,0.0019,-9.7987,0.0006,-0.0003,-43.7950,0.500,0.959,0.500,0.958,5647,1400,2405
2405,24.050,0.0858,-0.1066,-1.7664,0.0002,-0.0012,-9.7986,-0.0010,0.0003,-43.8009,0.500,0.958,0.501,0.958,5649,1401,2406
2406,24.060,0.0858,-0.1066,-1.7664,-0.0016,0.0034,-9.8024,0.0004,0.0000,-43.8091,0.501,0.959,0.500,0.958,5652,1401,2407
2407,24.070,0.0861,-0.1064,-1.7665,-0.0060,-0.0018,-9.8008,-0.0006,-0.0003,-43.8131,0.500,0.958,0.500,0.959,5654,1402,2408
2408,24.080,0.0864,-0.1063,-1.7666,-0.0022,0.0019,-9.8010,-0.0001,-0.0019,-43.8227,0.501,0.958,0.500,0.958,5657,1403,2409
2409,24.090,0.0864,-0.1063,-1.7666,-0.0019,-0.0038,-9.8013,0.0003,-0.0023,-43.8281,0.501,0.958,0.500,0.959,5659,1403,2410
2410,24.100,0.0866,-0.1062,-1.7667,0.0004,-0.0008,-9.7979,-0.0002,-0.0001,-43.8348,0.500,0.959,0.501,0.958,5662,1404,2411
2411,24.110,0.0866,-0.1062,-1.7667,0.0048,-0.0013,-9.8009,0.0008,0.0007,-43.8412,0.500,0.959,0.500,0.958,5664,1404,2412
2412,24.120,0.0869,-0.1061,-1.7669,0.0024,0.0026,-9.8028,-0.0004,0.0018,-43.8463,0.500,0.958,0.501,0.958,5666,1405,2413
2413,24.130,0.0869,-0.1061,-1.7669,-0.0030,0.0048,-9.8022,-0.0004,-0.0005,-43.8500,0.501,0.958,0.500,0.959,5668,1405,2414
2414,24.140,0.0871,-0.1059,-1.7670,0.0037,0.0002,-9.8033,0.0018,0.0003,-43.8561,0.501,0.959,0.500,0.958,5670,1406,2415
2415,24.150,0.0871,-0.1059,-1.7670,0.0027,0.0027,-9.8047,0.0004,-0.0011,-43.8616,0.500,0.958,0.500,0.959,5672,1406,2416
2416,24.160,0.0874,-0.1058,-1.7671,0.0015,0.0037,-9.8000,-0.0003,0.0010,-43.8684,0.500,0.959,0.501,0.958,5675,1407,2417
2417,24.170,0.0876,-0.1057,-1.7672,-0.0046,-0.0005,-9.8024,0.0002,-0.0004,-43.8770,0.501,0.958,0.500,0.959,5677,1408,2418
2418,24.180,0.0876,-0.1057,-1.7672,-0.0009,0.0031,-9.8019,-0.0004,0.0012,-43.8806,0.500,0.959,0.501,0.958,5679,1408,2419
2419,24.190,0.0879,-0.1055,-1.7674,-0.0012,-0.0023,-9.8037,0.0000,-0.0018,-43.8891,0.501,0.958,0.500,0.959,5682,1409,2420
2420,24.200,0.0879,-0.1055,-1.7674,0.0018,0.0005,-9.8006,0.0001,0.0009,-43.8943,0.500,0.959,0.501,0.958,5684,1409,2421
2421,24.210,0.0881,-0.1054,-1.7675,-0.0005,-0.0038,-9.8009,-0.0002,0.0001,-43.8991,0.500,0.959,0.500,0.959,5686,1410,2422
2422,24.220,0.0884,-0.1053,-1.7676,0.0006,-0.0029,-9.8033,0.0017,-0.0007,-43.9081,0.501,0.958,0.500,0.958,5689,1411,2423
2423,24.230,0.0884,-0.1053,-1.7676,0.0025,0.0006,-9.8025,0.0009,0.0000,-43.9122,0.500,0.959,0.500,0.959,5691,1411,2424
2424,24.240,0.0886,-0.1051,-1.7678,-0.0029,-0.0024,-9.7996,0.0018,-0.0001,-43.9190,0.501,0.959,0.500,0.958,5694,1412,2425
2425,24.250,0.0886,-0.1051,-1.7678,0.0008,-0.0013,-9.7994,-0.0001,0.0005,-43.9261,0.500,0.958,0.501,0.959,5696,1412,2426
2426,24.260,0.0889,-0.1050,-1.7679,-0.0016,0.0038,-9.8018,0.0001,-0.0003,-43.9305,0.500,0.958,0.500,0.959,5698,1413,2427
2427,24.270,0.0891,-0.1049,-1.7680,0.0010,0.0024,-9.8014,0.0013,0.0016,-43.9389,0.500,0.959,0.500,0.958,5701,1414,2428
2428,24.280,0.0891,-0.1049,-1.7680,0.0009,0.0029,-9.8004,0.0000,0.0020,-43.9444,0.500,0.958,0.501,0.958,5703,1414,2429
2429,24.290,0.0894,-0.1047,-1.7681,-0.0014,0.0017,-9.8032,0.0012,-0.0006,-43.9496,0.501,0.958,0.500,0.958,5705,1415,2430
2430,24.300,0.0894,-0.1047,-1.7681,0.0012,0.0022,-9.7999,-0.0016,-0.0001,-43.9556,0.500,0.958,0.501,0.959,5707,1415,2431
2431,24.310,0.0896,-0.1046,-1.7683,-0.0040,-0.0005,-9.8012,0.0002,-0.0001,-43.9613,0.501,0.959,0.500,0.958,5710,1416,2432
2432,24.320,0.0896,-0.1046,-1.7683,-0.0002,0.0037,-9.8000,-0.0005,-0.0002,-43.9675,0.500,0.959,0.500,0.959,5712,1416,2433
2433,24.330,0.0899,-0.1045,-1.7684,-0.0015,-0.0019,-9.7990,0.0004,0.0003,-43.9773,0.500,0.959,0.500,0.958,5715,1417,2434
2434,24.340,0.0901,-0.1043,-1.7685,0.0025,-0.0030,-9.8013,0.0012,-0.0001,-43.9808,0.501,0.958,0.500,0.958,5717,1418,2435
2435,24.350,0.0901,-0.1043,-1.7685,0.0062,-0.0032,-9.7980,0.0002,-0.0002,-43.9879,0.500,0.958,0.500,0.959,5720,1418,2436
2436,24.360,0.0904,-0.1042,-1.7687,-0.0035,-0.0019,-9.8011,-0.0002,-0.0001,-43.9946,0.500,0.958,0.500,0.959,5722,1419,2437
2437,24.370,0.0904,-0.1042,-1.7687,0.0008,-0.0005,-9.7994,-0.0003,0.0011,-43.9990,0.500,0.959,0.501,0.958,5724,1419,2438
2438,24.380,0.0906,-0.1041,-1.7688,-0.0017,-0.0051,-9.8007,-0.0004,0.0003,-44.0029,0.500,0.958,0.500,0.959,5726,1420,2439
2439,24.390,0.0906,-0.1041,-1.7688,-0.0024,-0.0036,-9.7987,-0.0019,0.0003,-44.0091,0.500,0.958,0.501,0.959,5728,1420,2440
2440,24.400,0.0909,-0.1039,-1.7689,0.0018,0.0036,-9.8006,-0.0014,0.0008,-44.0146,0.500,0.959,0.500,0.958,5730,1421,2441
2441,24.410,0.0911,-0.1038,-1.7690,-0.0003,0.0011,-9.8011,0.0002,0.0013,-44.0237,0.500,0.959,0.500,0.958,5733,1422,2442
2442,24.420,0.0911,-0.1038,-1.7690,-0.0015,0.0077,-9.7983,0.0010,-0.0001,-44.0258,0.501,0.958,0.500,0.958,5735,1422,2443
2443,24.430,0.0914,-0.1036,-1.7692,-0.0030,0.0035,-9.7997,0.0012,-0.0010,-44.0340,0.501,0.958,0.500,0.958,5737,1423,2444
2444,24.440,0.0914,-0.1036,-1.7692,-0.0000,0.0039,-9.7965,-0.0003,0.0009,-44.0401,0.500,0.958,0.501,0.958,5740,1423,2445
2445,24.450,0.0916,-0.1035,-1.7693,-0.0005,-0.0021,-9.7956,-0.0016,0.0006,-44.0466,0.500,0.958,0.501,0.959,5742,1424,2446
2446,24.460,0.0919,-0.1033,-1.7694,0.0030,-0.0040,-9.7964,-0.0018,-0.0011,-44.0540,0.500,0.958,0.500,0.959,5745,1425,2447
2447,24.470,0.0919,-0.1033,-1.7694,0.0042,-0.0056,-9.7957,-0.0008,0.0006,-44.0591,0.500,0.959,0.500,0.958,5747,1425,2448
2448,24.480,0.0921,-0.1032,-1.7696,0.0013,-0.0040,-9.7971,-0.0013,0.0003,-44.0656,0.500,0.958,0.500,0.958,5750,1426,2449
2449,24.490,0.0921,-0.1032,-1.7696,0.0014,0.0028,-9.7964,0.0001,0.0009,-44.0721,0.500,0.959,0.500,0.958,5752,1426,2450
2450,24.500,0.0924,-0.1031,-1.7697,0.0015,0.0026,-9.7940,0.0005,0.0018,-44.0752,0.500,0.959,0.500,0.958,5754,1427,2451
2451,24.510,0.0924,-0.1031,-1.7697,0.0019,0.0005,-9.7972,0.0007,0.0001,-44.0806,0.501,0.958,0.500,0.959,5756,1427,2452
2452,24.520,0.0926,-0.1029,-1.7698,0.0017,0.0014,-9.8020,0.0004,-0.0003,-44.0880,0.500,0.958,0.500,0.959,5758,1428,2453
2453,24.530,0.0929,-0.1028,-1.7699,0.0012,0.0046,-9.7989,-0.0004,-0.0005,-44.0941,0.500,0.958,0.500,0.959,5761,1429,2454
2454,24.540,0.0929,-0.1028,-1.7699,0.0019,0.0037,-9.8008,-0.0005,-0.0004,-44.1004,0.500,0.959,0.500,0.959,5763,1429,2455
2455,24.550,0.0931,-0.1026,-1.7701,-0.0026,-0.0002,-9.7979,-0.0014,-0.0004,-44.1050,0.500,0.958,0.500,0.959,5765,1430,2456
2456,24.560,0.0931,-0.1026,-1.7701,-0.0019,-0.0013,-9.8006,0.0002,0.0004,-44.1077,0.500,0.959,0.500,0.958,5767,1430,2457
2457,24.570,0.0934,-0.1025,-1.7702,0.0023,-0.0032,-9.7980,0.0009,-0.0007,-44.1163,0.501,0.958,0.500,0.958,5770,1431,2458
2458,24.580,0.0934,-0.1025,-1.7702,-0.0008,0.0007,-9.7964,-0.0004,0.0009,-44.1234,0.500,0.958,0.501,0.958,5772,1431,2459
2459,24.590,0.0936,-0.1023,-1.7703,-0.0008,0.0010,-9.7926,-0.0006,0.0015,-44.1281,0.500,0.958,0.501,0.958,5774,1432,2460
2460,24.600,0.0938,-0.1022,-1.7704,-0.0007,-0.0039,-9.7950,0.0000,0.0006,-44.1361,0.500,0.958,0.500,0.958,5777,1433,2461
2461,24.610,0.0938,-0.1022,-1.7704,-0.0022,-0.0024,-9.7975,-0.0008,0.0006,-44.1406,0.500,0.958,0.500,0.959,5779,1433,2462
2462,24.620,0.0941,-0.1020,-1.7705,0.0022,0.0028,-9.7986,-0.0010,-0.0008,-44.1478,0.500,0.958,0.500,0.959,5782,1434,2463
2463,24.630,0.0941,-0.1020,-1.7705,0.0006,0.0008,-9.7979,-0.0004,-0.0017,-44.1527,0.501,0.958,0.500,0.959,5784,1434,2464
2464,24.640,0.0943,-0.1019,-1.7707,0.0031,-0.0004,-9.7955,0.0015,0.0016,-44.1609,0.500,0.959,0.500,0.957,5787,1435,2465
2465,24.650,0.0946,-0.1017,-1.7708,-0.0008,0.0004,-9.7960,0.0017,-0.0002,-44.1646,0.501,0.958,0.500,0.958,5789,1436,2466
2466,24.660,0.0946,-0.1017,-1.7708,-0.0026,0.0027,-9.8000,-0.0005,0.0001,-44.1704,0.500,0.958,0.501,0.959,5791,1436,2467
2467,24.670,0.0948,-0.1016,-1.7709,-0.0021,-0.0043,-9.7946,0.0000,0.0016,-44.1792,0.500,0.959,0.500,0.958,5794,1437,2468
2468,24.680,0.0948,-0.1016,-1.7709,-0.0032,-0.0046,-9.7956,-0.0006,-0.0005,-44.1838,0.500,0.958,0.500,0.959,5796,1437,2469
2469,24.690,0.0951,-0.1014,-1.7710,-0.0039,0.0028,-9.8002,-0.0012,-0.0002,-44.1878,0.500,0.958,0.500,0.959,5798,1438,2470
2470,24.700,0.0951,-0.1014,-1.7710,0.0009,-0.0011,-9.7983,-0.0015,0.0010,-44.1928,0.500,0.959,0.501,0.958,5800,1438,2471
2471,24.710,0.0953,-0.1012,-1.7711,0.0029,-0.0028,-9.8012,0.0019,0.0007,-44.2008,0.501,0.959,0.500,0.957,5803,1439,2472
2472,24.720,0.0955,-0.1011,-1.7712,-0.0009,-0.0045,-9.8023,0.0000,0.0007,-44.2061,0.500,0.958,0.501,0.958,5805,1440,2473
2473,24.730,0.0955,-0.1011,-1.7712,0.0034,0.0022,-9.7974,-0.0032,0.0002,-44.2130,0.500,0.957,0.501,0.959,5808,1440,2474
2474,24.740,0.0958,-0.1009,-1.7714,0.0028,-0.0010,-9.7954,-0.0005,-0.0005,-44.2175,0.501,0.958,0.500,0.958,5810,1441,2475
2475,24.750,0.0958,-0.1009,-1.7714,0.0026,0.0008,-9.8024,-0.0010,0.0000,-44.2228,0.500,0.958,0.500,0.959,5812,1441,2476
2476,24.760,0.0960,-0.1008,-1.7715,0.0000,0.0024,-9.8014,0.0012,-0.0008,-44.2287,0.501,0.958,0.500,0.958,5814,1442,2477
2477,24.770,0.0963,-0.1006,-1.7716,0.0002,0.0038,-9.7961,0.0018,0.0005,-44.2352,0.500,0.959,0.500,0.958,5817,1443,2478
2478,24.780,0.0963,-0.1006,-1.7716,-0.0051,0.0000,-9.7983,0.0015,0.0006,-44.2411,0.500,0.959,0.500,0.959,5819,1443,2479
2479,24.790,0.0965,-0.1005,-1.7717,-0.0026,-0.0031,-9.7961,0.0004,-0.0001,-44.2479,0.500,0.958,0.500,0.959,5822,1444,2480
2480,24.800,0.0965,-0.1005,-1.7717,-0.0049,0.0035,-9.8021,-0.0016,-0.0010,-44.2522,0.500,0.958,0.500,0.959,5824,1444,2481
2481,24.810,0.0968,-0.1003,-1.7718,-0.0016,-0.0044,-9.7999,-0.0007,-0.0007,-44.2579,0.500,0.959,0.500,0.958,5826,1445,2482
2482,24.820,0.0970,-0.1001,-1.7719,0.0015,-0.0018,-9.7973,-0.0000,0.0006,-44.2659,0.500,0.959,0.500,0.958,5829,1446,2483
2483,24.830,0.0970,-0.1001,-1.7719,0.0010,-0.0036,-9.7987,0.0014,0.0013,-44.2712,0.500,0.959,0.500,0.958,5831,1446,2484
2484,24.840,0.0972,-0.1000,-1.7720,0.0020,0.0015,-9.7972,0.0004,0.0012,-44.2738,0.500,0.958,0.500,0.958,5833,1447,2485
2485,24.850,0.0972,-0.1000,-1.7720,0.0012,0.0009,-9.7976,-0.0001,-0.0013,-44.2810,0.501,0.958,0.500,0.959,5835,1447,2486
2486,24.860,0.0975,-0.0998,-1.7721,0.0066,0.0026,-9.8001,0.0010,0.0009,-44.2882,0.500,0.959,0.500,0.958,5838,1448,2487
2487,24.870,0.0975,-0.0998,-1.7721,0.0003,-0.0013,-9.7992,-0.0003,-0.0010,-44.2934,0.500,0.958,0.500,0.959,5840,1448,2488
2488,24.880,0.0977,-0.0996,-1.7723,0.0000,-0.0005,-9.8037,-0.0007,0.0008,-44.3016,0.500,0.958,0.501,0.958,5843,1449,2489
2489,24.890,0.0980,-0.0995,-1.7724,0.0034,-0.0000,-9.8017,0.0005,0.0006,-44.3047,0.500,0.959,0.500,0.958,5845,1450,2490
2490,24.900,0.0980,-0.0995,-1.7724,-0.0003,-0.0003,-9.7996,-0.0016,-0.0013,-44.3115,0.500,0.958,0.500,0.959,5848,1450,2491
2491,24.910,0.0982,-0.0993,-1.7725,-0.0025,0.0020,-9.8011,-0.0013,0.0004,-44.3180,0.500,0.958,0.501,0.958,5850,1451,2492
2492,24.920,0.0982,-0.0993,-1.7725,-0.0041,-0.0019,-9.7990,0.0026,-0.0004,-44.3227,0.502,0.959,0.500,0.957,5852,1451,2493
2493,24.930,0.0984,-0.0991,-1.7726,-0.0061,-0.0058,-9.8021,0.0011,-0.0013,-44.3284,0.500,0.958,0.500,0.959,5855,1452,2494
2494,24.940,0.0987,-0.0990,-1.7727,0.0028,-0.0046,-9.7983,0.0004,-0.0000,-44.3352,0.500,0.958,0.501,0.958,5857,1453,2495
2495,24.950,0.0987,-0.0990,-1.7727,0.0001,0.0015,-9.7992,-0.0009,-0.0008,-44.3400,0.500,0.958,0.500,0.959,5859,1453,2496
2496,24.960,0.0989,-0.0988,-1.7728,0.0033,-0.0022,-9.8019,0.0013,-0.0005,-44.3451,0.501,0.959,0.500,0.958,5861,1454,2497
2497,24.970,0.0989,-0.0988,-1.7728,0.0005,0.0005,-9.8012,-0.0006,0.0003,-44.3515,0.500,0.958,0.501,0.958,5864,1454,2498
2498,24.980,0.0991,-0.0986,-1.7729,0.0037,0.0017,-9.7988,0.0008,0.0015,-44.3568,0.500,0.959,0.500,0.958,5866,1455,2499
2499,24.990,0.0991,-0.0986,-1.7729,0.0033,-0.0023,-9.8006,-0.0006,0.0003,-44.3600,0.500,0.958,0.500,0.959,5868,1455,2500
2500,25.000,0.0994,-0.0985,-1.7731,0.0020,0.0023,-9.8030,-0.0013,0.0002,-44.3683,0.500,0.958,0.500,0.959,5871,1456,2501
2501,25.010,0.0996,-0.0983,-1.7732,0.0010,0.0015,-9.8022,0.0004,-0.0001,-44.3759,0.501,0.958,0.500,0.958,5873,1457,2502
2502,25.020,0.0996,-0.0983,-1.7732,-0.0032,-0.0015,-9.8041,-0.0005,0.0013,-44.3816,0.500,0.958,0.501,0.958,5876,1457,2503
2503,25.030,0.0999,-0.0981,-1.7733,0.0024,-0.0012,-9.7993,0.0001,-0.0007,-44.3852,0.501,0.958,0.500,0.958,5878,1458,2504
2504,25.040,0.0999,-0.0981,-1.7733,-0.0028,0.0002,-9.7973,-0.0017,0.0022,-44.3901,0.500,0.958,0.502,0.958,5880,1458,2505
2505,25.050,0.1001,-0.0980,-1.7734,-0.0053,-0.0023,-9.8015,0.0004,0.0004,-44.3980,0.501,0.958,0.500,0.958,5883,1459,2506
2506,25.060,0.1003,-0.0978,-1.7735,-0.0001,-0.0005,-9.7994,-0.0000,-0.0021,-44.4021,0.501,0.958,0.500,0.959,5885,1460,2507
2507,25.070,0.1003,-0.0978,-1.7735,0.0011,-0.0053,-9.7969,-0.0016,-0.0004,-44.4076,0.500,0.958,0.501,0.958,5887,1460,2508
2508,25.080,0.1006,-0.0976,-1.7736,-0.0016,-0.0030,-9.7966,0.0004,-0.0007,-44.4173,0.501,0.958,0.500,0.958,5890,1461,2509
2509,25.090,0.1006,-0.0976,-1.7736,0.0063,0.0034,-9.7977,0.0004,-0.0011,-44.4181,0.500,0.959,0.500,0.959,5892,1461,2510
2510,25.100,0.1008,-0.0974,-1.7737,0.0016,-0.0014,-9.7972,0.0010,-0.0017,-44.4278,0.501,0.958,0.500,0.958,5895,1462,2511
2511,25.110,0.1010,-0.0973,-1.7738,0.0016,0.0012,-9.7996,0.0001,0.0005,-44.4312,0.500,0.958,0.501,0.958,5897,1463,2512
2512,25.120,0.1010,-0.0973,-1.7738,-0.0029,0.0046,-9.7984,0.0001,-0.0008,-44.4405,0.500,0.958,0.500,0.959,5900,1463,2513
2513,25.130,0.1013,-0.0971,-1.7740,-0.0023,0.0011,-9.7983,0.0012,-0.0013,-44.4431,0.501,0.958,0.500,0.958,5902,1464,2514
2514,25.140,0.1013,-0.0971,-1.7740,-0.0008,-0.0030,-9.7993,0.0007,-0.0005,-44.4484,0.500,0.959,0.500,0.959,5904,1464,2515
2515,25.150,0.1015,-0.0969,-1.7741,-0.0014,0.0012,-9.7945,0.0011,0.0006,-44.4552,0.500,0.959,0.500,0.958,5907,1465,2516
2516,25.160,0.1017,-0.0967,-1.7742,-0.0015,0.0040,-9.7966,0.0000,-0.0002,-44.4608,0.500,0.958,0.500,0.959,5909,1466,2517
2517,25.170,0.1017,-0.0967,-1.7742,-0.0051,-0.0008,-9.8000,-0.0011,0.0001,-44.4649,0.500,0.958,0.501,0.959,5911,1466,2518
2518,25.180,0.1020,-0.0966,-1.7743,0.0017,-0.0003,-9.7976,-0.0005,-0.0001,-44.4693,0.500,0.958,0.500,0.958,5913,1467,2519
2519,25.190,0.1020,-0.0966,-1.7743,-0.0009,-0.0035,-9.7979,-0.0006,-0.0006,-44.4756,0.500,0.959,0.500,0.959,5915,1467,2520
2520,25.200,0.1022,-0.0964,-1.7744,-0.0012,-0.0013,-9.7999,0.0011,0.0016,-44.4782,0.500,0.959,0.500,0.958,5917,1468,2521
2521,25.210,0.1022,-0.0964,-1.7744,-0.0025,-0.0006,-9.7989,-0.0001,0.0001,-44.4859,0.500,0.958,0.500,0.959,5920,1468,2522
2522,25.220,0.1024,-0.0962,-1.7745,-0.0008,0.0021,-9.7997,-0.0003,-0.0006,-44.4911,0.500,0.958,0.500,0.959,5922,1469,2523
2523,25.230,0.1024,-0.0962,-1.7745,0.0072,-0.0004,-9.8000,-0.0010,-0.0005,-44.4972,0.500,0.959,0.500,0.959,5924,1469,2524
2524,25.240,0.1026,-0.0960,-1.7746,0.0002,0.0009,-9.8022,-0.0002,0.0002,-44.5023,0.500,0.959,0.500,0.958,5927,1470,2525
2525,25.250,0.1029,-0.0958,-1.7747,-0.0013,-0.0000,-9.8054,0.0008,-0.0004,-44.5068,0.501,0.958,0.500,0.958,5929,1471,2526
2526,25.260,0.1029,-0.0958,-1.7747,0.0017,0.0018,-9.8019,0.0007,0.0007,-44.5123,0.500,0.959,0.500,0.958,5931,1471,2527
2527,25.270,0.1031,-0.0957,-1.7748,-0.0046,0.0003,-9.8028,0.0009,-0.0002,-44.5184,0.500,0.958,0.500,0.958,5933,1472,2528
2528,25.280,0.1031,-0.0957,-1.7748,-0.0001,-0.0024,-9.7937,-0.0003,0.0004,-44.5247,0.500,0.958,0.501,0.959,5936,1472,2529
2529,25.290,0.1033,-0.0955,-1.7749,0.0012,-0.0014,-9.8004,-0.0002,-0.0006,-44.5299,0.500,0.958,0.500,0.959,5938,1473,2530
2530,25.300,0.1036,-0.0953,-1.7750,0.0042,-0.0052,-9.7980,-0.0005,0.0005,-44.5355,0.500,0.958,0.501,0.958,5941,1474,2531
2531,25.310,0.1036,-0.0953,-1.7750,0.0002,-0.0043,-9.7998,0.0001,-0.0007,-44.5420,0.501,0.958,0.500,0.959,5943,1474,2532
2532,25.320,0.1038,-0.0951,-1.7751,0.0071,-0.0004,-9.7989,0.0005,0.0001,-44.5455,0.500,0.959,0.500,0.958,5945,1475,2533
2533,25.330,0.1038,-0.0951,-1.7751,0.0013,-0.0048,-9.8007,0.0003,0.0015,-44.5503,0.500,0.959,0.501,0.958,5947,1475,2534
2534,25.340,0.1040,-0.0949,-1.7752,-0.0010,-0.0012,-9.8005,0.0013,0.0000,-44.5543,0.501,0.958,0.500,0.958,5949,1476,2535
2535,25.350,0.1040,-0.0949,-1.7752,0.0023,0.0045,-9.7993,-0.0014,0.0001,-44.5603,0.500,0.958,0.501,0.959,5951,1476,2536
2536,25.360,0.1043,-0.0947,-1.7753,0.0001,0.0036,-9.7978,-0.0019,-0.0002,-44.5662,0.500,0.958,0.500,0.959,5953,1477,2537
2537,25.370,0.1043,-0.0947,-1.7753,0.0025,0.0024,-9.7987,0.0023,0.0012,-44.5725,0.501,0.959,0.500,0.957,5956,1477,2538
2538,25.380,0.1045,-0.0945,-1.7754,-0.0027,-0.0008,-9.7999,0.0017,-0.0018,-44.5763,0.501,0.958,0.500,0.959,5958,1478,2539
2539,25.390,0.1045,-0.0945,-1.7754,-0.0015,0.0021,-9.8017,0.0002,-0.0004,-44.5818,0.500,0.959,0.501,0.959,5960,1478,2540
2540,25.400,0.1047,-0.0944,-1.7755,-0.0023,-0.0018,-9.7977,0.0003,0.0004,-44.5881,0.500,0.959,0.500,0.958,5962,1479,2541
2541,25.410,0.1049,-0.0942,-1.7756,-0.0039,0.0043,-9.8001,0.0005,-0.0010,-44.5935,0.501,0.958,0.500,0.959,5965,1480,2542
2542,25.420,0.1049,-0.0942,-1.7756,-0.0025,-0.0014,-9.7981,0.0006,-0.0003,-44.5962,0.500,0.959,0.500,0.959,5967,1480,2543
2543,25.430,0.1052,-0.0940,-1.7758,-0.0024,-0.0021,-9.7962,0.0010,-0.0000,-44.6016,0.500,0.959,0.500,0.958,5969,1481,2544
2544,25.440,0.1052,-0.0940,-1.7758,-0.0052,0.0002,-9.8016,0.0000,0.0012,-44.6065,0.500,0.959,0.501,0.958,5971,1481,2545
2545,25.450,0.1054,-0.0938,-1.7759,-0.0018,-0.0017,-9.7993,-0.0000,0.0015,-44.6120,0.500,0.959,0.500,0.958,5974,1482,2546
2546,25.460,0.1054,-0.0938,-1.7759,0.0081,-0.0029,-9.8024,0.0014,-0.0004,-44.6177,0.501,0.958,0.500,0.958,5976,1482,2547
2547,25.470,0.1056,-0.0936,-1.7760,-0.0005,0.0041,-9.8002,-0.0004,-0.0019,-44.6246,0.500,0.958,0.500,0.959,5979,1483,2548
2548,25.480,0.1056,-0.0936,-1.7760,0.0034,-0.0003,-9.8040,-0.0001,0.0010,-44.6269,0.500,0.959,0.501,0.958,5980,1483,2549
2549,25.490,0.1058,-0.0934,-1.7761,0.0028,0.0027,-9.8016,0.0023,0.0002,-44.6357,0.501,0.959,0.500,0.958,5983,1484,2550
2550,25.500,0.1061,-0.0932,-1.7762,-0.0029,0.0003,-9.8036,0.0016,-0.0010,-44.6409,0.501,0.958,0.500,0.959,5985,1485,2551
2551,25.510,0.1061,-0.0932,-1.7762,-0.0003,-0.0021,-9.8008,-0.0034,-0.0001,-44.6474,0.500,0.957,0.502,0.959,5988,1485,2552
2552,25.520,0.1063,-0.0930,-1.7763,0.0006,0.0014,-9.8020,0.0003,0.0013,-44.6511,0.500,0.959,0.500,0.958,5990,1486,2553
2553,25.530,0.1065,-0.0928,-1.7764,-0.0058,-0.0040,-9.7967,0.0006,-0.0005,-44.6576,0.501,0.958,0.500,0.958,5993,1487,2554
2554,25.540,0.1065,-0.0928,-1.7764,-0.0031,-0.0051,-9.7965,-0.0013,-0.0000,-44.6632,0.500,0.958,0.501,0.959,5995,1487,2555
2555,25.550,0.1067,-0.0926,-1.7765,-0.0003,-0.0054,-9.7994,0.0003,0.0006,-44.6666,0.500,0.959,0.500,0.958,5997,1488,2556
2556,25.560,0.1067,-0.0926,-1.7765,0.0008,-0.0001,-9.7987,-0.0001,-0.0014,-44.6726,0.501,0.958,0.500,0.959,6000,1488,2557
2557,25.570,0.1069,-0.0924,-1.7766,0.0027,0.0001,-9.7982,-0.0006,-0.0020,-44.6778,0.500,0.958,0.500,0.959,6002,1489,2558
2558,25.580,0.1069,-0.0924,-1.7766,0.0054,0.0001,-9.7963,-0.0009,0.0005,-44.6814,0.500,0.959,0.501,0.958,6004,1489,2559
2559,25.590,0.1072,-0.0922,-1.7767,0.0053,0.0004,-9.7998,-0.0001,-0.0006,-44.6897,0.501,0.958,0.500,0.958,6007,1490,2560
2560,25.600,0.1074,-0.0920,-1.7768,0.0050,0.0027,-9.7963,0.0008,0.0006,-44.6938,0.500,0.959,0.500,0.958,6009,1491,2561
2561,25.610,0.1074,-0.0920,-1.7768,-0.0004,0.0026,-9.8000,0.0001,-0.0014,-44.6980,0.501,0.958,0.500,0.959,6011,1491,2562
2562,25.620,0.1076,-0.0918,-1.7769,-0.0020,0.0028,-9.7994,0.0003,-0.0002,-44.7052,0.500,0.959,0.500,0.958,6014,1492,2563
2563,25.630,0.1076,-0.0918,-1.7769,-0.0010,0.0025,-9.7965,0.0009,0.0008,-44.7096,0.500,0.959,0.500,0.958,6016,1492,2564
2564,25.640,0.1078,-0.0916,-1.7771,-0.0032,0.0009,-9.7962,0.0005,-0.0008,-44.7156,0.501,0.958,0.500,0.959,6018,1493,2565
2565,25.650,0.1080,-0.0914,-1.7772,0.0015,-0.0013,-9.8003,0.0014,0.0005,-44.7205,0.500,0.959,0.500,0.958,6021,1494,2566
2566,25.660,0.1080,-0.0914,-1.7772,-0.0034,-0.0020,-9.7955,-0.0014,-0.0016,-44.7273,0.500,0.958,0.500,0.959,6023,1494,2567
2567,25.670,0.1083,-0.0912,-1.7773,0.0000,-0.0000,-9.7996,-0.0004,-0.0000,-44.7299,0.500,0.959,0.500,0.958,6026,1495,2568
2568,25.680,0.1083,-0.0912,-1.7773,0.0040,-0.0008,-9.8025,0.0002,0.0009,-44.7366,0.500,0.959,0.500,0.958,6028,1495,2569
2569,25.690,0.1085,-0.0910,-1.7774,0.0013,0.0008,-9.7969,0.0005,0.0003,-44.7436,0.500,0.958,0.500,0.958,6030,1496,2570
2570,25.700,0.1087,-0.0908,-1.7775,0.0039,-0.0012,-9.7980,-0.0004,0.0003,-44.7478,0.500,0.958,0.500,0.958,6033,1497,2571
2571,25.710,0.1087,-0.0908,-1.7775,0.0016,0.0001,-9.7971,0.0011,-0.0001,-44.7542,0.501,0.958,0.500,0.958,6035,1497,2572
2572,25.720,0.1089,-0.0906,-1.7776,0.0021,0.0018,-9.7977,0.0010,-0.0014,-44.7577,0.501,0.958,0.500,0.958,6037,1498,2573
2573,25.730,0.1089,-0.0906,-1.7776,-0.0035,-0.0004,-9.7967,0.0010,0.0002,-44.7632,0.500,0.959,0.500,0.958,6039,1498,2574
2574,25.740,0.1091,-0.0904,-1.7777,-0.0030,-0.0009,-9.7958,-0.0004,0.0007,-44.7691,0.500,0.958,0.501,0.958,6042,1499,2575
2575,25.750,0.1091,-0.0904,-1.7777,-0.0055,0.0015,-9.7954,-0.0004,0.0002,-44.7752,0.500,0.959,0.500,0.959,6044,1499,2576
2576,25.760,0.1094,-0.0902,-1.7778,-0.0005,0.0020,-9.7923,0.0009,0.0008,-44.7796,0.500,0.959,0.500,0.958,6046,1500,2577
2577,25.770,0.1096,-0.0900,-1.7779,-0.0029,0.0002,-9.7942,0.0002,-0.0004,-44.7854,0.500,0.958,0.500,0.959,6049,1501,2578
2578,25.780,0.1096,-0.0900,-1.7779,-0.0023,-0.0049,-9.7999,-0.0018,-0.0001,-44.7871,0.500,0.958,0.501,0.958,6050,1501,2579
2579,25.790,0.1098,-0.0898,-1.7780,0.0006,-0.0014,-9.7975,0.0001,0.0013,-44.7923,0.500,0.959,0.500,0.958,6053,1502,2580
2580,25.800,0.1098,-0.0898,-1.7780,-0.0002,-0.0037,-9.7980,0.0001,-0.0002,-44.7962,0.500,0.958,0.500,0.959,6055,1502,2581
2581,25.810,0.1100,-0.0896,-1.7781,0.0043,-0.0047,-9.7992,0.0000,0.0011,-44.8029,0.500,0.959,0.501,0.958,6058,1503,2582
2582,25.820,0.1100,-0.0896,-1.7781,0.0013,-0.0001,-9.7997,-0.0015,-0.0000,-44.8094,0.500,0.958,0.500,0.959,6060,1503,2583
2583,25.830,0.1102,-0.0894,-1.7782,0.0022,0.0006,-9.7972,0.0001,-0.0010,-44.8139,0.501,0.958,0.500,0.958,6062,1504,2584
2584,25.840,0.1102,-0.0894,-1.7782,0.0053,0.0026,-9.7963,0.0001,0.0002,-44.8184,0.500,0.959,0.500,0.958,6064,1504,2585
2585,25.850,0.1104,-0.0892,-1.7783,0.0024,0.0025,-9.7961,0.0001,0.0007,-44.8236,0.500,0.959,0.500,0.958,6066,1505,2586
2586,25.860,0.1106,-0.0890,-1.7784,0.0005,0.0040,-9.8006,-0.0003,0.0009,-44.8295,0.500,0.958,0.500,0.958,6069,1506,2587
2587,25.870,0.1106,-0.0890,-1.7784,-0.0014,-0.0015,-9.7969,0.0002,-0.0011,-44.8340,0.501,0.958,0.500,0.959,6071,1506,2588
2588,25.880,0.1108,-0.0888,-1.7785,-0.0020,0.0016,-9.7979,0.0001,0.0007,-44.8407,0.500,0.959,0.501,0.958,6074,1507,2589
2589,25.890,0.1108,-0.0888,-1.7785,-0.0001,0.0029,-9.7973,0.0011,-0.0014,-44.8449,0.501,0.958,0.500,0.958,6076,1507,2590
2590,25.900,0.1111,-0.0886,-1.7786,-0.0028,-0.0026,-9.7972,-0.0007,0.0026,-44.8504,0.500,0.958,0.502,0.957,6078,1508,2591
2591,25.910,0.1113,-0.0884,-1.7787,-0.0008,-0.0034,-9.8012,0.0003,0.0011,-44.8573,0.501,0.958,0.500,0.958,6081,1509,2592
2592,25.920,0.1113,-0.0884,-1.7787,-0.0031,0.0002,-9.7962,0.0011,-0.0001,-44.8591,0.501,0.958,0.500,0.958,6083,1509,2593
2593,25.930,0.1115,-0.0882,-1.7787,0.0024,0.0002,-9.7964,-0.0004,-0.0010,-44.8681,0.500,0.958,0.500,0.959,6086,1510,2594
2594,25.940,0.1115,-0.0882,-1.7787,0.0007,0.0020,-9.7962,0.0004,-0.0004,-44.8714,0.500,0.959,0.500,0.958,6088,1510,2595
2595,25.950,0.1117,-0.0880,-1.7788,0.0004,0.0018,-9.8030,0.0001,-0.0003,-44.8758,0.500,0.959,0.500,0.959,6090,1511,2596
2596,25.960,0.1119,-0.0877,-1.7789,-0.0024,0.0041,-9.7996,-0.0008,0.0025,-44.8830,0.500,0.958,0.501,0.957,6093,1512,2597
2597,25.970,0.1119,-0.0877,-1.7789,0.0038,0.0029,-9.7951,-0.0012,-0.0011,-44.8857,0.501,0.958,0.500,0.959,6095,1512,2598
2598,25.980,0.1121,-0.0875,-1.7790,0.0016,-0.0008,-9.7981,-0.0007,-0.0015,-44.8910,0.500,0.958,0.500,0.959,6097,1513,2599
2599,25.990,0.1121,-0.0875,-1.7790,0.0018,0.0009,-9.7994,0.0004,-0.0015,-44.8974,0.501,0.959,0.500,0.958,6100,1513,2600
2600,26.000,0.1123,-0.0873,-1.7791,0.0000,0.0014,-9.8011,0.0019,0.0001,-44.9033,0.500,0.959,0.500,0.958,6102,1514,2601
2601,26.010,0.1123,-0.0873,-1.7791,-0.0015,-0.0023,-9.7979,-0.0008,0.0003,-44.9068,0.500,0.958,0.501,0.959,6104,1514,2602
2602,26.020,0.1125,-0.0871,-1.7792,0.0013,0.0002,-9.7985,-0.0002,0.0007,-44.9122,0.500,0.959,0.500,0.958,6107,1515,2603
2603,26.030,0.1127,-0.0869,-1.7793,0.0003,0.0001,-9.8024,-0.0003,-0.0020,-44.9172,0.501,0.958,0.500,0.959,6109,1516,2604
2604,26.040,0.1127,-0.0869,-1.7793,0.0012,-0.0022,-9.8001,-0.0017,-0.0009,-44.9221,0.500,0.958,0.501,0.959,6111,1516,2605
2605,26.050,0.1129,-0.0867,-1.7794,-0.0007,-0.0041,-9.8006,-0.0004,-0.0001,-44.9290,0.500,0.959,0.500,0.958,6114,1517,2606
2606,26.060,0.1129,-0.0867,-1.7794,0.0015,-0.0029,-9.8012,-0.0013,-0.0002,-44.9335,0.500,0.958,0.500,0.959,6116,1517,2607
2607,26.070,0.1131,-0.0865,-1.7795,0.0003,0.0007,-9.7992,-0.0011,0.0004,-44.9392,0.500,0.959,0.500,0.958,6118,1518,2608
2608,26.080,0.1131,-0.0865,-1.7795,-0.0008,-0.0025,-9.8024,0.0001,0.0008,-44.9423,0.500,0.959,0.500,0.959,6120,1518,2609
2609,26.090,0.1134,-0.0862,-1.7796,0.0015,-0.0037,-9.8008,-0.0022,0.0014,-44.9480,0.500,0.958,0.501,0.958,6123,1519,2610
2610,26.100,0.1136,-0.0860,-1.7797,0.0005,0.0014,-9.7985,0.0002,0.0002,-44.9527,0.501,0.958,0.500,0.958,6125,1520,2611
2611,26.110,0.1136,-0.0860,-1.7797,-0.0028,0.0027,-9.8007,0.0005,-0.0002,-44.9597,0.500,0.959,0.500,0.959,6128,1520,2612
2612,26.120,0.1138,-0.0858,-1.7798,-0.0025,0.0007,-9.8028,-0.0011,-0.0000,-44.9630,0.500,0.958,0.501,0.959,6130,1521,2613
2613,26.130,0.1138,-0.0858,-1.7798,-0.0013,0.0036,-9.8009,-0.0001,-0.0004,-44.9672,0.500,0.959,0.500,0.959,6132,1521,2614
2614,26.140,0.1140,-0.0856,-1.7799,-0.0017,-0.0009,-9.8023,-0.0013,-0.0018,-44.9740,0.500,0.958,0.500,0.959,6135,1522,2615
2615,26.150,0.1142,-0.0854,-1.7799,-0.0017,-0.0025,-9.8016,0.0023,-0.0002,-44.9795,0.501,0.959,0.500,0.957,6137,1523,2616
2616,26.160,0.1142,-0.0854,-1.7799,-0.0001,-0.0019,-9.8042,0.0000,0.0002,-44.9824,0.500,0.958,0.501,0.959,6139,1523,2617
2617,26.170,0.1144,-0.0852,-1.7800,-0.0004,-0.0026,-9.8013,-0.0006,0.0005,-44.9868,0.500,0.958,0.500,0.958,6141,1524,2618
2618,26.180,0.1144,-0.0852,-1.7800,0.0026,-0.0008,-9.8017,-0.0008,0.0014,-44.9930,0.500,0.959,0.501,0.958,6143,1524,2619
2619,26.190,0.1146,-0.0849,-1.7801,0.0021,-0.0007,-9.8027,0.0002,0.0007,-44.9950,0.500,0.959,0.500,0.958,6146,1525,2620
2620,26.200,0.1146,-0.0849,-1.7801,0.0003,0.0054,-9.8003,0.0005,-0.0000,-45.0023,0.500,0.959,0.500,0.959,6148,1525,2621
2621,26.210,0.1148,-0.0847,-1.7802,-0.0005,0.0002,-9.8002,0.0016,-0.0002,-45.0070,0.501,0.959,0.500,0.958,6150,1526,2622
2622,26.220,0.1150,-0.0845,-1.7803,-0.0019,0.0034,-9.8012,-0.0000,-0.0019,-45.0148,0.500,0.958,0.500,0.959,6153,1527,2623
2623,26.230,0.1150,-0.0845,-1.7803,-0.0030,0.0002,-9.7996,-0.0013,0.0000,-45.0169,0.500,0.958,0.501,0.958,6155,1527,2624
2624,26.240,0.1152,-0.0843,-1.7804,-0.0018,-0.0000,-9.7994,-0.0001,0.0015,-45.0247,0.500,0.959,0.500,0.958,6158,1528,2625
2625,26.250,0.1152,-0.0843,-1.7804,-0.0002,0.0042,-9.8007,0.0013,-0.0005,-45.0274,0.501,0.958,0.500,0.958,6160,1528,2626
2626,26.260,0.1154,-0.0841,-1.7805,-0.0002,-0.0003,-9.7960,0.0008,0.0004,-45.0351,0.500,0.959,0.500,0.958,6163,1529,2627
2627,26.270,0.1156,-0.0838,-1.7806,-0.0007,0.0033,-9.8007,-0.0001,-0.0000,-45.0384,0.500,0.958,0.500,0.959,6165,1530,2628
2628,26.280,0.1156,-0.0838,-1.7806,0.0001,0.0022,-9.8008,-0.0014,-0.0005,-45.0428,0.500,0.958,0.500,0.959,6167,1530,2629
2629,26.290,0.1158,-0.0836,-1.7807,0.0017,0.0021,-9.7960,-0.0009,0.0005,-45.0467,0.500,0.959,0.500,0.958,6169,1531,2630
2630,26.300,0.1158,-0.0836,-1.7807,-0.0014,0.0024,-9.7975,-0.0007,0.0013,-45.0517,0.500,0.959,0.500,0.958,6171,1531,2631
2631,26.310,0.1160,-0.0834,-1.7808,-0.0016,-0.0009,-9.7964,-0.0003,0.0015,-45.0552,0.500,0.959,0.500,0.958,6173,1532,2632
2632,26.320,0.1160,-0.0834,-1.7808,0.0001,0.0056,-9.7971,-0.0001,-0.0005,-45.0632,0.501,0.958,0.500,0.959,6176,1532,2633
2633,26.330,0.1162,-0.0832,-1.7809,0.0034,0.0021,-9.7985,-0.0009,-0.0005,-45.0663,0.500,0.958,0.500,0.959,6178,1533,2634
2634,26.340,0.1164,-0.0829,-1.7810,-0.0008,0.0053,-9.7984,0.0012,-0.0013,-45.0723,0.501,0.958,0.500,0.958,6181,1534,2635
2635,26.350,0.1164,-0.0829,-1.7810,0.0023,0.0028,-9.7955,-0.0007,-0.0008,-45.0759,0.500,0.958,0.501,0.959,6183,1534,2636
2636,26.360,0.1166,-0.0827,-1.7811,-0.0054,0.0011,-9.7981,0.0002,-0.0003,-45.0820,0.500,0.959,0.500,0.958,6186,1535,2637
2637,26.370,0.1166,-0.0827,-1.7811,-0.0015,-0.0029,-9.7954,0.0013,0.0009,-45.0875,0.500,0.959,0.500,0.958,6188,1535,2638
2638,26.380,0.1168,-0.0825,-1.7811,0.0035,-0.0018,-9.8002,0.0026,-0.0016,-45.0935,0.502,0.958,0.500,0.958,6191,1536,2639
2639,26.390,0.1169,-0.0823,-1.7812,0.0007,-0.0068,-9.7968,0.0002,-0.0019,-45.0971,0.500,0.958,0.500,0.959,6193,1537,2640
2640,26.400,0.1169,-0.0823,-1.7812,0.0034,-0.0031,-9.7974,-0.0020,0.0014,-45.1021,0.500,0.958,0.502,0.958,6195,1537,2641
2641,26.410,0.1171,-0.0820,-1.7813,0.0015,-0.0003,-9.7984,-0.0011,0.0009,-45.1059,0.500,0.959,0.500,0.958,6197,1538,2642
2642,26.420,0.1171,-0.0820,-1.7813,0.0024,-0.0018,-9.8008,0.0001,-0.0009,-45.1104,0.501,0.958,0.500,0.958,6199,1538,2643
2643,26.430,0.1173,-0.0818,-1.7814,-0.0022,0.0007,-9.7992,-0.0011,0.0011,-45.1169,0.500,0.958,0.501,0.958,6202,1539,2644
2644,26.440,0.1173,-0.0818,-1.7814,-0.0006,0.0014,-9.7972,-0.0001,0.0006,-45.1217,0.500,0.959,0.500,0.959,6204,1539,2645
2645,26.450,0.1175,-0.0816,-1.7815,-0.0009,0.0008,-9.8020,0.0007,0.0014,-45.1241,0.500,0.959,0.500,0.958,6206,1540,2646
2646,26.460,0.1175,-0.0816,-1.7815,0.0012,0.0019,-9.7994,0.0001,-0.0016,-45.1295,0.501,0.958,0.500,0.959,6208,1540,2647
2647,26.470,0.1177,-0.0813,-1.7816,0.0016,-0.0005,-9.8010,0.0009,-0.0001,-45.1346,0.500,0.959,0.500,0.958,6210,1541,2648
2648,26.480,0.1177,-0.0813,-1.7816,0.0002,0.0004,-9.8009,-0.0016,-0.0012,-45.1384,0.500,0.958,0.500,0.959,6212,1541,2649
2649,26.490,0.1179,-0.0811,-1.7817,0.0008,-0.0005,-9.8044,-0.0026,-0.0003,-45.1434,0.500,0.958,0.501,0.958,6215,1542,2650
2650,26.500,0.1181,-0.0809,-1.7818,-0.0015,0.0021,-9.8014,0.0004,0.0022,-45.1483,0.500,0.959,0.500,0.958,6217,1543,2651
2651,26.510,0.1181,-0.0809,-1.7818,-0.0008,0.0007,-9.8053,0.0011,-0.0000,-45.1560,0.501,0.958,0.500,0.958,6220,1543,2652
2652,26.520,0.1183,-0.0807,-1.7819,0.0016,-0.0019,-9.7985,0.0008,-0.0017,-45.1574,0.501,0.958,0.500,0.959,6222,1544,2653
2653,26.530,0.1183,-0.0807,-1.7819,0.0010,-0.0015,-9.7979,0.0003,0.0002,-45.1634,0.500,0.959,0.501,0.958,6224,1544,2654
2654,26.540,0.1185,-0.0804,-1.7820,0.0012,0.0013,-9.7953,0.0001,-0.0004,-45.1689,0.500,0.958,0.500,0.959,6227,1545,2655
2655,26.550,0.1187,-0.0802,-1.7821,0.0005,0.0003,-9.7972,0.0001,-0.0013,-45.1743,0.500,0.958,0.500,0.959,6230,1546,2656
2656,26.560,0.1187,-0.0802,-1.7821,-0.0013,-0.0014,-9.7972,0.0012,0.0020,-45.1812,0.500,0.959,0.501,0.957,6232,1546,2657
2657,26.570,0.1188,-0.0800,-1.7821,0.0020,0.0033,-9.7956,-0.0005,0.0020,-45.1836,0.500,0.958,0.501,0.958,6234,1547,2658
2658,26.580,0.1190,-0.0797,-1.7822,0.0009,0.0017,-9.8004,0.0001,0.0002,-45.1887,0.501,0.958,0.500,0.958,6237,1548,2659
2659,26.590,0.1190,-0.0797,-1.7822,-0.0038,0.0010,-9.7937,-0.0009,0.0003,-45.1944,0.500,0.958,0.500,0.959,6239,1548,2660
2660,26.600,0.1192,-0.0795,-1.7823,0.0002,-0.0031,-9.7937,0.0000,0.0002,-45.1966,0.500,0.958,0.500,0.958,6241,1549,2661
2661,26.610,0.1192,-0.0795,-1.7823,-0.0000,0.0020,-9.7996,-0.0000,0.0001,-45.2009,0.500,0.959,0.500,0.959,6243,1549,2662
2662,26.620,0.1194,-0.0792,-1.7824,-0.0016,-0.0015,-9.7982,0.0010,-0.0006,-45.2072,0.501,0.958,0.500,0.958,6245,1550,2663
2663,26.630,0.1194,-0.0792,-1.7824,-0.0018,0.0017,-9.7954,0.0003,0.0007,-45.2122,0.500,0.959,0.501,0.958,6248,1550,2664
2664,26.640,0.1196,-0.0790,-1.7825,0.0024,-0.0022,-9.7999,-0.0006,0.0017,-45.2166,0.500,0.958,0.501,0.958,6250,1551,2665
2665,26.650,0.1196,-0.0790,-1.7825,0.0012,-0.0020,-9.7974,-0.0006,0.0011,-45.2203,0.500,0.959,0.500,0.959,6252,1551,2666
2666,26.660,0.1198,-0.0788,-1.7826,0.0010,0.0002,-9.7974,0.0004,0.0026,-45.2239,0.500,0.959,0.500,0.958,6254,1552,2667
2667,26.670,0.1199,-0.0785,-1.7827,0.0019,0.0017,-9.7977,-0.0004,0.0021,-45.2293,0.500,0.958,0.500,0.958,6257,1553,2668
2668,26.680,0.1199,-0.0785,-1.7827,0.0022,0.0002,-9.7966,0.0001,0.0003,-45.2343,0.501,0.958,0.500,0.958,6259,1553,2669
2669,26.690,0.1201,-0.0783,-1.7828,0.0007,0.0063,-9.7965,-0.0009,-0.0008,-45.2416,0.500,0.958,0.500,0.959,6262,1554,2670
2670,26.700,0.1201,-0.0783,-1.7828,-0.0014,0.0077,-9.8018,-0.0026,0.0002,-45.2447,0.500,0.958,0.501,0.958,6264,1554,2671
2671,26.710,0.1203,-0.0781,-1.7828,-0.0011,0.0014,-9.7990,0.0000,0.0001,-45.2501,0.501,0.959,0.500,0.958,6267,1555,2672
2672,26.720,0.1205,-0.0778,-1.7829,-0.0032,0.0017,-9.8017,0.0013,0.0000,-45.2577,0.501,0.958,0.500,0.958,6269,1556,2673
2673,26.730,0.1205,-0.0778,-1.7829,-0.0008,-0.0014,-9.7963,-0.0005,-0.0004,-45.2617,0.500,0.958,0.500,0.959,6272,1556,2674
2674,26.740,0.1207,-0.0776,-1.7830,-0.0016,0.0011,-9.7976,-0.0005,0.0014,-45.2656,0.500,0.958,0.501,0.958,6274,1557,2675
2675,26.750,0.1208,-0.0773,-1.7831,-0.0029,-0.0033,-9.7997,0.0006,-0.0008,-45.2724,0.501,0.958,0.500,0.958,6277,1558,2676
2676,26.760,0.1208,-0.0773,-1.7831,0.0030,-0.0036,-9.7977,-0.0005,-0.0012,-45.2762,0.500,0.958,0.500,0.959,6279,1558,2677
2677,26.770,0.1210,-0.0771,-1.7832,-0.0008,-0.0084,-9.7962,0.0012,-0.0002,-45.2806,0.500,0.959,0.500,0.958,6281,1559,2678
2678,26.780,0.1210,-0.0771,-1.7832,0.0018,0.0002,-9.7997,-0.0016,-0.0000,-45.2864,0.500,0.958,0.501,0.959,6284,1559,2679
2679,26.790,0.1212,-0.0769,-1.7833,0.0026,0.0013,-9.7976,0.0009,-0.0013,-45.2889,0.501,0.958,0.500,0.958,6286,1560,2680
2680,26.800,0.1214,-0.0766,-1.7833,0.0010,0.0023,-9.7977,0.0006,-0.0017,-45.2966,0.500,0.958,0.500,0.958,6289,1561,2681
2681,26.810,0.1214,-0.0766,-1.7833,0.0039,0.0031,-9.7961,0.0013,-0.0000,-45.3006,0.500,0.959,0.500,0.958,6291,1561,2682
2682,26.820,0.1215,-0.0764,-1.7834,0.0000,0.0016,-9.7980,0.0024,-0.0012,-45.3060,0.501,0.958,0.500,0.958,6294,1562,2683
2683,26.830,0.1215,-0.0764,-1.7834,-0.0015,0.0008,-9.7975,-0.0016,0.0016,-45.3093,0.500,0.957,0.502,0.958,6296,1562,2684
2684,26.840,0.1217,-0.0761,-1.7835,0.0010,-0.0053,-9.7967,-0.0017,-0.0006,-45.3166,0.500,0.958,0.500,0.959,6299,1563,2685
2685,26.850,0.1219,-0.0759,-1.7836,-0.0001,-0.0002,-9.7958,-0.0021,-0.0004,-45.3197,0.500,0.958,0.500,0.958,6301,1564,2686
2686,26.860,0.1219,-0.0759,-1.7836,-0.0020,-0.0009,-9.7993,0.0001,0.0013,-45.3232,0.500,0.959,0.500,0.958,6303,1564,2687
2687,26.870,0.1221,-0.0756,-1.7837,0.0010,-0.0001,-9.7988,0.0027,-0.0011,-45.3303,0.502,0.958,0.500,0.957,6306,1565,2688
2688,26.880,0.1221,-0.0756,-1.7837,-0.0007,0.0001,-9.7986,-0.0018,-0.0012,-45.3326,0.500,0.957,0.501,0.959,6308,1565,2689
2689,26.890,0.1222,-0.0754,-1.7837,0.0021,0.0028,-9.7979,-0.0000,-0.0001,-45.3387,0.500,0.959,0.500,0.958,6311,1566,2690
2690,26.900,0.1224,-0.0751,-1.7838,0.0006,-0.0036,-9.7992,-0.0004,0.0005,-45.3422,0.500,0.958,0.500,0.958,6313,1567,2691
2691,26.910,0.1224,-0.0751,-1.7838,0.0025,0.0012,-9.8011,0.0020,0.0013,-45.3464,0.501,0.959,0.500,0.958,6315,1567,2692
2692,26.920,0.1226,-0.0749,-1.7839,0.0011,-0.0008,-9.8013,-0.0004,-0.0009,-45.3503,0.500,0.958,0.500,0.959,6317,1568,2693
2693,26.930,0.1226,-0.0749,-1.7839,-0.0029,0.0014,-9.7991,-0.0021,-0.0003,-45.3541,0.500,0.958,0.501,0.959,6319,1568,2694
2694,26.940,0.1227,-0.0746,-1.7840,-0.0019,0.0054,-9.8020,0.0010,0.0008,-45.3617,0.501,0.959,0.500,0.958,6322,1569,2695
2695,26.950,0.1227,-0.0746,-1.7840,-0.0007,-0.0012,-9.8015,0.0016,0.0008,-45.3651,0.500,0.959,0.500,0.958,6324,1569,2696
2696,26.960,0.1229,-0.0744,-1.7840,0.0017,0.0029,-9.8015,0.0000,0.0009,-45.3694,0.500,0.958,0.501,0.959,6326,1570,2697
2697,26.970,0.1231,-0.0741,-1.7841,-0.0025,-0.0044,-9.8021,-0.0013,-0.0026,-45.3753,0.501,0.957,0.500,0.959,6329,1571,2698
2698,26.980,0.1231,-0.0741,-1.7841,-0.0014,-0.0030,-9.8034,-0.0009,0.0010,-45.3789,0.500,0.959,0.501,0.958,6331,1571,2699
2699,26.990,0.1232,-0.0739,-1.7842,-0.0003,-0.0017,-9.8033,0.0007,-0.0002,-45.3834,0.501,0.958,0.500,0.958,6333,1572,2700
2700,27.000,0.1232,-0.0739,-1.7842,0.0028,-0.0028,-9.8029,0.0008,0.0019,-45.3865,0.500,0.959,0.501,0.958,6335,1572,2701
2701,27.010,0.1234,-0.0736,-1.7843,-0.0009,0.0001,-9.8018,0.0003,-0.0004,-45.3919,0.501,0.958,0.500,0.959,6338,1573,2702
2702,27.020,0.1234,-0.0736,-1.7843,0.0000,-0.0006,-9.8035,-0.0024,-0.0012,-45.3978,0.500,0.958,0.501,0.959,6340,1573,2703
2703,27.030,0.1236,-0.0734,-1.7844,0.0031,-0.0007,-9.8012,0.0001,0.0006,-45.3993,0.500,0.959,0.500,0.958,6342,1574,2704
2704,27.040,0.1236,-0.0734,-1.7844,0.0007,0.0054,-9.8018,-0.0005,0.0005,-45.4033,0.500,0.959,0.500,0.959,6344,1574,2705
2705,27.050,0.1237,-0.0731,-1.7844,-0.0041,0.0003,-9.8031,-0.0006,0.0019,-45.4110,0.500,0.959,0.501,0.958,6347,1575,2706
2706,27.060,0.1239,-0.0729,-1.7845,-0.0020,0.0010,-9.8022,-0.0006,0.0005,-45.4148,0.500,0.958,0.500,0.959,6349,1576,2707
2707,27.070,0.1239,-0.0729,-1.7845,0.0016,0.0031,-9.8058,0.0003,-0.0018,-45.4198,0.501,0.958,0.500,0.959,6352,1576,2708
2708,27.080,0.1241,-0.0726,-1.7846,-0.0034,0.0012,-9.8013,-0.0008,0.0006,-45.4234,0.500,0.958,0.501,0.958,6354,1577,2709
2709,27.090,0.1242,-0.0724,-1.7847,-0.0023,0.0001,-9.8009,0.0000,0.0006,-45.4301,0.500,0.959,0.500,0.958,6357,1578,2710
2710,27.100,0.1242,-0.0724,-1.7847,-0.0001,-0.0023,-9.8039,0.0002,-0.0002,-45.4331,0.500,0.959,0.500,0.959,6359,1578,2711
2711,27.110,0.1244,-0.0721,-1.7848,0.0032,-0.0022,-9.7989,-0.0003,0.0001,-45.4397,0.500,0.958,0.500,0.959,6362,1579,2712
2712,27.120,0.1244,-0.0721,-1.7848,0.0003,-0.0009,-9.7969,-0.0001,-0.0006,-45.4431,0.500,0.959,0.500,0.959,6364,1579,2713
2713,27.130,0.1245,-0.0719,-1.7848,0.0041,-0.0010,-9.7986,-0.0005,0.0007,-45.4475,0.500,0.959,0.501,0.958,6366,1580,2714
2714,27.140,0.1247,-0.0716,-1.7849,0.0032,-0.0014,-9.8000,0.0000,-0.0007,-45.4531,0.501,0.958,0.500,0.958,6369,1581,2715
2715,27.150,0.1247,-0.0716,-1.7849,0.0024,0.0023,-9.7977,-0.0003,-0.0000,-45.4566,0.500,0.959,0.500,0.959,6371,1581,2716
2716,27.160,0.1249,-0.0713,-1.7850,0.0011,-0.0008,-9.7998,-0.0018,-0.0025,-45.4612,0.500,0.958,0.500,0.959,6373,1582,2717
2717,27.170,0.1249,-0.0713,-1.7850,-0.0005,0.0043,-9.7989,0.0028,0.0001,-45.4671,0.501,0.959,0.500,0.957,6376,1582,2718
2718,27.180,0.1250,-0.0711,-1.7851,-0.0037,0.0003,-9.8007,0.0014,0.0002,-45.4716,0.500,0.958,0.500,0.959,6378,1583,2719
2719,27.190,0.1250,-0.0711,-1.7851,-0.0003,-0.0005,-9.8008,0.0011,-0.0000,-45.4750,0.500,0.959,0.500,0.959,6380,1583,2720
2720,27.200,0.1252,-0.0708,-1.7852,0.0012,-0.0020,-9.7975,-0.0004,-0.0010,-45.4779,0.500,0.958,0.500,0.959,6382,1584,2721
2721,27.210,0.1253,-0.0706,-1.7852,-0.0010,-0.0028,-9.8025,-0.0006,-0.0006,-45.4835,0.500,0.958,0.500,0.959,6385,1585,2722
2722,27.220,0.1253,-0.0706,-1.7852,0.0029,-0.0029,-9.7990,-0.0005,0.0016,-45.4877,0.500,0.959,0.501,0.958,6387,1585,2723
2723,27.230,0.1255,-0.0703,-1.7853,0.0017,-0.0050,-9.7976,0.0003,-0.0001,-45.4917,0.501,0.958,0.500,0.958,6389,1586,2724
2724,27.240,0.1255,-0.0703,-1.7853,0.0005,-0.0012,-9.8007,0.0010,-0.0008,-45.4963,0.501,0.958,0.500,0.958,6391,1586,2725
2725,27.250,0.1256,-0.0700,-1.7854,0.0037,-0.0018,-9.8015,-0.0007,0.0005,-45.5026,0.500,0.958,0.501,0.958,6394,1587,2726
2726,27.260,0.1256,-0.0700,-1.7854,0.0005,-0.0025,-9.7985,-0.0012,0.0002,-45.5047,0.500,0.958,0.500,0.959,6396,1587,2727
2727,27.270,0.1258,-0.0698,-1.7855,0.0045,-0.0015,-9.8021,0.0010,-0.0002,-45.5105,0.501,0.959,0.500,0.958,6399,1588,2728
2728,27.280,0.1259,-0.0695,-1.7856,-0.0019,0.0019,-9.7996,-0.0005,-0.0003,-45.5151,0.500,0.958,0.500,0.959,6401,1589,2729
2729,27.290,0.1259,-0.0695,-1.7856,-0.0022,0.0018,-9.7979,0.0009,-0.0011,-45.5203,0.501,0.958,0.500,0.958,6403,1589,2730
2730,27.300,0.1261,-0.0693,-1.7856,-0.0008,0.0003,-9.7998,-0.0006,-0.0003,-45.5235,0.500,0.958,0.501,0.958,6406,1590,2731
2731,27.310,0.1261,-0.0693,-1.7856,0.0006,0.0015,-9.7936,0.0005,-0.0004,-45.5276,0.500,0.959,0.500,0.958,6408,1590,2732
2732,27.320,0.1263,-0.0690,-1.7857,-0.0012,-0.0009,-9.7956,0.0009,0.0003,-45.5330,0.500,0.959,0.500,0.958,6410,1591,2733
2733,27.330,0.1263,-0.0690,-1.7857,-0.0030,0.0001,-9.8002,0.0003,-0.0008,-45.5364,0.500,0.958,0.500,0.959,6412,1591,2734
2734,27.340,0.1264,-0.0687,-1.7858,0.0017,0.0020,-9.8000,0.0004,-0.0006,-45.5397,0.500,0.959,0.500,0.959,6414,1592,2735
2735,27.350,0.1264,-0.0687,-1.7858,-0.0009,-0.0033,-9.7991,-0.0006,-0.0005,-45.5422,0.500,0.958,0.500,0.959,6416,1592,2736
2736,27.360,0.1266,-0.0685,-1.7859,0.0030,0.0025,-9.8044,-0.0002,0.0011,-45.5485,0.500,0.959,0.500,0.958,6419,1593,2737
2737,27.370,0.1267,-0.0682,-1.7859,0.0084,0.0006,-9.7992,0.0000,0.0011,-45.5546,0.500,0.959,0.500,0.958,6421,1594,2738
2738,27.380,0.1267,-0.0682,-1.7859,0.0024,0.0032,-9.8014,0.0007,-0.0006,-45.5600,0.501,0.958,0.500,0.958,6424,1594,2739
2739,27.390,0.1268,-0.0679,-1.7860,0.0024,-0.0020,-9.7976,-0.0013,-0.0003,-45.5633,0.500,0.958,0.501,0.959,6426,1595,2740
2740,27.400,0.1268,-0.0679,-1.7860,0.0003,0.0002,-9.7984,-0.0001,-0.0010,-45.5661,0.501,0.958,0.500,0.958,6428,1595,2741
2741,27.410,0.1270,-0.0677,-1.7861,-0.0009,-0.0014,-9.7976,-0.0001,-0.0000,-45.5740,0.500,0.959,0.500,0.958,6431,1596,2742
2742,27.420,0.1271,-0.0674,-1.7862,-0.0009,0.0009,-9.8015,-0.0001,0.0003,-45.5755,0.500,0.959,0.500,0.958,6433,1597,2743
2743,27.430,0.1271,-0.0674,-1.7862,-0.0037,0.0003,-9.7996,-0.0001,-0.0016,-45.5812,0.501,0.958,0.500,0.959,6435,1597,2744
2744,27.440,0.1273,-0.0671,-1.7863,-0.0049,-0.0017,-9.8002,0.0018,0.0003,-45.5838,0.500,0.959,0.500,0.958,6437,1598,2745
2745,27.450,0.1273,-0.0671,-1.7863,-0.0008,-0.0025,-9.7984,-0.0012,0.0007,-45.5899,0.500,0.958,0.501,0.958,6440,1598,2746
2746,27.460,0.1274,-0.0669,-1.7863,0.0001,0.0018,-9.7984,-0.0006,0.0009,-45.5933,0.500,0.959,0.500,0.958,6442,1599,2747
2747,27.470,0.1276,-0.0666,-1.7864,-0.0001,0.0019,-9.8004,0.0009,0.0016,-45.5989,0.500,0.959,0.500,0.958,6445,1600,2748
2748,27.480,0.1276,-0.0666,-1.7864,0.0004,-0.0009,-9.7968,-0.0011,-0.0002,-45.6018,0.500,0.958,0.500,0.959,6447,1600,2749
2749,27.490,0.1277,-0.0663,-1.7865,0.0046,0.0006,-9.8047,-0.0002,-0.0012,-45.6080,0.501,0.958,0.500,0.958,6450,1601,2750
2750,27.500,0.1277,-0.0663,-1.7865,0.0033,-0.0010,-9.7978,-0.0005,0.0015,-45.6093,0.500,0.959,0.501,0.958,6452,1601,2751
2751,27.510,0.1279,-0.0661,-1.7866,-0.0013,0.0018,-9.7982,-0.0001,-0.0016,-45.6146,0.501,0.958,0.500,0.958,6454,1602,2752
2752,27.520,0.1280,-0.0658,-1.7866,0.0029,0.0020,-9.7986,-0.0006,-0.0011,-45.6207,0.500,0.958,0.500,0.959,6457,1603,2753
2753,27.530,0.1280,-0.0658,-1.7866,0.0020,0.0018,-9.7930,0.0009,0.0001,-45.6257,0.500,0.959,0.500,0.958,6459,1603,2754
2754,27.540,0.1281,-0.0655,-1.7867,-0.0053,-0.0009,-9.7976,0.0004,0.0011,-45.6286,0.500,0.958,0.501,0.958,6461,1604,2755
2755,27.550,0.1281,-0.0655,-1.7867,-0.0037,0.0004,-9.8011,0.0018,0.0008,-45.6348,0.501,0.959,0.500,0.958,6464,1604,2756
2756,27.560,0.1283,-0.0653,-1.7868,-0.0027,0.0014,-9.7998,-0.0002,0.0008,-45.6387,0.500,0.958,0.501,0.958,6466,1605,2757
2757,27.570,0.1283,-0.0653,-1.7868,0.0005,-0.0048,-9.7977,0.0005,-0.0017,-45.6423,0.501,0.958,0.500,0.958,6468,1605,2758
2758,27.580,0.1284,-0.0650,-1.7869,-0.0019,-0.0010,-9.7957,-0.0001,0.0003,-45.6450,0.500,0.958,0.501,0.958,6470,1606,2759
2759,27.590,0.1285,-0.0647,-1.7869,0.0046,0.0028,-9.7986,-0.0001,0.0017,-45.6486,0.500,0.959,0.501,0.958,6473,1607,2760
2760,27.600,0.1285,-0.0647,-1.7869,0.0001,-0.0010,-9.7997,-0.0020,0.0008,-45.6541,0.500,0.958,0.501,0.959,6475,1607,2761
2761,27.610,0.1287,-0.0644,-1.7870,-0.0009,-0.0008,-9.7977,-0.0010,0.0017,-45.6574,0.500,0.959,0.500,0.958,6477,1608,2762
2762,27.620,0.1287,-0.0644,-1.7870,-0.0013,-0.0025,-9.7982,-0.0009,0.0004,-45.6635,0.500,0.958,0.500,0.959,6480,1608,2763
2763,27.630,0.1288,-0.0642,-1.7871,-0.0015,0.0052,-9.7977,0.0000,-0.0005,-45.6675,0.501,0.958,0.500,0.958,6482,1609,2764
2764,27.640,0.1288,-0.0642,-1.7871,0.0019,0.0006,-9.7971,0.0002,0.0007,-45.6713,0.500,0.959,0.500,0.958,6484,1609,2765
2765,27.650,0.1289,-0.0639,-1.7871,-0.0012,0.0055,-9.8010,0.0009,0.0003,-45.6755,0.500,0.959,0.500,0.958,6486,1610,2766
2766,27.660,0.1291,-0.0636,-1.7872,0.0003,-0.0007,-9.7987,-0.0007,-0.0005,-45.6785,0.500,0.958,0.500,0.959,6489,1611,2767
2767,27.670,0.1291,-0.0636,-1.7872,0.0016,0.0011,-9.7990,-0.0004,-0.0002,-45.6829,0.500,0.959,0.500,0.959,6491,1611,2768
2768,27.680,0.1292,-0.0633,-1.7873,-0.0015,-0.0026,-9.7968,-0.0000,-0.0005,-45.6877,0.500,0.958,0.500,0.959,6493,1612,2769
2769,27.690,0.1292,-0.0633,-1.7873,-0.0021,-0.0039,-9.8003,0.0010,0.0023,-45.6918,0.500,0.959,0.501,0.958,6496,1612,2770
2770,27.700,0.1293,-0.0631,-1.7874,0.0011,-0.0046,-9.8033,-0.0004,-0.0004,-45.6956,0.500,0.958,0.500,0.959,6498,1613,2771
2771,27.710,0.1293,-0.0631,-1.7874,-0.0012,-0.0042,-9.8001,0.0002,-0.0004,-45.7009,0.500,0.959,0.500,0.959,6500,1613,2772
2772,27.720,0.1295,-0.0628,-1.7874,0.0034,0.0002,-9.8016,-0.0003,-0.0005,-45.7039,0.500,0.959,0.500,0.959,6503,1614,2773
2773,27.730,0.1296,-0.0625,-1.7875,0.0021,0.0032,-9.8017,-0.0004,-0.0006,-45.7115,0.500,0.958,0.500,0.959,6505,1615,2774
2774,27.740,0.1296,-0.0625,-1.7875,-0.0001,0.0062,-9.8026,0.0006,0.0011,-45.7153,0.500,0.959,0.500,0.958,6508,1615,2775
2775,27.750,0.1297,-0.0622,-1.7876,-0.0003,0.0049,-9.8003,0.0001,0.0007,-45.7187,0.500,0.959,0.500,0.959,6510,1616,2776
2776,27.760,0.1297,-0.0622,-1.7876,0.0000,0.0016,-9.8077,-0.0000,0.0019,-45.7227,0.500,0.959,0.501,0.958,6512,1616,2777
2777,27.770,0.1298,-0.0620,-1.7876,-0.0014,0.0005,-9.7990,0.0009,0.0008,-45.7265,0.501,0.959,0.500,0.958,6515,1617,2778
2778,27.780,0.1300,-0.0617,-1.7877,-0.0024,-0.0011,-9.8003,0.0003,0.0005,-45.7318,0.500,0.958,0.500,0.959,6517,1618,2779
2779,27.790,0.1300,-0.0617,-1.7877,-0.0023,-0.0006,-9.7964,-0.0004,-0.0016,-45.7349,0.501,0.958,0.500,0.959,6519,1618,2780
2780,27.800,0.1301,-0.0614,-1.7878,-0.0016,-0.0015,-9.7995,-0.0022,-0.0006,-45.7412,0.500,0.958,0.501,0.958,6522,1619,2781
2781,27.810,0.1301,-0.0614,-1.7878,-0.0020,-0.0027,-9.7974,0.0012,0.0002,-45.7438,0.501,0.959,0.500,0.958,6524,1619,2782
2782,27.820,0.1302,-0.0611,-1.7879,-0.0038,-0.0012,-9.7998,0.0003,-0.0011,-45.7505,0.500,0.958,0.500,0.959,6527,1620,2783
2783,27.830,0.1303,-0.0609,-1.7879,0.0044,-0.0017,-9.8044,-0.0001,0.0011,-45.7528,0.500,0.958,0.501,0.958,6529,1621,2784
2784,27.840,0.1303,-0.0609,-1.7879,-0.0013,-0.0023,-9.8009,-0.0007,-0.0009,-45.7576,0.500,0.958,0.500,0.959,6531,1621,2785
2785,27.850,0.1304,-0.0606,-1.7880,-0.0030,-0.0003,-9.7977,0.0011,0.0001,-45.7590,0.500,0.959,0.500,0.958,6533,1622,2786
2786,27.860,0.1304,-0.0606,-1.7880,-0.0007,0.0020,-9.8005,-0.0000,-0.0010,-45.7667,0.500,0.958,0.500,0.959,6536,1622,2787
2787,27.870,0.1306,-0.0603,-1.7881,0.0016,0.0032,-9.7973,0.0018,-0.0003,-45.7698,0.501,0.959,0.500,0.958,6538,1623,2788
2788,27.880,0.1306,-0.0603,-1.7881,0.0018,0.0028,-9.7978,0.0008,0.0007,-45.7730,0.500,0.959,0.501,0.958,6540,1623,2789
2789,27.890,0.1307,-0.0600,-1.7881,-0.0038,-0.0000,-9.7966,-0.0016,0.0009,-45.7774,0.500,0.958,0.501,0.958,6542,1624,2790
2790,27.900,0.1307,-0.0600,-1.7881,-0.0005,0.0001,-9.7983,0.0004,-0.0003,-45.7805,0.501,0.958,0.500,0.958,6544,1624,2791
2791,27.910,0.1308,-0.0597,-1.7882,-0.0004,-0.0010,-9.7992,0.0002,0.0006,-45.7852,0.500,0.959,0.500,0.958,6547,1625,2792
2792,27.920,0.1309,-0.0595,-1.7883,-0.0023,-0.0020,-9.8004,-0.0002,0.0003,-45.7889,0.500,0.958,0.500,0.959,6549,1626,2793
2793,27.930,0.1309,-0.0595,-1.7883,0.0003,0.0018,-9.7987,-0.0010,-0.0011,-45.7933,0.500,0.958,0.500,0.959,6551,1626,2794
2794,27.940,0.1310,-0.0592,-1.7884,0.0001,-0.0058,-9.7993,-0.0010,0.0018,-45.7983,0.500,0.958,0.501,0.958,6554,1627,2795
2795,27.950,0.1310,-0.0592,-1.7884,-0.0003,-0.0034,-9.8010,-0.0003,0.0017,-45.8020,0.500,0.959,0.500,0.959,6556,1627,2796
2796,27.960,0.1311,-0.0589,-1.7884,0.0034,0.0001,-9.7991,-0.0011,0.0003,-45.8059,0.500,0.958,0.500,0.959,6558,1628,2797
2797,27.970,0.1313,-0.0586,-1.7885,0.0040,0.0007,-9.8007,0.0012,-0.0016,-45.8107,0.502,0.958,0.500,0.958,6561,1629,2798
2798,27.980,0.1313,-0.0586,-1.7885,-0.0004,0.0008,-9.7992,-0.0018,0.0001,-45.8146,0.500,0.958,0.502,0.958,6563,1629,2799
2799,27.990,0.1314,-0.0583,-1.7886,-0.0012,0.0033,-9.7980,0.0014,0.0003,-45.8193,0.501,0.959,0.500,0.958,6566,1630,2800
2800,28.000,0.1314,-0.0583,-1.7886,-0.0016,0.0022,-9.7982,-0.0002,0.0000,-45.8237,0.500,0.958,0.500,0.959,6568,1630,2801
2801,28.010,0.1315,-0.0580,-1.7886,-0.0051,-0.0012,-9.7982,-0.0002,-0.0007,-45.8272,0.500,0.958,0.500,0.959,6570,1631,2802
2802,28.020,0.1316,-0.0578,-1.7887,0.0007,0.0006,-9.8002,0.0011,-0.0007,-45.8327,0.501,0.958,0.500,0.958,6573,1632,2803
2803,28.030,0.1316,-0.0578,-1.7887,-0.0010,0.0009,-9.7978,-0.0009,0.0001,-45.8357,0.500,0.958,0.501,0.958,6575,1632,2804
2804,28.040,0.1317,-0.0575,-1.7888,-0.0016,-0.0006,-9.7984,-0.0016,0.0009,-45.8382,0.500,0.958,0.501,0.958,6577,1633,2805
2805,28.050,0.1317,-0.0575,-1.7888,-0.0002,-0.0004,-9.7944,0.0006,0.0019,-45.8441,0.500,0.959,0.500,0.958,6580,1633,2806
2806,28.060,0.1318,-0.0572,-1.7888,0.0003,-0.0055,-9.7979,-0.0003,0.0004,-45.8470,0.500,0.958,0.500,0.959,6582,1634,2807
2807,28.070,0.1318,-0.0572,-1.7888,-0.0007,-0.0031,-9.8033,-0.0005,-0.0002,-45.8505,0.500,0.959,0.500,0.959,6584,1634,2808
2808,28.080,0.1319,-0.0569,-1.7889,-0.0003,-0.0008,-9.7996,-0.0003,-0.0006,-45.8568,0.500,0.958,0.500,0.959,6587,1635,2809
2809,28.090,0.1320,-0.0566,-1.7890,-0.0016,0.0042,-9.7997,-0.0001,0.0010,-45.8612,0.500,0.959,0.501,0.958,6589,1636,2810
2810,28.100,0.1320,-0.0566,-1.7890,-0.0001,0.0043,-9.7976,-0.0026,-0.0002,-45.8648,0.500,0.958,0.501,0.959,6592,1636,2811
2811,28.110,0.1321,-0.0563,-1.7890,0.0011,0.0004,-9.7997,0.0004,0.0002,-45.8714,0.501,0.959,0.500,0.958,6594,1637,2812
2812,28.120,0.1321,-0.0563,-1.7890,-0.0006,0.0004,-9.8000,0.0003,-0.0008,-45.8733,0.500,0.958,0.500,0.959,6596,1637,2813
2813,28.130,0.1322,-0.0561,-1.7891,0.0001,0.0020,-9.8007,0.0004,0.0005,-45.8760,0.500,0.959,0.500,0.958,6598,1638,2814
2814,28.140,0.1323,-0.0558,-1.7892,-0.0015,0.0004,-9.7982,0.0008,0.0001,-45.8814,0.500,0.958,0.500,0.958,6601,1639,2815
2815,28.150,0.1323,-0.0558,-1.7892,-0.0027,-0.0007,-9.7987,-0.0003,-0.0007,-45.8851,0.500,0.958,0.500,0.959,6603,1639,2816
2816,28.160,0.1324,-0.0555,-1.7892,-0.0018,-0.0050,-9.8008,0.0001,-0.0014,-45.8885,0.500,0.958,0.500,0.958,6605,1640,2817
2817,28.170,0.1324,-0.0555,-1.7892,0.0017,-0.0002,-9.7989,-0.0005,0.0006,-45.8911,0.500,0.958,0.501,0.958,6607,1640,2818
2818,28.180,0.1325,-0.0552,-1.7893,0.0014,-0.0023,-9.7950,0.0016,-0.0003,-45.8976,0.501,0.958,0.500,0.958,6610,1641,2819
2819,28.190,0.1325,-0.0552,-1.7893,0.0002,-0.0000,-9.7976,-0.0007,-0.0022,-45.8994,0.500,0.958,0.500,0.959,6612,1641,2820
2820,28.200,0.1326,-0.0549,-1.7894,-0.0037,-0.0013,-9.8011,-0.0006,-0.0008,-45.9045,0.500,0.959,0.500,0.958,6614,1642,2821
2821,28.210,0.1327,-0.0546,-1.7894,0.0020,0.0025,-9.8023,0.0008,-0.0004,-45.9075,0.500,0.959,0.500,0.958,6617,1643,2822
2822,28.220,0.1327,-0.0546,-1.7894,0.0013,0.0042,-9.8003,0.0025,-0.0002,-45.9135,0.501,0.959,0.500,0.958,6619,1643,2823
2823,28.230,0.1328,-0.0543,-1.7895,-0.0014,0.0027,-9.7975,0.0013,-0.0002,-45.9182,0.500,0.958,0.500,0.959,6622,1644,2824
2824,28.240,0.1328,-0.0543,-1.7895,-0.0033,0.0040,-9.7994,-0.0006,-0.0005,-45.9213,0.500,0.958,0.500,0.959,6624,1644,2825
2825,28.250,0.1329,-0.0540,-1.7896,-0.0041,-0.0005,-9.7956,-0.0002,0.0014,-45.9255,0.500,0.959,0.501,0.958,6626,1645,2826
2826,28.260,0.1329,-0.0540,-1.7896,-0.0009,0.0008,-9.7988,-0.0005,-0.0008,-45.9294,0.501,0.958,0.500,0.959,6628,1645,2827
2827,28.270,0.1330,-0.0538,-1.7896,0.0004,-0.0039,-9.7982,0.0004,-0.0005,-45.9318,0.500,0.959,0.500,0.958,6630,1646,2828
2828,28.280,0.1331,-0.0535,-1.7897,-0.0006,-0.0007,-9.7983,0.0005,0.0000,-45.9373,0.500,0.959,0.500,0.958,6633,1647,2829
2829,28.290,0.1331,-0.0535,-1.7897,-0.0000,-0.0016,-9.7994,-0.0011,-0.0007,-45.9399,0.500,0.958,0.500,0.959,6635,1647,2830
2830,28.300,0.1332,-0.0532,-1.7898,0.0008,-0.0018,-9.8007,0.0001,-0.0000,-45.9452,0.500,0.959,0.500,0.958,6638,1648,2831
2831,28.310,0.1332,-0.0532,-1.7898,0.0036,0.0005,-9.8012,-0.0009,0.0008,-45.9509,0.500,0.958,0.501,0.958,6640,1648,2832
2832,28.320,0.1333,-0.0529,-1.7898,0.0042,-0.0049,-9.8034,-0.0007,0.0007,-45.9529,0.500,0.959,0.500,0.959,6642,1649,2833
2833,28.330,0.1334,-0.0526,-1.7899,0.0022,0.0022,-9.8018,-0.0000,-0.0005,-45.9594,0.501,0.958,0.500,0.958,6645,1650,2834
2834,28.340,0.1334,-0.0526,-1.7899,-0.0006,0.0031,-9.7996,0.0001,-0.0002,-45.9606,0.500,0.959,0.500,0.959,6647,1650,2835
2835,28.350,0.1334,-0.0523,-1.7900,-0.0001,0.0011,-9.7984,-0.0011,-0.0002,-45.9658,0.500,0.958,0.500,0.959,6649,1651,2836
2836,28.360,0.1334,-0.0523,-1.7900,-0.0012,-0.0007,-9.8015,-0.0009,-0.0009,-45.9679,0.500,0.958,0.500,0.959,6651,1651,2837
2837,28.370,0.1335,-0.0520,-1.7900,-0.0012,-0.0012,-9.7999,-0.0024,0.0010,-45.9704,0.500,0.958,0.501,0.958,6653,1652,2838
2838,28.380,0.1335,-0.0520,-1.7900,-0.0013,0.0003,-9.8006,0.0010,0.0003,-45.9750,0.501,0.959,0.500,0.958,6655,1652,2839
2839,28.390,0.1336,-0.0517,-1.7901,0.0006,-0.0008,-9.8010,0.0003,0.0006,-45.9800,0.500,0.959,0.500,0.958,6658,1653,2840
2840,28.400,0.1336,-0.0517,-1.7901,-0.0018,-0.0034,-9.7996,-0.0016,-0.0018,-45.9837,0.500,0.958,0.500,0.960,6660,1653,2841
2841,28.410,0.1337,-0.0514,-1.7902,0.0027,-0.0030,-9.7985,0.0002,-0.0003,-45.9868,0.500,0.959,0.500,0.958,6662,1654,2842
2842,28.420,0.1338,-0.0511,-1.7902,0.0006,-0.0031,-9.8009,-0.0002,-0.0010,-45.9909,0.500,0.958,0.500,0.959,6665,1655,2843
2843,28.430,0.1338,-0.0511,-1.7902,0.0015,0.0018,-9.8038,0.0008,0.0007,-45.9954,0.500,0.959,0.500,0.958,6667,1655,2844
2844,28.440,0.1339,-0.0509,-1.7903,0.0013,0.0029,-9.8049,-0.0003,0.0008,-45.9987,0.500,0.958,0.501,0.958,6669,1656,2845
2845,28.450,0.1339,-0.0509,-1.7903,-0.0013,-0.0008,-9.8007,0.0007,0.0008,-46.0023,0.500,0.959,0.500,0.958,6671,1656,2846
2846,28.460,0.1340,-0.0506,-1.7904,-0.0027,0.0025,-9.8036,0.0009,-0.0010,-46.0083,0.501,0.958,0.500,0.958,6674,1657,2847
2847,28.470,0.1340,-0.0506,-1.7904,-0.0039,0.0041,-9.7966,0.0018,-0.0006,-46.0120,0.500,0.959,0.500,0.958,6676,1657,2848
2848,28.480,0.1340,-0.0503,-1.7904,-0.0009,0.0035,-9.8015,-0.0008,-0.0001,-46.0138,0.500,0.958,0.501,0.959,6678,1658,2849
2849,28.490,0.1340,-0.0503,-1.7904,-0.0011,0.0026,-9.8002,-0.0000,-0.0020,-46.0186,0.501,0.958,0.500,0.959,6680,1658,2850
2850,28.500,0.1341,-0.0500,-1.7905,-0.0034,0.0004,-9.8011,-0.0016,0.0016,-46.0237,0.500,0.958,0.502,0.957,6683,1659,2851
2851,28.510,0.1342,-0.0497,-1.7906,-0.0021,-0.0002,-9.7935,-0.0024,0.0006,-46.0254,0.500,0.958,0.500,0.959,6685,1660,2852
2852,28.520,0.1342,-0.0497,-1.7906,-0.0008,-0.0004,-9.8000,-0.0003,-0.0003,-46.0284,0.501,0.958,0.500,0.958,6687,1660,2853
2853,28.530,0.1343,-0.0494,-1.7906,0.0018,-0.0048,-9.7952,0.0014,0.0010,-46.0326,0.500,0.959,0.500,0.958,6689,1661,2854
2854,28.540,0.1343,-0.0494,-1.7906,0.0019,-0.0015,-9.8002,0.0006,-0.0014,-46.0361,0.501,0.958,0.500,0.959,6692,1661,2855
2855,28.550,0.1343,-0.0491,-1.7907,0.0008,-0.0037,-9.8024,0.0011,-0.0013,-46.0415,0.500,0.959,0.500,0.958,6694,1662,2856
2856,28.560,0.1344,-0.0488,-1.7908,-0.0004,0.0023,-9.8003,0.0006,0.0022,-46.0468,0.500,0.959,0.501,0.957,6697,1663,2857
2857,28.570,0.1344,-0.0488,-1.7908,-0.0047,0.0049,-9.7977,-0.0000,-0.0007,-46.0475,0.501,0.958,0.500,0.959,6699,1663,2858
2858,28.580,0.1345,-0.0485,-1.7908,0.0014,0.0057,-9.7991,-0.0011,-0.0004,-46.0516,0.500,0.958,0.500,0.959,6701,1664,2859
2859,28.590,0.1345,-0.0485,-1.7908,0.0026,0.0034,-9.7977,0.0005,-0.0003,-46.0557,0.501,0.959,0.500,0.958,6703,1664,2860
2860,28.600,0.1346,-0.0482,-1.7909,-0.0037,0.0023,-9.7997,0.0006,0.0002,-46.0608,0.500,0.959,0.500,0.958,6706,1665,2861
2861,28.610,0.1346,-0.0482,-1.7909,0.0004,0.0005,-9.7982,0.0005,-0.0004,-46.0639,0.500,0.959,0.500,0.959,6708,1665,2862
2862,28.620,0.1346,-0.0479,-1.7910,-0.0017,-0.0006,-9.8013,-0.0025,0.0000,-46.0678,0.500,0.957,0.501,0.958,6710,1666,2863
2863,28.630,0.1347,-0.0476,-1.7910,0.0017,-0.0028,-9.7969,0.0002,0.0016,-46.0725,0.500,0.959,0.500,0.958,6713,1667,2864
2864,28.640,0.1347,-0.0476,-1.7910,-0.0005,-0.0005,-9.7989,0.0006,0.0020,-46.0749,0.500,0.959,0.500,0.958,6715,1667,2865
2865,28.650,0.1348,-0.0473,-1.7911,-0.0011,-0.0031,-9.8001,0.0007,-0.0015,-46.0785,0.501,0.957,0.500,0.958,6717,1668,2866
2866,28.660,0.1348,-0.0473,-1.7911,0.0046,-0.0020,-9.8002,-0.0011,0.0000,-46.0847,0.500,0.958,0.501,0.958,6720,1668,2867
2867,28.670,0.1349,-0.0470,-1.7911,0.0052,0.0005,-9.7973,0.0005,0.0000,-46.0876,0.500,0.959,0.500,0.958,6722,1669,2868
2868,28.680,0.1349,-0.0470,-1.7911,0.0022,0.0009,-9.7981,0.0004,-0.0008,-46.0917,0.500,0.958,0.500,0.959,6724,1669,2869
2869,28.690,0.1349,-0.0467,-1.7912,0.0011,0.0024,-9.8002,0.0019,-0.0006,-46.0970,0.501,0.959,0.500,0.958,6727,1670,2870
2870,28.700,0.1350,-0.0464,-1.7913,-0.0044,0.0029,-9.8004,-0.0005,-0.0002,-46.0983,0.500,0.958,0.501,0.958,6729,1671,2871
2871,28.710,0.1350,-0.0464,-1.7913,-0.0039,0.0040,-9.7953,0.0002,0.0021,-46.1027,0.500,0.959,0.501,0.958,6731,1671,2872
2872,28.720,0.1351,-0.0461,-1.7913,-0.0035,-0.0011,-9.7991,0.0021,-0.0010,-46.1084,0.502,0.958,0.500,0.958,6734,1672,2873
2873,28.730,0.1351,-0.0461,-1.7913,-0.0007,-0.0016,-9.7986,0.0006,0.0014,-46.1120,0.500,0.958,0.501,0.958,6736,1672,2874
2874,28.740,0.1351,-0.0458,-1.7914,0.0021,-0.0041,-9.7982,-0.0001,-0.0003,-46.1126,0.500,0.958,0.500,0.959,6738,1673,2875
2875,28.750,0.1351,-0.0458,-1.7914,-0.0041,-0.0034,-9.8000,-0.0005,-0.0005,-46.1165,0.500,0.959,0.500,0.959,6740,1673,2876
2876,28.760,0.1352,-0.0455,-1.7915,-0.0045,-0.0031,-9.8009,-0.0008,-0.0016,-46.1200,0.500,0.958,0.500,0.959,6742,1674,2877
2877,28.770,0.1352,-0.0452,-1.7915,0.0019,-0.0022,-9.8009,0.0011,0.0008,-46.1265,0.500,0.959,0.500,0.958,6745,1675,2878
2878,28.780,0.1352,-0.0452,-1.7915,0.0030,0.0027,-9.8049,0.0020,0.0005,-46.1289,0.501,0.959,0.500,0.958,6747,1675,2879
2879,28.790,0.1353,-0.0449,-1.7916,0.0028,0.0015,-9.8025,0.0010,0.0002,-46.1318,0.500,0.958,0.500,0.959,6749,1676,2880
2880,28.800,0.1353,-0.0449,-1.7916,-0.0009,0.0010,-9.7973,-0.0011,-0.0025,-46.1360,0.500,0.958,0.500,0.959,6752,1676,2881
2881,28.810,0.1354,-0.0446,-1.7916,0.0009,0.0021,-9.8022,0.0002,0.0011,-46.1395,0.500,0.959,0.501,0.957,6754,1677,2882
2882,28.820,0.1354,-0.0443,-1.7917,0.0003,-0.0000,-9.8042,-0.0005,-0.0004,-46.1450,0.500,0.958,0.500,0.959,6757,1678,2883
2883,28.830,0.1354,-0.0443,-1.7917,-0.0009,-0.0001,-9.8034,-0.0001,-0.0002,-46.1483,0.500,0.959,0.500,0.959,6759,1678,2884
2884,28.840,0.1355,-0.0440,-1.7918,-0.0033,0.0043,-9.8003,-0.0003,0.0004,-46.1541,0.500,0.958,0.500,0.958,6762,1679,2885
2885,28.850,0.1355,-0.0440,-1.7918,-0.0032,0.0007,-9.7946,-0.0007,0.0010,-46.1574,0.500,0.958,0.501,0.958,6764,1679,2886
2886,28.860,0.1355,-0.0437,-1.7918,-0.0005,-0.0037,-9.7964,0.0007,-0.0003,-46.1596,0.501,0.958,0.500,0.958,6766,1680,2887
2887,28.870,0.1356,-0.0434,-1.7919,-0.0017,-0.0045,-9.7991,-0.0015,0.0001,-46.1654,0.500,0.958,0.501,0.958,6769,1681,2888
2888,28.880,0.1356,-0.0434,-1.7919,0.0067,-0.0022,-9.7996,0.0003,0.0003,-46.1679,0.500,0.959,0.500,0.958,6771,1681,2889
2889,28.890,0.1357,-0.0431,-1.7919,0.0034,0.0006,-9.7952,-0.0006,-0.0015,-46.1738,0.500,0.958,0.500,0.959,6774,1682,2890
2890,28.900,0.1357,-0.0431,-1.7919,0.0026,-0.0001,-9.7974,-0.0010,0.0003,-46.1761,0.500,0.958,0.501,0.958,6776,1682,2891
2891,28.910,0.1357,-0.0428,-1.7920,0.0033,-0.0018,-9.7965,-0.0015,0.0003,-46.1774,0.500,0.958,0.500,0.959,6778,1683,2892
2892,28.920,0.1358,-0.0425,-1.7921,0.0013,0.0016,-9.7970,0.0013,-0.0006,-46.1830,0.501,0.958,0.500,0.958,6781,1684,2893
2893,28.930,0.1358,-0.0425,-1.7921,0.0018,0.0028,-9.7961,-0.0013,-0.0003,-46.1878,0.500,0.958,0.501,0.959,6783,1684,2894
2894,28.940,0.1358,-0.0422,-1.7921,0.0007,0.0073,-9.7969,0.0021,-0.0017,-46.1906,0.502,0.958,0.500,0.957,6785,1685,2895
2895,28.950,0.1358,-0.0422,-1.7921,-0.0057,0.0023,-9.7973,0.0007,0.0009,-46.1951,0.500,0.958,0.501,0.958,6788,1685,2896
2896,28.960,0.1359,-0.0419,-1.7922,-0.0034,0.0019,-9.8003,0.0015,-0.0002,-46.1970,0.501,0.958,0.500,0.958,6790,1686,2897
2897,28.970,0.1359,-0.0419,-1.7922,-0.0023,-0.0035,-9.8002,0.0004,-0.0010,-46.2012,0.500,0.958,0.500,0.959,6792,1686,2898
2898,28.980,0.1359,-0.0416,-1.7922,-0.0003,-0.0026,-9.7975,0.0003,0.0004,-46.2061,0.500,0.959,0.500,0.958,6795,1687,2899
2899,28.990,0.1360,-0.0413,-1.7923,0.0006,-0.0004,-9.7975,0.0004,0.0002,-46.2094,0.500,0.959,0.500,0.958,6797,1688,2900
2900,29.000,0.1360,-0.0413,-1.7923,-0.0011,-0.0003,-9.7965,0.0013,0.0005,-46.2117,0.500,0.959,0.500,0.958,6799,1688,2901
2901,29.010,0.1360,-0.0410,-1.7924,0.0005,0.0001,-9.7989,0.0002,0.0017,-46.2167,0.500,0.958,0.501,0.958,6801,1689,2902
2902,29.020,0.1360,-0.0410,-1.7924,-0.0001,0.0002,-9.8005,0.0007,-0.0008,-46.2196,0.501,0.958,0.500,0.958,6803,1689,2903
2903,29.030,0.1361,-0.0407,-1.7924,-0.0002,-0.0000,-9.7963,0.0012,-0.0000,-46.2230,0.500,0.959,0.500,0.958,6806,1690,2904
2904,29.040,0.1361,-0.0407,-1.7924,0.0009,0.0051,-9.7999,0.0002,0.0005,-46.2256,0.500,0.958,0.500,0.959,6808,1690,2905
2905,29.050,0.1361,-0.0404,-1.7925,-0.0031,-0.0002,-9.8012,-0.0012,0.0018,-46.2303,0.500,0.958,0.501,0.958,6810,1691,2906
2906,29.060,0.1361,-0.0401,-1.7925,0.0006,0.0019,-9.7978,0.0001,-0.0003,-46.2348,0.501,0.958,0.500,0.958,6813,1692,2907
2907,29.070,0.1361,-0.0401,-1.7925,-0.0016,-0.0007,-9.7996,-0.0013,0.0018,-46.2372,0.500,0.958,0.501,0.958,6815,1692,2908
2908,29.080,0.1362,-0.0398,-1.7926,-0.0052,0.0004,-9.8011,-0.0006,0.0009,-46.2429,0.500,0.959,0.500,0.959,6818,1693,2909
2909,29.090,0.1362,-0.0398,-1.7926,-0.0006,-0.0022,-9.8035,0.0004,0.0017,-46.2448,0.500,0.959,0.500,0.958,6820,1693,2910
2910,29.100,0.1362,-0.0395,-1.7926,0.0033,-0.0024,-9.8032,0.0009,-0.0009,-46.2503,0.501,0.958,0.500,0.958,6823,1694,2911
2911,29.110,0.1363,-0.0392,-1.7927,-0.0017,-0.0004,-9.7994,-0.0021,0.0008,-46.2522,0.500,0.958,0.502,0.958,6825,1695,2912
2912,29.120,0.1363,-0.0392,-1.7927,0.0020,-0.0043,-9.7964,-0.0000,0.0001,-46.2591,0.501,0.959,0.500,0.958,6828,1695,2913
2913,29.130,0.1363,-0.0389,-1.7927,-0.0019,-0.0010,-9.8000,-0.0001,0.0001,-46.2598,0.500,0.959,0.500,0.959,6830,1696,2914
2914,29.140,0.1363,-0.0389,-1.7927,0.0019,0.0005,-9.8010,-0.0005,-0.0001,-46.2657,0.500,0.959,0.500,0.959,6832,1696,2915
2915,29.150,0.1363,-0.0386,-1.7928,0.0033,0.0049,-9.8015,-0.0016,0.0001,-46.2708,0.500,0.958,0.501,0.959,6835,1697,2916
2916,29.160,0.1364,-0.0383,-1.7928,-0.0033,-0.0016,-9.7984,0.0018,-0.0016,-46.2730,0.502,0.958,0.500,0.957,6837,1698,2917
2917,29.170,0.1364,-0.0383,-1.7928,0.0004,0.0022,-9.8053,0.0000,-0.0004,-46.2755,0.500,0.958,0.501,0.958,6839,1698,2918
2918,29.180,0.1364,-0.0380,-1.7929,-0.0009,0.0001,-9.8001,0.0003,0.0012,-46.2796,0.500,0.959,0.501,0.958,6842,1699,2919
2919,29.190,0.1364,-0.0380,-1.7929,-0.0002,0.0024,-9.8011,0.0008,0.0006,-46.2836,0.500,0.959,0.500,0.959,6844,1699,2920
2920,29.200,0.1365,-0.0377,-1.7929,-0.0005,-0.0023,-9.7965,0.0002,0.0017,-46.2855,0.500,0.959,0.501,0.958,6846,1700,2921
2921,29.210,0.1365,-0.0374,-1.7930,0.0022,0.0024,-9.8035,0.0006,0.0011,-46.2918,0.500,0.959,0.500,0.958,6849,1701,2922
2922,29.220,0.1365,-0.0374,-1.7930,0.0036,-0.0046,-9.7966,0.0003,0.0002,-46.2937,0.500,0.959,0.500,0.959,6851,1701,2923
2923,29.230,0.1365,-0.0371,-1.7931,-0.0027,-0.0018,-9.8016,0.0004,0.0000,-46.3006,0.500,0.959,0.500,0.959,6854,1702,2924
2924,29.240,0.1365,-0.0371,-1.7931,0.0027,-0.0006,-9.7970,-0.0003,-0.0019,-46.3019,0.501,0.958,0.500,0.959,6856,1702,2925
2925,29.250,0.1366,-0.0368,-1.7931,0.0008,0.0008,-9.7999,0.0009,0.0008,-46.3068,0.500,0.959,0.500,0.958,6858,1703,2926
2926,29.260,0.1366,-0.0368,-1.7931,0.0051,0.0024,-9.7992,-0.0006,0.0006,-46.3080,0.500,0.958,0.501,0.959,6860,1703,2927
2927,29.270,0.1366,-0.0365,-1.7932,-0.0014,-0.0060,-9.8005,0.0016,-0.0001,-46.3132,0.501,0.959,0.500,0.958,6863,1704,2928
2928,29.280,0.1366,-0.0361,-1.7932,0.0031,-0.0010,-9.8018,0.0002,0.0007,-46.3165,0.500,0.958,0.501,0.958,6865,1705,2929
2929,29.290,0.1366,-0.0361,-1.7932,-0.0014,0.0008,-9.7994,0.0020,0.0012,-46.3198,0.500,0.959,0.500,0.958,6867,1705,2930
2930,29.300,0.1366,-0.0358,-1.7933,0.0014,0.0017,-9.8008,-0.0007,0.0013,-46.3220,0.500,0.958,0.501,0.958,6869,1706,2931
2931,29.310,0.1366,-0.0358,-1.7933,0.0002,-0.0003,-9.8007,-0.0001,0.0005,-46.3276,0.500,0.959,0.500,0.959,6872,1706,2932
2932,29.320,0.1367,-0.0355,-1.7933,-0.0009,0.0039,-9.8022,-0.0012,-0.0004,-46.3299,0.500,0.958,0.500,0.959,6874,1707,2933
2933,29.330,0.1367,-0.0355,-1.7933,0.0002,-0.0027,-9.7997,-0.0009,0.0011,-46.3339,0.500,0.959,0.501,0.958,6876,1707,2934
2934,29.340,0.1367,-0.0352,-1.7934,-0.0018,-0.0001,-9.8047,-0.0005,0.0002,-46.3381,0.500,0.959,0.500,0.959,6879,1708,2935
2935,29.350,0.1367,-0.0349,-1.7934,0.0003,0.0018,-9.8015,-0.0003,0.0004,-46.3407,0.500,0.959,0.500,0.959,6881,1709,2936
2936,29.360,0.1367,-0.0349,-1.7934,0.0013,0.0009,-9.8000,0.0005,0.0000,-46.3462,0.500,0.959,0.500,0.958,6884,1709,2937
2937,29.370,0.1367,-0.0346,-1.7935,0.0005,-0.0014,-9.8005,-0.0019,-0.0003,-46.3486,0.500,0.958,0.501,0.959,6886,1710,2938
2938,29.380,0.1368,-0.0343,-1.7935,0.0008,-0.0026,-9.8027,0.0003,-0.0002,-46.3534,0.501,0.959,0.500,0.958,6889,1711,2939
2939,29.390,0.1368,-0.0343,-1.7935,0.0017,0.0018,-9.8033,-0.0001,-0.0003,-46.3573,0.500,0.959,0.500,0.959,6891,1711,2940
2940,29.400,0.1368,-0.0340,-1.7936,-0.0011,0.0011,-9.8004,0.0001,-0.0009,-46.3589,0.500,0.958,0.500,0.959,6893,1712,2941
2941,29.410,0.1368,-0.0340,-1.7936,-0.0029,0.0023,-9.8009,-0.0009,-0.0006,-46.3645,0.500,0.958,0.500,0.959,6896,1712,2942
2942,29.420,0.1368,-0.0337,-1.7937,-0.0003,-0.0029,-9.8010,0.0001,0.0005,-46.3684,0.500,0.959,0.500,0.958,6898,1713,2943
2943,29.430,0.1368,-0.0337,-1.7937,0.0022,-0.0022,-9.8018,-0.0007,0.0004,-46.3697,0.500,0.958,0.500,0.959,6900,1713,2944
2944,29.440,0.1368,-0.0334,-1.7937,-0.0025,0.0003,-9.7992,0.0004,0.0008,-46.3743,0.500,0.959,0.500,0.958,6903,1714,2945
2945,29.450,0.1369,-0.0331,-1.7938,0.0016,-0.0069,-9.8049,-0.0010,0.0008,-46.3787,0.500,0.958,0.501,0.958,6905,1715,2946
2946,29.460,0.1369,-0.0331,-1.7938,-0.0021,0.0016,-9.8011,-0.0009,-0.0011,-46.3809,0.501,0.958,0.500,0.959,6907,1715,2947
2947,29.470,0.1369,-0.0328,-1.7938,0.0007,-0.0021,-9.7995,-0.0008,-0.0011,-46.3853,0.500,0.959,0.500,0.959,6910,1716,2948
2948,29.480,0.1369,-0.0328,-1.7938,0.0042,-0.0012,-9.7975,-0.0007,0.0018,-46.3895,0.500,0.959,0.501,0.958,6912,1716,2949
2949,29.490,0.1369,-0.0325,-1.7939,0.0006,0.0004,-9.7998,-0.0003,-0.0002,-46.3919,0.501,0.958,0.500,0.959,6914,1717,2950
2950,29.500,0.1369,-0.0322,-1.7939,0.0020,0.0042,-9.7998,-0.0002,-0.0005,-46.3985,0.500,0.958,0.500,0.959,6917,1718,2951
2951,29.510,0.1369,-0.0322,-1.7939,-0.0021,0.0019,-9.7958,-0.0001,-0.0012,-46.4000,0.500,0.958,0.500,0.959,6919,1718,2952
2952,29.520,0.1369,-0.0318,-1.7940,-0.0022,-0.0030,-9.8005,-0.0006,0.0007,-46.4031,0.500,0.958,0.501,0.958,6921,1719,2953
2953,29.530,0.1369,-0.0318,-1.7940,-0.0037,0.0025,-9.7964,0.0015,-0.0009,-46.4054,0.501,0.958,0.500,0.958,6923,1719,2954
2954,29.540,0.1369,-0.0315,-1.7940,-0.0010,0.0007,-9.7960,-0.0001,-0.0019,-46.4087,0.500,0.958,0.500,0.959,6925,1720,2955
2955,29.550,0.1369,-0.0315,-1.7940,-0.0005,0.0015,-9.7998,0.0001,0.0001,-46.4138,0.500,0.959,0.500,0.958,6928,1720,2956
2956,29.560,0.1369,-0.0312,-1.7941,-0.0016,-0.0028,-9.7993,0.0003,-0.0007,-46.4157,0.500,0.958,0.500,0.959,6930,1721,2957
2957,29.570,0.1369,-0.0312,-1.7941,-0.0002,-0.0036,-9.8008,0.0008,-0.0004,-46.4188,0.500,0.959,0.500,0.959,6932,1721,2958
2958,29.580,0.1370,-0.0309,-1.7942,-0.0037,-0.0009,-9.8003,-0.0013,-0.0015,-46.4234,0.500,0.958,0.500,0.959,6935,1722,2959
2959,29.590,0.1370,-0.0306,-1.7942,0.0006,0.0004,-9.8012,0.0007,0.0009,-46.4272,0.500,0.959,0.500,0.958,6937,1723,2960
2960,29.600,0.1370,-0.0306,-1.7942,0.0028,0.0010,-9.7993,0.0001,0.0006,-46.4302,0.500,0.959,0.500,0.959,6939,1723,2961
2961,29.610,0.1370,-0.0303,-1.7943,-0.0021,-0.0002,-9.8014,0.0010,0.0004,-46.4340,0.500,0.959,0.500,0.958,6941,1724,2962
2962,29.620,0.1370,-0.0303,-1.7943,0.0026,0.0009,-9.8029,-0.0000,0.0007,-46.4359,0.500,0.958,0.501,0.958,6943,1724,2963
2963,29.630,0.1370,-0.0300,-1.7943,-0.0012,0.0014,-9.8007,-0.0014,-0.0010,-46.4392,0.500,0.958,0.500,0.959,6945,1725,2964
2964,29.640,0.1370,-0.0300,-1.7943,-0.0053,0.0022,-9.8015,-0.0013,0.0009,-46.4442,0.500,0.959,0.501,0.958,6948,1725,2965
2965,29.650,0.1370,-0.0297,-1.7944,-0.0014,-0.0019,-9.8049,-0.0005,0.0007,-46.4459,0.500,0.959,0.500,0.959,6950,1726,2966
2966,29.660,0.1370,-0.0297,-1.7944,-0.0009,-0.0010,-9.8000,0.0001,-0.0011,-46.4505,0.501,0.958,0.500,0.959,6952,1726,2967
2967,29.670,0.1370,-0.0294,-1.7944,-0.0034,0.0023,-9.8005,0.0001,0.0025,-46.4526,0.500,0.959,0.501,0.957,6955,1727,2968
2968,29.680,0.1370,-0.0291,-1.7945,0.0012,-0.0022,-9.7989,0.0005,0.0004,-46.4569,0.501,0.958,0.500,0.958,6957,1728,2969
2969,29.690,0.1370,-0.0291,-1.7945,-0.0050,-0.0021,-9.7982,-0.0004,0.0009,-46.4616,0.500,0.958,0.501,0.958,6960,1728,2970
2970,29.700,0.1370,-0.0288,-1.7945,-0.0015,-0.0014,-9.8011,-0.0013,-0.0003,-46.4629,0.500,0.958,0.500,0.959,6962,1729,2971
2971,29.710,0.1370,-0.0288,-1.7945,0.0029,0.0005,-9.7968,-0.0011,-0.0016,-46.4677,0.500,0.958,0.500,0.959,6964,1729,2972
2972,29.720,0.1370,-0.0284,-1.7946,0.0022,0.0029,-9.7937,-0.0014,0.0008,-46.4712,0.500,0.958,0.501,0.958,6966,1730,2973
2973,29.730,0.1370,-0.0281,-1.7946,0.0039,0.0015,-9.7979,0.0007,-0.0006,-46.4745,0.501,0.958,0.500,0.958,6969,1731,2974
2974,29.740,0.1370,-0.0281,-1.7946,-0.0005,-0.0029,-9.7988,-0.0002,0.0004,-46.4776,0.500,0.958,0.501,0.958,6971,1731,2975
2975,29.750,0.1370,-0.0278,-1.7947,0.0007,-0.0007,-9.8014,0.0002,0.0001,-46.4798,0.500,0.959,0.500,0.958,6973,1732,2976
2976,29.760,0.1370,-0.0278,-1.7947,0.0004,0.0009,-9.8003,-0.0009,-0.0008,-46.4820,0.500,0.958,0.500,0.959,6975,1732,2977
2977,29.770,0.1370,-0.0275,-1.7948,0.0020,0.0018,-9.7992,-0.0001,0.0005,-46.4858,0.500,0.959,0.500,0.958,6977,1733,2978
2978,29.780,0.1370,-0.0275,-1.7948,-0.0006,-0.0007,-9.8007,0.0010,-0.0013,-46.4907,0.501,0.958,0.500,0.958,6980,1733,2979
2979,29.790,0.1370,-0.0272,-1.7948,-0.0029,0.0022,-9.8000,0.0008,0.0008,-46.4954,0.500,0.959,0.501,0.958,6982,1734,2980
2980,29.800,0.1370,-0.0269,-1.7949,-0.0019,-0.0027,-9.7982,0.0017,-0.0002,-46.4981,0.501,0.958,0.500,0.958,6985,1735,2981
2981,29.810,0.1370,-0.0269,-1.7949,-0.0027,-0.0052,-9.7977,-0.0014,0.0003,-46.5020,0.500,0.958,0.501,0.958,6987,1735,2982
2982,29.820,0.1370,-0.0266,-1.7949,0.0006,-0.0006,-9.8022,-0.0022,0.0009,-46.5045,0.500,0.958,0.501,0.958,6989,1736,2983
2983,29.830,0.1370,-0.0266,-1.7949,-0.0004,0.0037,-9.7965,0.0003,0.0024,-46.5082,0.500,0.959,0.500,0.958,6991,1736,2984
2984,29.840,0.1370,-0.0263,-1.7950,0.0002,0.0005,-9.7965,-0.0009,0.0018,-46.5121,0.500,0.958,0.501,0.959,6994,1737,2985
2985,29.850,0.1370,-0.0263,-1.7950,0.0021,0.0013,-9.8003,0.0023,-0.0007,-46.5133,0.502,0.958,0.500,0.958,6996,1737,2986
2986,29.860,0.1370,-0.0260,-1.7950,-0.0026,0.0039,-9.8004,-0.0007,-0.0003,-46.5186,0.500,0.958,0.501,0.959,6998,1738,2987
2987,29.870,0.1370,-0.0260,-1.7950,-0.0001,0.0042,-9.8030,-0.0003,-0.0005,-46.5203,0.500,0.959,0.500,0.959,7000,1738,2988
2988,29.880,0.1370,-0.0257,-1.7951,-0.0026,0.0023,-9.7965,-0.0012,0.0006,-46.5237,0.500,0.958,0.501,0.958,7003,1739,2989
2989,29.890,0.1370,-0.0254,-1.7951,0.0008,0.0003,-9.8035,-0.0000,0.0003,-46.5262,0.500,0.959,0.500,0.958,7005,1740,2990
2990,29.900,0.1370,-0.0254,-1.7951,-0.0037,-0.0001,-9.7939,-0.0000,0.0017,-46.5315,0.500,0.959,0.501,0.958,7008,1740,2991
2991,29.910,0.1370,-0.0250,-1.7952,-0.0003,0.0009,-9.7988,0.0004,-0.0002,-46.5332,0.501,0.958,0.500,0.958,7010,1741,2992
2992,29.920,0.1370,-0.0250,-1.7952,-0.0018,-0.0036,-9.7985,0.0009,-0.0003,-46.5383,0.500,0.959,0.500,0.958,7012,1741,2993
2993,29.930,0.1369,-0.0247,-1.7952,-0.0012,0.0035,-9.7983,-0.0006,0.0015,-46.5421,0.500,0.958,0.501,0.958,7015,1742,2994
2994,29.940,0.1369,-0.0244,-1.7953,-0.0009,-0.0011,-9.8011,-0.0006,0.0016,-46.5454,0.500,0.959,0.500,0.958,7017,1743,2995
2995,29.950,0.1369,-0.0244,-1.7953,0.0037,-0.0013,-9.7986,0.0017,-0.0002,-46.5475,0.501,0.958,0.500,0.958,7019,1743,2996
2996,29.960,0.1369,-0.0241,-1.7953,0.0042,0.0006,-9.8005,-0.0024,-0.0012,-46.5513,0.500,0.957,0.501,0.959,7021,1744,2997
2997,29.970,0.1369,-0.0241,-1.7953,0.0002,-0.0010,-9.8009,-0.0011,-0.0018,-46.5558,0.501,0.958,0.500,0.959,7024,1744,2998
2998,29.980,0.1369,-0.0238,-1.7954,0.0002,0.0007,-9.7972,-0.0002,-0.0002,-46.5587,0.500,0.959,0.500,0.958,7026,1745,2999
2999,29.990,0.1369,-0.0235,-1.7954,-0.0004,0.0039,-9.8004,0.0013,0.0003,-46.5620,0.500,0.959,0.500,0.958,7029,1746,3000
