step,t_s,n_m,e_m,d_m,ax_body,ay_body,az_body,gx_body,gy_body,gz_body,m0,m1,m2,m3,imu_recv,navsat_recv,motor_send
0,0.000,0.0000,0.0000,0.0000,0.0009,-0.0001,-9.8028,0.0005,-0.0009,-0.0017,0.820,0.820,0.820,0.820,51,0,1
1,0.010,0.0000,0.0000,-0.0200,0.0005,-0.0001,-9.8005,-0.0004,-0.0007,-0.0009,0.805,0.805,0.805,0.805,53,1,2
2,0.020,0.0000,0.0000,-0.0200,-0.0005,0.0048,-9.8015,0.0001,0.0008,-0.0006,0.806,0.806,0.806,0.806,56,2,3
3,0.030,0.0000,0.0000,-0.0200,-0.0007,-0.0006,-9.8030,0.0008,0.0007,-0.0008,0.807,0.807,0.807,0.807,58,3,4
4,0.040,0.0000,0.0000,-0.0200,-0.0035,-0.0035,-9.7991,0.0005,-0.0001,-0.0007,0.808,0.808,0.808,0.808,61,3,5
5,0.050,0.0000,0.0000,-0.0200,-0.0028,-0.0019,-10.3850,-0.0014,0.0003,-0.0015,0.809,0.809,0.809,0.809,63,4,6
6,0.060,0.0000,0.0000,-0.0202,-0.0014,0.0005,-10.7932,-0.0005,0.0000,0.0010,0.810,0.810,0.810,0.810,66,5,7
7,0.070,0.0000,0.0000,-0.0202,0.0015,-0.0015,-10.9042,-0.0007,0.0006,-0.0004,0.811,0.811,0.811,0.811,68,5,8
8,0.080,0.0000,0.0000,-0.0207,0.0019,-0.0000,-10.9671,-0.0003,-0.0005,-0.0004,0.812,0.812,0.812,0.812,70,6,9
9,0.090,0.0000,0.0000,-0.0207,0.0028,0.0021,-11.0058,-0.0009,-0.0001,0.0003,0.812,0.812,0.812,0.812,72,6,10
10,0.100,0.0000,0.0000,-0.0217,-0.0004,-0.0023,-11.0415,0.0002,0.0007,0.0011,0.813,0.813,0.813,0.813,75,7,11
11,0.110,0.0000,0.0000,-0.0217,0.0018,0.0011,-11.0558,-0.0012,-0.0001,0.0001,0.814,0.814,0.814,0.814,77,7,12
12,0.120,0.0000,0.0000,-0.0232,-0.0003,-0.0037,-11.0794,0.0003,-0.0017,0.0005,0.813,0.813,0.813,0.813,80,8,13
13,0.130,0.0000,0.0000,-0.0252,0.0021,-0.0023,-11.0883,0.0007,0.0011,0.0008,0.813,0.813,0.813,0.813,82,9,14
14,0.140,0.0000,0.0000,-0.0252,0.0015,-0.0020,-11.0779,-0.0003,0.0001,-0.0009,0.814,0.814,0.814,0.814,85,9,15
15,0.150,0.0000,0.0000,-0.0277,-0.0036,-0.0009,-11.0874,0.0013,-0.0003,-0.0017,0.812,0.812,0.812,0.812,87,10,16
16,0.160,0.0000,0.0000,-0.0277,-0.0001,0.0006,-11.0788,-0.0007,-0.0006,-0.0014,0.813,0.813,0.813,0.813,89,10,17
17,0.170,0.0000,0.0000,-0.0308,0.0031,-0.0008,-11.0901,-0.0002,-0.0007,0.0005,0.812,0.812,0.812,0.812,92,11,18
18,0.180,0.0000,0.0000,-0.0343,-0.0016,-0.0013,-11.0814,-0.0003,-0.0012,-0.0015,0.810,0.810,0.810,0.810,94,12,19
19,0.190,0.0000,0.0000,-0.0343,0.0011,-0.0014,-11.0515,-0.0002,-0.0005,-0.0010,0.811,0.811,0.811,0.811,97,12,20
20,0.200,0.0000,0.0000,-0.0384,-0.0015,0.0012,-11.0449,0.0006,0.0009,0.0004,0.809,0.809,0.809,0.809,99,13,21
21,0.210,0.0000,0.0000,-0.0384,0.0010,0.0029,-11.0271,-0.0003,-0.0014,0.0008,0.811,0.811,0.811,0.811,101,13,22
22,0.220,0.0000,0.0000,-0.0429,0.0011,-0.0029,-11.0224,0.0014,0.0013,-0.0002,0.808,0.808,0.808,0.808,103,14,23
23,0.230,0.0000,0.0000,-0.0429,0.0002,-0.0056,-11.0064,-0.0008,0.0011,0.0004,0.809,0.809,0.809,0.809,105,14,24
24,0.240,0.0000,0.0000,-0.0480,-0.0013,0.0004,-10.9941,0.0012,-0.0001,-0.0003,0.807,0.807,0.807,0.807,108,15,25
25,0.250,0.0000,0.0000,-0.0535,0.0001,-0.0021,-10.9697,-0.0001,-0.0004,0.0003,0.804,0.804,0.804,0.804,110,16,26
26,0.260,0.0000,0.0000,-0.0535,-0.0028,0.0019,-10.9316,-0.0016,-0.0014,-0.0007,0.805,0.805,0.805,0.805,112,16,27
27,0.270,0.0000,0.0000,-0.0595,0.0015,-0.0015,-10.9036,0.0002,-0.0002,-0.0007,0.802,0.802,0.802,0.802,114,17,28
28,0.280,0.0000,0.0000,-0.0595,-0.0005,-0.0008,-10.8649,0.0002,0.0022,-0.0003,0.804,0.804,0.804,0.804,117,17,29
29,0.290,0.0000,0.0000,-0.0659,0.0030,0.0006,-10.8472,0.0011,-0.0006,-0.0007,0.800,0.800,0.800,0.800,119,18,30
30,0.300,0.0000,0.0000,-0.0659,0.0018,-0.0002,-10.8240,-0.0011,0.0000,0.0009,0.802,0.802,0.802,0.802,121,18,31
31,0.310,0.0000,0.0000,-0.0728,0.0009,-0.0070,-10.7990,-0.0004,-0.0002,0.0012,0.798,0.798,0.798,0.798,124,19,32
32,0.320,0.0000,0.0000,-0.0801,0.0017,-0.0012,-10.7711,0.0021,-0.0003,-0.0011,0.794,0.794,0.794,0.794,126,20,33
33,0.330,0.0000,0.0000,-0.0801,-0.0018,0.0045,-10.7174,0.0019,-0.0016,0.0022,0.796,0.796,0.796,0.796,128,20,34
34,0.340,0.0000,0.0000,-0.0877,0.0001,0.0016,-10.6730,0.0004,0.0010,-0.0022,0.792,0.792,0.792,0.792,131,21,35
35,0.350,0.0000,0.0000,-0.0877,-0.0008,0.0007,-10.6331,0.0012,-0.0006,0.0013,0.795,0.795,0.795,0.795,133,21,36
36,0.360,0.0000,0.0000,-0.0957,-0.0007,0.0004,-10.6125,-0.0004,-0.0011,0.0003,0.790,0.790,0.790,0.790,135,22,37
37,0.370,0.0000,0.0000,-0.0957,0.0035,0.0022,-10.5753,-0.0003,-0.0002,-0.0009,0.793,0.793,0.793,0.793,137,22,38
38,0.380,0.0000,0.0000,-0.1040,0.0009,-0.0015,-10.5553,0.0022,-0.0011,0.0007,0.788,0.788,0.788,0.788,139,23,39
39,0.390,0.0000,0.0000,-0.1040,0.0040,0.0016,-10.5236,-0.0005,-0.0011,0.0005,0.791,0.791,0.791,0.791,141,23,40
40,0.400,0.0000,0.0000,-0.1126,-0.0019,-0.0014,-10.4972,0.0004,-0.0002,-0.0002,0.786,0.786,0.786,0.786,144,24,41
41,0.410,0.0000,0.0000,-0.1216,-0.0009,-0.0029,-10.4680,-0.0004,0.0022,0.0014,0.782,0.782,0.782,0.782,146,25,42
42,0.420,0.0000,0.0000,-0.1216,-0.0005,0.0020,-10.3778,0.0002,-0.0010,0.0005,0.784,0.784,0.784,0.784,149,25,43
43,0.430,0.0000,0.0000,-0.1307,0.0018,-0.0008,-10.3533,0.0005,-0.0015,-0.0004,0.780,0.780,0.780,0.780,151,26,44
44,0.440,0.0000,0.0000,-0.1307,-0.0012,0.0019,-10.3143,-0.0004,0.0003,-0.0005,0.783,0.783,0.783,0.783,153,26,45
45,0.450,0.0000,0.0000,-0.1401,0.0004,-0.0001,-10.2902,0.0006,-0.0011,-0.0004,0.778,0.778,0.778,0.778,155,27,46
46,0.460,0.0000,0.0000,-0.1401,0.0009,0.0004,-10.2605,-0.0003,0.0006,0.0008,0.781,0.781,0.781,0.781,157,27,47
47,0.470,0.0000,0.0000,-0.1497,-0.0018,0.0016,-10.2426,-0.0010,0.0005,-0.0008,0.776,0.776,0.776,0.776,159,28,48
48,0.480,0.0000,0.0000,-0.1595,0.0022,0.0036,-10.1922,-0.0003,0.0012,-0.0000,0.772,0.772,0.772,0.772,162,29,49
49,0.490,0.0000,0.0000,-0.1595,0.0019,-0.0023,-10.1288,0.0003,0.0008,-0.0017,0.775,0.775,0.775,0.775,164,29,50
50,0.500,0.0000,0.0000,-0.1694,-0.0009,0.0008,-10.0979,-0.0010,0.0001,-0.0021,0.770,0.770,0.770,0.770,166,30,51
51,0.510,0.0000,0.0000,-0.1694,0.0016,-0.0002,-10.0618,-0.0011,-0.0000,0.0002,0.774,0.774,0.774,0.774,168,30,52
52,0.520,0.0000,0.0000,-0.1795,0.0039,-0.0017,-10.0391,-0.0004,0.0000,-0.0012,0.769,0.769,0.769,0.769,170,31,53
53,0.530,0.0000,0.0000,-0.1795,-0.0023,-0.0032,-9.9896,0.0011,0.0013,-0.0005,0.772,0.772,0.772,0.772,173,31,54
54,0.540,0.0000,0.0000,-0.1896,-0.0011,0.0010,-9.9900,-0.0008,-0.0009,0.0003,0.767,0.767,0.767,0.767,175,32,55
55,0.550,0.0000,0.0000,-0.1896,0.0024,0.0017,-9.9680,-0.0011,0.0003,0.0004,0.771,0.771,0.771,0.771,177,32,56
56,0.560,0.0000,0.0000,-0.1999,0.0002,-0.0029,-9.9550,-0.0006,0.0001,-0.0010,0.766,0.766,0.766,0.766,180,33,57
57,0.570,0.0000,0.0000,-0.2101,-0.0007,0.0004,-9.9308,0.0004,0.0004,-0.0012,0.762,0.762,0.762,0.762,182,34,58
58,0.580,0.0000,0.0000,-0.2101,-0.0014,0.0062,-9.8798,0.0007,0.0002,0.0006,0.766,0.766,0.766,0.766,184,34,59
59,0.590,0.0000,0.0000,-0.2205,0.0019,-0.0000,-9.8399,-0.0002,0.0015,0.0008,0.761,0.761,0.761,0.761,187,35,60
60,0.600,0.0000,0.0000,-0.2205,-0.0010,0.0008,-9.8082,0.0001,0.0011,-0.0002,0.765,0.765,0.765,0.765,189,35,61
61,0.610,0.0000,0.0000,-0.2308,-0.0003,0.0016,-9.7979,-0.0020,-0.0000,-0.0018,0.760,0.760,0.760,0.760,191,36,62
62,0.620,0.0000,0.0000,-0.2308,-0.0034,-0.0007,-9.7870,0.0016,-0.0011,0.0002,0.764,0.764,0.764,0.764,193,36,63
63,0.630,0.0000,0.0000,-0.2412,0.0049,0.0008,-9.7803,0.0004,-0.0001,0.0003,0.760,0.760,0.760,0.760,196,37,64
64,0.640,0.0000,0.0000,-0.2515,-0.0023,0.0012,-9.7547,0.0003,-0.0001,-0.0005,0.755,0.755,0.755,0.755,198,38,65
65,0.650,0.0000,0.0000,-0.2515,-0.0014,0.0035,-9.7151,0.0002,-0.0002,-0.0025,0.760,0.760,0.760,0.760,200,38,66
66,0.660,0.0000,0.0000,-0.2619,-0.0022,0.0016,-9.6769,-0.0004,-0.0004,-0.0010,0.755,0.755,0.755,0.755,203,39,67
67,0.670,0.0000,0.0000,-0.2619,0.0007,-0.0010,-9.6507,0.0009,0.0004,-0.0002,0.760,0.760,0.760,0.760,205,39,68
68,0.680,0.0000,0.0000,-0.2721,0.0025,0.0001,-9.6429,0.0003,-0.0006,0.0003,0.755,0.755,0.755,0.755,207,40,69
69,0.690,0.0000,0.0000,-0.2824,-0.0002,-0.0009,-9.6290,-0.0011,-0.0014,-0.0005,0.751,0.751,0.751,0.751,210,41,70
70,0.700,0.0000,0.0000,-0.2824,-0.0008,0.0001,-9.5778,0.0008,0.0003,-0.0008,0.756,0.756,0.756,0.756,212,41,71
71,0.710,0.0000,0.0000,-0.2925,-0.0038,-0.0010,-9.5682,-0.0014,-0.0004,0.0007,0.752,0.752,0.752,0.752,214,42,72
72,0.720,0.0000,0.0000,-0.2925,0.0029,0.0020,-9.5386,0.0002,-0.0012,0.0010,0.756,0.756,0.756,0.756,217,42,73
73,0.730,0.0000,0.0000,-0.3025,-0.0050,0.0002,-9.5539,0.0003,0.0000,-0.0007,0.752,0.752,0.752,0.752,219,43,74
74,0.740,0.0000,0.0000,-0.3025,0.0024,0.0017,-9.5482,0.0007,-0.0021,0.0002,0.757,0.757,0.757,0.757,221,43,75
75,0.750,0.0000,0.0000,-0.3125,-0.0006,-0.0024,-9.5712,-0.0003,-0.0007,-0.0004,0.753,0.753,0.753,0.753,224,44,76
76,0.760,0.0000,0.0000,-0.3224,0.0022,0.0039,-9.5580,-0.0005,-0.0016,0.0012,0.749,0.749,0.749,0.749,226,45,77
77,0.770,0.0000,0.0000,-0.3224,-0.0033,-0.0004,-9.5182,-0.0001,-0.0009,-0.0002,0.754,0.754,0.754,0.754,228,45,78
78,0.780,0.0000,0.0000,-0.3321,-0.0008,0.0037,-9.5105,0.0004,0.0001,0.0003,0.750,0.750,0.750,0.750,230,46,79
79,0.790,0.0000,0.0000,-0.3321,-0.0008,0.0018,-9.4926,0.0005,0.0005,-0.0020,0.755,0.755,0.755,0.755,233,46,80
80,0.800,0.0000,0.0000,-0.3417,0.0015,0.0011,-9.5177,-0.0006,0.0001,-0.0006,0.751,0.751,0.751,0.751,235,47,81
81,0.810,0.0000,0.0000,-0.3417,0.0033,0.0023,-9.5151,-0.0006,0.0013,-0.0001,0.756,0.756,0.756,0.756,237,47,82
82,0.820,0.0000,0.0000,-0.3513,-0.0037,-0.0039,-9.5230,0.0013,0.0013,0.0012,0.752,0.752,0.752,0.752,239,48,83
83,0.830,0.0000,0.0000,-0.3607,-0.0015,0.0056,-9.5265,-0.0026,0.0002,-0.0002,0.749,0.749,0.749,0.749,242,49,84
84,0.840,0.0000,0.0000,-0.3607,0.0047,-0.0022,-9.4927,-0.0005,-0.0007,-0.0010,0.754,0.754,0.754,0.754,244,49,85
85,0.850,0.0000,0.0000,-0.3700,0.0024,-0.0006,-9.5069,-0.0003,-0.0008,0.0005,0.751,0.751,0.751,0.751,247,50,86
86,0.860,0.0000,0.0000,-0.3700,-0.0021,-0.0010,-9.4881,0.0016,-0.0010,-0.0008,0.755,0.755,0.755,0.755,249,50,87
87,0.870,0.0000,0.0000,-0.3791,-0.0033,-0.0008,-9.5183,-0.0011,0.0012,0.0012,0.752,0.752,0.752,0.752,251,51,88
88,0.880,0.0000,0.0000,-0.3791,-0.0025,-0.0028,-9.5230,-0.0004,0.0006,0.0007,0.756,0.756,0.756,0.756,253,51,89
89,0.890,0.0000,0.0000,-0.3882,-0.0020,0.0007,-9.5537,0.0013,0.0011,-0.0006,0.753,0.753,0.753,0.753,256,52,90
90,0.900,0.0000,0.0000,-0.3971,-0.0029,-0.0022,-9.5526,-0.0009,-0.0003,0.0001,0.751,0.751,0.751,0.751,258,53,91
91,0.910,0.0000,0.0000,-0.3971,-0.0000,0.0029,-9.5250,-0.0000,0.0018,0.0003,0.755,0.755,0.755,0.755,260,53,92
92,0.920,0.0000,0.0000,-0.4060,0.0004,-0.0057,-9.5352,0.0008,0.0005,0.0002,0.752,0.752,0.752,0.752,263,54,93
93,0.930,0.0000,0.0000,-0.4060,0.0028,-0.0011,-9.5194,0.0000,-0.0018,0.0011,0.757,0.757,0.757,0.757,265,54,94
94,0.940,0.0000,0.0000,-0.4147,-0.0003,0.0014,-9.5458,0.0005,-0.0003,0.0010,0.754,0.754,0.754,0.754,267,55,95
95,0.950,0.0000,0.0000,-0.4147,0.0007,-0.0005,-9.5527,0.0001,-0.0007,0.0002,0.758,0.758,0.758,0.758,269,55,96
96,0.960,0.0000,0.0000,-0.4234,0.0031,-0.0016,-9.5758,0.0006,-0.0006,-0.0003,0.755,0.755,0.755,0.755,271,56,97
97,0.970,0.0000,0.0000,-0.4319,-0.0033,-0.0006,-9.5892,0.0023,-0.0000,-0.0018,0.753,0.753,0.753,0.753,274,57,98
98,0.980,0.0000,0.0000,-0.4319,0.0011,-0.0015,-9.5647,-0.0001,0.0004,0.0003,0.757,0.757,0.757,0.757,276,57,99
99,0.990,0.0000,0.0000,-0.4404,0.0007,-0.0020,-9.5793,-0.0005,0.0008,-0.0011,0.755,0.755,0.755,0.755,278,58,100
100,1.000,0.0000,0.0000,-0.4404,0.0020,-0.0023,-9.5800,0.0006,-0.0004,-0.0001,0.759,0.759,0.759,0.759,280,58,101
101,1.010,0.0000,0.0000,-0.4487,0.0006,-0.0001,-9.6119,0.0013,0.0000,-0.0002,0.756,0.756,0.756,0.756,283,59,102
102,1.020,0.0000,0.0000,-0.4487,-0.0008,0.0023,-9.6135,-0.0004,0.0002,-0.0009,0.760,0.760,0.760,0.760,285,59,103
103,1.030,0.0000,0.0000,-0.4570,-0.0009,-0.0006,-9.6615,0.0007,-0.0014,-0.0004,0.758,0.758,0.758,0.758,288,60,104
104,1.040,0.0000,0.0000,-0.4652,0.0007,-0.0008,-9.6543,-0.0002,0.0005,-0.0008,0.755,0.755,0.755,0.755,290,61,105
105,1.050,0.0000,0.0000,-0.4652,0.0006,-0.0006,-9.6297,0.0009,0.0018,-0.0001,0.760,0.760,0.760,0.760,292,61,106
106,1.060,0.0000,0.0000,-0.4734,0.0007,0.0013,-9.6488,-0.0004,-0.0016,-0.0006,0.757,0.757,0.757,0.757,295,62,107
107,1.070,0.0000,0.0000,-0.4734,-0.0025,0.0001,-9.6439,-0.0001,0.0017,0.0006,0.761,0.761,0.761,0.761,297,62,108
108,1.080,0.0000,0.0000,-0.4814,-0.0006,-0.0004,-9.6754,0.0002,-0.0015,-0.0003,0.759,0.759,0.759,0.759,299,63,109
109,1.090,0.0000,0.0000,-0.4814,-0.0012,-0.0037,-9.6718,-0.0001,0.0005,0.0006,0.763,0.763,0.763,0.763,301,63,110
110,1.100,0.0000,0.0000,-0.4895,-0.0027,0.0010,-9.7004,0.0000,0.0008,-0.0013,0.761,0.761,0.761,0.761,303,64,111
111,1.110,0.0000,0.0000,-0.4975,-0.0003,0.0005,-9.7120,-0.0010,0.0000,-0.0006,0.758,0.758,0.758,0.758,306,65,112
112,1.120,0.0000,0.0000,-0.4975,-0.0015,-0.0018,-9.6907,-0.0003,-0.0008,-0.0012,0.762,0.762,0.762,0.762,308,65,113
113,1.130,0.0000,0.0000,-0.5054,0.0021,-0.0018,-9.7153,-0.0016,0.0010,0.0001,0.760,0.760,0.760,0.760,310,66,114
114,1.140,0.0000,0.0000,-0.5054,0.0056,0.0013,-9.7081,-0.0000,-0.0005,0.0002,0.764,0.764,0.764,0.764,313,66,115
115,1.150,0.0000,0.0000,-0.5133,-0.0003,0.0029,-9.7450,-0.0000,-0.0005,-0.0007,0.762,0.762,0.762,0.762,315,67,116
116,1.160,0.0000,0.0000,-0.5133,-0.0015,-0.0007,-9.7564,0.0001,0.0005,-0.0007,0.766,0.766,0.766,0.766,317,67,117
117,1.170,0.0000,0.0000,-0.5212,0.0035,0.0017,-9.7849,0.0002,-0.0004,-0.0008,0.763,0.763,0.763,0.763,320,68,118
118,1.180,0.0000,0.0000,-0.5291,0.0006,-0.0051,-9.7909,-0.0004,0.0009,0.0002,0.761,0.761,0.761,0.761,322,69,119
119,1.190,0.0000,0.0000,-0.5291,0.0006,0.0020,-9.7686,0.0003,-0.0001,-0.0006,0.765,0.765,0.765,0.765,324,69,120
120,1.200,0.0000,0.0000,-0.5370,-0.0000,-0.0005,-9.7781,0.0011,0.0001,-0.0001,0.762,0.762,0.762,0.762,327,70,121
121,1.210,0.0000,0.0000,-0.5370,0.0000,0.0011,-9.7762,-0.0003,-0.0009,0.0000,0.766,0.766,0.766,0.766,329,70,122
122,1.220,0.0000,0.0000,-0.5448,-0.0016,-0.0004,-9.7962,0.0001,-0.0002,0.0006,0.764,0.764,0.764,0.764,331,71,123
123,1.230,0.0000,0.0000,-0.5448,0.0009,0.0032,-9.8058,0.0007,-0.0003,-0.0013,0.768,0.768,0.768,0.768,333,71,124
124,1.240,0.0000,0.0000,-0.5527,-0.0025,0.0011,-9.8400,-0.0011,-0.0014,0.0010,0.765,0.765,0.765,0.765,336,72,125
125,1.250,0.0000,0.0000,-0.5605,-0.0001,-0.0004,-9.8395,0.0009,-0.0011,-0.0012,0.763,0.763,0.763,0.763,338,73,126
126,1.260,0.0000,0.0000,-0.5605,0.0036,-0.0002,-9.8148,0.0007,-0.0004,-0.0008,0.767,0.767,0.767,0.767,340,73,127
127,1.270,0.0000,0.0000,-0.5684,0.0001,0.0018,-9.8283,-0.0009,0.0018,0.0002,0.764,0.764,0.764,0.764,343,74,128
128,1.280,0.0000,0.0000,-0.5684,-0.0016,-0.0015,-9.8183,-0.0001,-0.0016,0.0003,0.768,0.768,0.768,0.768,345,74,129
129,1.290,0.0000,0.0000,-0.5763,0.0048,0.0003,-9.8581,-0.0019,0.0008,0.0001,0.765,0.765,0.765,0.765,348,75,130
130,1.300,0.0000,0.0000,-0.5841,-0.0010,-0.0006,-9.8509,-0.0003,-0.0002,-0.0000,0.763,0.763,0.763,0.763,350,76,131
131,1.310,0.0000,0.0000,-0.5841,-0.0008,-0.0014,-9.8258,0.0002,-0.0004,0.0003,0.767,0.767,0.767,0.767,352,76,132
132,1.320,0.0000,0.0000,-0.5920,0.0037,-0.0003,-9.8395,-0.0023,-0.0017,0.0007,0.764,0.764,0.764,0.764,355,77,133
133,1.330,0.0000,0.0000,-0.5920,0.0018,-0.0014,-9.8280,0.0004,-0.0017,-0.0007,0.768,0.768,0.768,0.768,357,77,134
134,1.340,0.0000,0.0000,-0.6000,0.0004,0.0019,-9.8496,-0.0004,0.0002,-0.0018,0.766,0.766,0.766,0.766,359,78,135
135,1.350,0.0000,0.0000,-0.6079,0.0025,-0.0019,-9.8567,-0.0006,-0.0003,-0.0006,0.763,0.763,0.763,0.763,362,79,136
136,1.360,0.0000,0.0000,-0.6079,0.0023,-0.0003,-9.8320,0.0002,0.0000,0.0008,0.767,0.767,0.767,0.767,364,79,137
137,1.370,0.0000,0.0000,-0.6158,0.0004,-0.0008,-9.8294,0.0010,-0.0007,-0.0011,0.764,0.764,0.764,0.764,366,80,138
138,1.380,0.0000,0.0000,-0.6158,-0.0014,-0.0046,-9.8280,-0.0004,-0.0006,-0.0008,0.768,0.768,0.768,0.768,369,80,139
139,1.390,0.0000,0.0000,-0.6238,-0.0019,-0.0036,-9.8591,-0.0005,0.0003,-0.0004,0.766,0.766,0.766,0.766,371,81,140
140,1.400,0.0000,0.0000,-0.6318,0.0014,-0.0010,-9.8513,-0.0000,0.0002,0.0004,0.763,0.763,0.763,0.763,374,82,141
141,1.410,0.0000,0.0000,-0.6318,-0.0016,-0.0011,-9.8216,-0.0005,0.0006,-0.0010,0.767,0.767,0.767,0.767,376,82,142
142,1.420,0.0000,0.0000,-0.6398,-0.0046,0.0019,-9.8421,-0.0019,-0.0007,-0.0012,0.764,0.764,0.764,0.764,378,83,143
143,1.430,0.0000,0.0000,-0.6398,-0.0018,-0.0019,-9.8325,-0.0000,0.0005,0.0001,0.768,0.768,0.768,0.768,380,83,144
144,1.440,0.0000,0.0000,-0.6478,-0.0037,0.0017,-9.8587,0.0011,0.0001,-0.0001,0.766,0.766,0.766,0.766,382,84,145
145,1.450,0.0000,0.0000,-0.6478,-0.0052,0.0016,-9.8593,0.0015,-0.0005,-0.0013,0.769,0.769,0.769,0.769,385,84,146
146,1.460,0.0000,0.0000,-0.6559,0.0025,0.0005,-9.8855,0.0006,-0.0008,0.0001,0.767,0.767,0.767,0.767,387,85,147
147,1.470,0.0000,0.0000,-0.6639,0.0007,-0.0035,-9.8899,0.0008,-0.0012,0.0001,0.764,0.764,0.764,0.764,390,86,148
148,1.480,0.0000,0.0000,-0.6639,-0.0033,0.0031,-9.8579,-0.0001,0.0013,0.0008,0.768,0.768,0.768,0.768,392,86,149
149,1.490,0.0000,0.0000,-0.6720,0.0007,0.0009,-9.8592,0.0006,0.0003,-0.0009,0.765,0.765,0.765,0.765,394,87,150
150,1.500,0.0000,0.0000,-0.6720,-0.0008,-0.0028,-9.8488,0.0001,-0.0004,0.0001,0.769,0.769,0.769,0.769,397,87,151
151,1.510,0.0000,0.0000,-0.6801,0.0003,0.0008,-9.8753,0.0004,0.0027,0.0003,0.766,0.766,0.766,0.766,399,88,152
152,1.520,0.0000,0.0000,-0.6801,0.0027,-0.0032,-9.8785,-0.0002,0.0007,-0.0008,0.770,0.770,0.770,0.770,401,88,153
153,1.530,0.0000,0.0000,-0.6883,0.0006,0.0046,-9.8918,0.0001,0.0007,-0.0007,0.767,0.767,0.767,0.767,403,89,154
154,1.540,0.0000,0.0000,-0.6965,-0.0036,0.0022,-9.8979,0.0003,0.0019,-0.0004,0.764,0.764,0.764,0.764,406,90,155
155,1.550,0.0000,0.0000,-0.6965,0.0003,0.0011,-9.8706,-0.0002,-0.0008,0.0008,0.768,0.768,0.768,0.768,408,90,156
156,1.560,0.0000,0.0000,-0.7047,0.0024,-0.0005,-9.8767,0.0008,0.0007,0.0000,0.765,0.765,0.765,0.765,411,91,157
157,1.570,0.0000,0.0000,-0.7047,-0.0013,-0.0021,-9.8663,-0.0006,0.0016,0.0011,0.769,0.769,0.769,0.769,413,91,158
158,1.580,0.0000,0.0000,-0.7129,0.0025,0.0041,-9.8901,0.0003,0.0004,0.0002,0.766,0.766,0.766,0.766,416,92,159
159,1.590,0.0000,0.0000,-0.7212,0.0001,0.0024,-9.8841,0.0002,-0.0007,-0.0007,0.764,0.764,0.764,0.764,418,93,160
160,1.600,0.0000,0.0000,-0.7212,-0.0031,-0.0018,-9.8627,-0.0015,0.0004,0.0006,0.767,0.767,0.767,0.767,420,93,161
161,1.610,0.0000,0.0000,-0.7295,-0.0019,-0.0026,-9.8543,-0.0005,-0.0003,-0.0011,0.765,0.765,0.765,0.765,423,94,162
162,1.620,0.0000,0.0000,-0.7295,0.0001,0.0021,-9.8431,-0.0011,0.0004,0.0007,0.768,0.768,0.768,0.768,425,94,163
163,1.630,0.0000,0.0000,-0.7379,0.0010,-0.0062,-9.8612,-0.0006,-0.0023,0.0015,0.766,0.766,0.766,0.766,427,95,164
164,1.640,0.0000,0.0000,-0.7379,0.0022,-0.0019,-9.8671,0.0011,0.0009,0.0007,0.769,0.769,0.769,0.769,429,95,165
165,1.650,0.0000,0.0000,-0.7462,0.0010,-0.0032,-9.8927,-0.0006,0.0011,0.0007,0.766,0.766,0.766,0.766,432,96,166
166,1.660,0.0000,0.0000,-0.7546,0.0026,-0.0037,-9.8902,0.0003,0.0009,-0.0002,0.763,0.763,0.763,0.763,434,97,167
167,1.670,0.0000,0.0000,-0.7546,0.0014,0.0008,-9.8460,-0.0012,0.0007,0.0014,0.767,0.767,0.767,0.767,437,97,168
168,1.680,0.0000,0.0000,-0.7630,-0.0028,-0.0013,-9.8590,0.0004,-0.0001,-0.0002,0.764,0.764,0.764,0.764,439,98,169
169,1.690,0.0000,0.0000,-0.7630,0.0021,0.0022,-9.8471,-0.0002,-0.0005,0.0007,0.768,0.768,0.768,0.768,441,98,170
170,1.700,0.0000,0.0000,-0.7714,0.0014,0.0007,-9.8587,0.0004,-0.0003,-0.0007,0.765,0.765,0.765,0.765,443,99,171
171,1.710,0.0000,0.0000,-0.7799,-0.0004,-0.0005,-9.8558,0.0013,0.0011,0.0005,0.762,0.762,0.762,0.762,446,100,172
172,1.720,0.0000,0.0000,-0.7799,-0.0001,-0.0040,-9.8279,0.0005,0.0003,0.0004,0.766,0.766,0.766,0.766,448,100,173
173,1.730,0.0000,0.0000,-0.7884,-0.0031,-0.0002,-9.8249,0.0003,-0.0006,-0.0006,0.763,0.763,0.763,0.763,450,101,174
174,1.740,0.0000,0.0000,-0.7884,0.0008,-0.0002,-9.8140,0.0008,0.0012,-0.0014,0.767,0.767,0.767,0.767,453,101,175
175,1.750,0.0000,0.0000,-0.7969,-0.0024,-0.0023,-9.8412,0.0021,0.0014,0.0002,0.764,0.764,0.764,0.764,455,102,176
176,1.760,0.0000,0.0000,-0.7969,-0.0015,0.0014,-9.8328,0.0014,0.0011,-0.0001,0.768,0.768,0.768,0.768,457,102,177
177,1.770,0.0000,0.0000,-0.8054,0.0004,-0.0024,-9.8443,0.0027,0.0018,0.0001,0.765,0.765,0.765,0.765,459,103,178
178,1.780,0.0000,0.0000,-0.8139,0.0008,0.0031,-9.8507,-0.0006,0.0006,0.0001,0.762,0.762,0.762,0.762,462,104,179
179,1.790,0.0000,0.0000,-0.8139,0.0009,0.0013,-9.8148,-0.0016,-0.0005,0.0006,0.766,0.766,0.766,0.766,464,104,180
180,1.800,0.0000,0.0000,-0.8224,-0.0022,-0.0002,-9.8275,-0.0001,-0.0004,-0.0020,0.763,0.763,0.763,0.763,466,105,181
181,1.810,0.0000,0.0000,-0.8224,-0.0031,0.0038,-9.8181,-0.0001,-0.0004,-0.0021,0.767,0.767,0.767,0.767,468,105,182
182,1.820,0.0000,0.0000,-0.8310,0.0001,0.0016,-9.8359,-0.0004,0.0011,-0.0004,0.764,0.764,0.764,0.764,471,106,183
183,1.830,0.0000,0.0000,-0.8310,0.0028,0.0020,-9.8267,0.0000,-0.0005,0.0017,0.768,0.768,0.768,0.768,473,106,184
184,1.840,0.0000,0.0000,-0.8395,0.0015,0.0019,-9.8421,-0.0011,-0.0011,-0.0003,0.765,0.765,0.765,0.765,475,107,185
185,1.850,0.0000,0.0000,-0.8481,0.0024,0.0011,-9.8403,-0.0019,-0.0009,-0.0000,0.762,0.762,0.762,0.762,478,108,186
186,1.860,0.0000,0.0000,-0.8481,0.0028,-0.0021,-9.8070,0.0004,-0.0010,0.0004,0.766,0.766,0.766,0.766,480,108,187
187,1.870,0.0000,0.0000,-0.8566,-0.0009,-0.0010,-9.8078,0.0001,-0.0007,-0.0004,0.763,0.763,0.763,0.763,482,109,188
188,1.880,0.0000,0.0000,-0.8566,0.0008,-0.0015,-9.8005,0.0003,0.0002,0.0012,0.767,0.767,0.767,0.767,484,109,189
189,1.890,0.0000,0.0000,-0.8652,0.0011,0.0027,-9.8139,0.0005,0.0006,0.0001,0.764,0.764,0.764,0.764,486,110,190
190,1.900,0.0000,0.0000,-0.8652,-0.0035,0.0015,-9.8114,-0.0003,-0.0005,0.0020,0.768,0.768,0.768,0.768,489,110,191
191,1.910,0.0000,0.0000,-0.8738,-0.0003,-0.0034,-9.8401,-0.0012,-0.0001,0.0012,0.764,0.764,0.764,0.764,491,111,192
192,1.920,0.0000,0.0000,-0.8824,0.0014,-0.0041,-9.8349,-0.0004,0.0001,-0.0004,0.761,0.761,0.761,0.761,494,112,193
193,1.930,0.0000,0.0000,-0.8824,-0.0011,0.0040,-9.8018,-0.0004,0.0009,-0.0006,0.765,0.765,0.765,0.765,496,112,194
194,1.940,0.0000,0.0000,-0.8910,-0.0022,0.0020,-9.8008,-0.0008,-0.0005,0.0001,0.762,0.762,0.762,0.762,498,113,195
195,1.950,0.0000,0.0000,-0.8910,-0.0026,0.0015,-9.7942,-0.0001,-0.0022,0.0013,0.766,0.766,0.766,0.766,500,113,196
196,1.960,0.0000,0.0000,-0.8996,-0.0005,0.0022,-9.8214,-0.0014,0.0001,-0.0005,0.763,0.763,0.763,0.763,503,114,197
197,1.970,0.0000,0.0000,-0.8996,-0.0012,0.0004,-9.8051,0.0002,-0.0010,0.0002,0.767,0.767,0.767,0.767,505,114,198
198,1.980,0.0000,0.0000,-0.9082,0.0024,0.0006,-9.8426,0.0005,-0.0003,-0.0003,0.764,0.764,0.764,0.764,508,115,199
199,1.990,0.0000,0.0000,-0.9169,-0.0005,0.0029,-9.8274,0.0010,-0.0008,0.0006,0.761,0.761,0.761,0.761,510,116,200
200,2.000,0.0000,0.0000,-0.9169,0.0038,0.0009,-9.7816,-0.0002,-0.0007,0.0009,0.765,0.765,0.765,0.765,513,116,201
201,2.010,0.0000,0.0000,-0.9255,0.0040,-0.0020,-9.7939,0.0004,0.0002,0.0010,0.762,0.762,0.762,0.762,515,117,202
202,2.020,0.0000,0.0000,-0.9255,0.0042,-0.0004,-9.7801,0.0017,-0.0001,-0.0018,0.766,0.766,0.766,0.766,517,117,203
203,2.030,0.0000,0.0000,-0.9341,0.0010,0.0016,-9.7967,-0.0022,0.0015,0.0003,0.763,0.763,0.763,0.763,519,118,204
204,2.040,0.0000,0.0000,-0.9427,-0.0018,0.0004,-9.7913,0.0000,0.0011,0.0006,0.760,0.760,0.760,0.760,522,119,205
205,2.050,0.0000,0.0000,-0.9427,-0.0009,0.0032,-9.7546,-0.0014,0.0016,0.0002,0.764,0.764,0.764,0.764,524,119,206
206,2.060,0.0000,0.0000,-0.9513,-0.0007,-0.0004,-9.7600,-0.0003,0.0001,-0.0013,0.761,0.761,0.761,0.761,526,120,207
207,2.070,0.0000,0.0000,-0.9513,0.0041,0.0009,-9.7437,0.0006,0.0001,0.0001,0.765,0.765,0.765,0.765,529,120,208
208,2.080,0.0000,0.0000,-0.9599,0.0003,0.0002,-9.7759,-0.0007,0.0008,0.0017,0.762,0.762,0.762,0.762,531,121,209
209,2.090,0.0000,0.0000,-0.9685,-0.0042,0.0009,-9.7690,0.0007,0.0002,0.0007,0.759,0.759,0.759,0.759,534,122,210
210,2.100,0.0000,0.0000,-0.9685,0.0016,-0.0028,-9.7273,-0.0002,0.0006,0.0005,0.763,0.763,0.763,0.763,536,122,211
211,2.110,0.0000,0.0000,-0.9771,-0.0008,0.0019,-9.7363,0.0005,-0.0019,-0.0002,0.760,0.760,0.760,0.760,538,123,212
212,2.120,0.0000,0.0000,-0.9771,0.0003,-0.0003,-9.7282,0.0001,-0.0007,-0.0004,0.764,0.764,0.764,0.764,540,123,213
213,2.130,0.0000,0.0000,-0.9856,-0.0001,0.0024,-9.7623,0.0001,0.0003,-0.0005,0.761,0.761,0.761,0.761,543,124,214
214,2.140,0.0000,0.0000,-0.9856,0.0011,0.0047,-9.7497,-0.0011,0.0004,-0.0003,0.765,0.765,0.765,0.765,545,124,215
215,2.150,0.0000,0.0000,-0.9941,-0.0004,-0.0008,-9.7601,-0.0004,-0.0003,0.0020,0.762,0.762,0.762,0.762,547,125,216
216,2.160,0.0000,0.0000,-1.0026,0.0009,-0.0013,-9.7672,-0.0012,0.0009,0.0003,0.759,0.759,0.759,0.759,550,126,217
217,2.170,0.0000,0.0000,-1.0026,0.0001,-0.0015,-9.7367,0.0012,0.0004,-0.0004,0.763,0.763,0.763,0.763,552,126,218
218,2.180,0.0000,0.0000,-1.0111,0.0011,-0.0011,-9.7444,-0.0003,0.0015,0.0002,0.760,0.760,0.760,0.760,555,127,219
219,2.190,0.0000,0.0000,-1.0111,0.0004,0.0000,-9.7334,0.0010,0.0028,-0.0004,0.764,0.764,0.764,0.764,557,127,220
220,2.200,0.0000,0.0000,-1.0195,0.0013,0.0022,-9.7659,-0.0007,0.0004,-0.0004,0.761,0.761,0.761,0.761,560,128,221
221,2.210,0.0000,0.0000,-1.0280,-0.0015,-0.0021,-9.7531,0.0000,-0.0005,0.0012,0.758,0.758,0.758,0.758,562,129,222
222,2.220,0.0000,0.0000,-1.0280,0.0003,-0.0023,-9.7116,0.0018,0.0010,0.0002,0.763,0.763,0.763,0.763,565,129,223
223,2.230,0.0000,0.0000,-1.0364,-0.0024,0.0006,-9.7269,0.0007,-0.0004,0.0011,0.760,0.760,0.760,0.760,567,130,224
224,2.240,0.0000,0.0000,-1.0364,0.0008,0.0009,-9.7167,-0.0003,0.0001,0.0004,0.764,0.764,0.764,0.764,569,130,225
225,2.250,0.0000,0.0000,-1.0447,0.0021,0.0022,-9.7462,-0.0001,-0.0001,-0.0006,0.761,0.761,0.761,0.761,572,131,226
226,2.260,0.0000,0.0000,-1.0531,0.0015,-0.0005,-9.7419,0.0011,0.0013,-0.0011,0.758,0.758,0.758,0.758,574,132,227
227,2.270,0.0000,0.0000,-1.0531,-0.0018,0.0006,-9.6995,0.0024,-0.0016,0.0000,0.762,0.762,0.762,0.762,577,132,228
228,2.280,0.0000,0.0000,-1.0614,0.0002,-0.0001,-9.7187,-0.0005,0.0014,0.0008,0.759,0.759,0.759,0.759,579,133,229
229,2.290,0.0000,0.0000,-1.0614,0.0003,0.0015,-9.7035,-0.0000,0.0004,-0.0001,0.763,0.763,0.763,0.763,581,133,230
230,2.300,0.0000,0.0000,-1.0697,-0.0020,0.0021,-9.7202,-0.0003,0.0009,0.0014,0.761,0.761,0.761,0.761,583,134,231
231,2.310,0.0000,0.0000,-1.0780,0.0015,-0.0015,-9.7235,-0.0010,-0.0006,-0.0008,0.758,0.758,0.758,0.758,586,135,232
232,2.320,0.0000,0.0000,-1.0780,-0.0003,-0.0018,-9.6952,-0.0015,-0.0012,-0.0006,0.762,0.762,0.762,0.762,588,135,233
233,2.330,0.0000,0.0000,-1.0862,0.0003,-0.0057,-9.6970,0.0005,0.0004,0.0011,0.759,0.759,0.759,0.759,590,136,234
234,2.340,0.0000,0.0000,-1.0862,0.0006,-0.0016,-9.6919,-0.0022,0.0016,-0.0002,0.763,0.763,0.763,0.763,593,136,235
235,2.350,0.0000,0.0000,-1.0944,0.0007,0.0031,-9.7210,0.0010,0.0001,0.0000,0.760,0.760,0.760,0.760,595,137,236
236,2.360,0.0000,0.0000,-1.0944,0.0015,0.0004,-9.7231,-0.0009,-0.0008,-0.0017,0.764,0.764,0.764,0.764,597,137,237
237,2.370,0.0000,0.0000,-1.1025,-0.0021,-0.0010,-9.7625,-0.0002,-0.0017,-0.0007,0.762,0.762,0.762,0.762,600,138,238
238,2.380,0.0000,0.0000,-1.1106,-0.0005,0.0010,-9.7599,-0.0013,-0.0002,0.0006,0.759,0.759,0.759,0.759,602,139,239
239,2.390,0.0000,0.0000,-1.1106,-0.0004,-0.0009,-9.7371,-0.0007,-0.0010,-0.0002,0.763,0.763,0.763,0.763,604,139,240
240,2.400,0.0000,0.0000,-1.1187,0.0011,0.0006,-9.7367,-0.0010,-0.0026,0.0004,0.760,0.760,0.760,0.760,607,140,241
241,2.410,0.0000,0.0000,-1.1187,0.0019,-0.0014,-9.7272,0.0008,0.0004,-0.0001,0.764,0.764,0.764,0.764,609,140,242
242,2.420,0.0000,0.0000,-1.1268,0.0023,-0.0010,-9.7399,-0.0005,0.0004,-0.0005,0.761,0.761,0.761,0.761,611,141,243
243,2.430,0.0000,0.0000,-1.1348,-0.0036,-0.0015,-9.7461,-0.0011,0.0010,-0.0002,0.759,0.759,0.759,0.759,614,142,244
244,2.440,0.0000,0.0000,-1.1348,-0.0003,0.0009,-9.7241,-0.0015,0.0006,-0.0009,0.763,0.763,0.763,0.763,616,142,245
245,2.450,0.0000,0.0000,-1.1429,-0.0064,-0.0008,-9.7285,0.0004,0.0012,-0.0001,0.760,0.760,0.760,0.760,618,143,246
246,2.460,0.0000,0.0000,-1.1429,0.0024,0.0011,-9.7270,0.0003,-0.0001,0.0001,0.764,0.764,0.764,0.764,620,143,247
247,2.470,0.0000,0.0000,-1.1509,0.0007,-0.0022,-9.7532,-0.0004,-0.0003,0.0007,0.761,0.761,0.761,0.761,623,144,248
248,2.480,0.0000,0.0000,-1.1509,0.0001,0.0013,-9.7519,0.0007,0.0011,0.0011,0.765,0.765,0.765,0.765,625,144,249
249,2.490,0.0000,0.0000,-1.1588,-0.0010,0.0005,-9.7673,-0.0025,0.0011,-0.0008,0.762,0.762,0.762,0.762,627,145,250
250,2.500,0.0000,0.0000,-1.1668,-0.0006,-0.0013,-9.7710,-0.0005,-0.0009,-0.0003,0.760,0.760,0.760,0.760,630,146,251
251,2.510,0.0000,0.0000,-1.1668,-0.0001,0.0001,-9.7474,0.0014,0.0005,0.0010,0.764,0.764,0.764,0.764,632,146,252
252,2.520,0.0000,0.0000,-1.1747,-0.0005,-0.0006,-9.7589,-0.0023,0.0005,0.0014,0.761,0.761,0.761,0.761,634,147,253
253,2.530,0.0000,0.0000,-1.1747,0.0014,0.0026,-9.7528,-0.0000,0.0000,-0.0015,0.765,0.765,0.765,0.765,636,147,254
254,2.540,0.0000,0.0000,-1.1826,0.0043,0.0003,-9.7589,-0.0006,0.0000,-0.0009,0.762,0.762,0.762,0.762,638,148,255
255,2.550,0.0000,0.0000,-1.1826,0.0007,-0.0030,-9.7674,0.0005,0.0021,0.0005,0.766,0.766,0.766,0.766,641,148,256
256,2.560,0.0000,0.0000,-1.1905,-0.0075,-0.0017,-9.7970,-0.0007,0.0003,-0.0012,0.763,0.763,0.763,0.763,643,149,257
257,2.570,0.0000,0.0000,-1.1984,0.0018,0.0038,-9.7911,0.0026,-0.0008,-0.0007,0.761,0.761,0.761,0.761,646,150,258
258,2.580,0.0000,0.0000,-1.1984,-0.0001,0.0015,-9.7638,0.0006,-0.0004,0.0005,0.764,0.764,0.764,0.764,648,150,259
259,2.590,0.0000,0.0000,-1.2063,0.0009,-0.0008,-9.7699,-0.0001,0.0013,-0.0010,0.762,0.762,0.762,0.762,650,151,260
260,2.600,0.0000,0.0000,-1.2063,-0.0005,-0.0002,-9.7646,-0.0019,0.0012,0.0005,0.765,0.765,0.765,0.765,653,151,261
261,2.610,0.0000,0.0000,-1.2142,-0.0040,0.0003,-9.7825,0.0001,0.0008,0.0003,0.763,0.763,0.763,0.763,655,152,262
262,2.620,0.0000,0.0000,-1.2142,-0.0020,-0.0012,-9.7878,0.0002,-0.0005,-0.0025,0.766,0.766,0.766,0.766,657,152,263
263,2.630,0.0000,0.0000,-1.2221,0.0007,0.0002,-9.8137,-0.0003,-0.0003,0.0002,0.764,0.764,0.764,0.764,660,153,264
264,2.640,0.0000,0.0000,-1.2300,-0.0003,-0.0004,-9.8090,-0.0008,-0.0001,0.0007,0.761,0.761,0.761,0.761,662,154,265
265,2.650,0.0000,0.0000,-1.2300,-0.0023,-0.0005,-9.7846,-0.0011,0.0008,0.0014,0.765,0.765,0.765,0.765,664,154,266
266,2.660,0.0000,0.0000,-1.2378,-0.0007,0.0024,-9.7836,-0.0012,0.0003,-0.0004,0.762,0.762,0.762,0.762,667,155,267
267,2.670,0.0000,0.0000,-1.2378,0.0012,0.0003,-9.7769,-0.0006,0.0006,0.0009,0.766,0.766,0.766,0.766,669,155,268
268,2.680,0.0000,0.0000,-1.2457,-0.0001,-0.0013,-9.7900,-0.0007,0.0001,0.0004,0.763,0.763,0.763,0.763,671,156,269
269,2.690,0.0000,0.0000,-1.2536,-0.0006,-0.0001,-9.7894,-0.0004,-0.0012,-0.0009,0.760,0.760,0.760,0.760,674,157,270
270,2.700,0.0000,0.0000,-1.2536,-0.0002,0.0011,-9.7679,-0.0005,0.0001,0.0000,0.764,0.764,0.764,0.764,676,157,271
271,2.710,0.0000,0.0000,-1.2614,-0.0017,-0.0038,-9.7668,0.0015,-0.0009,-0.0009,0.761,0.761,0.761,0.761,678,158,272
272,2.720,0.0000,0.0000,-1.2614,0.0015,-0.0033,-9.7655,-0.0007,0.0000,0.0005,0.765,0.765,0.765,0.765,680,158,273
273,2.730,0.0000,0.0000,-1.2692,-0.0003,-0.0037,-9.7847,-0.0007,-0.0016,-0.0011,0.762,0.762,0.762,0.762,683,159,274
274,2.740,0.0000,0.0000,-1.2692,-0.0010,0.0023,-9.7832,0.0001,-0.0012,-0.0008,0.766,0.766,0.766,0.766,685,159,275
275,2.750,0.0000,0.0000,-1.2771,0.0011,-0.0015,-9.8142,0.0004,-0.0005,0.0008,0.763,0.763,0.763,0.763,688,160,276
276,2.760,0.0000,0.0000,-1.2849,0.0004,-0.0017,-9.8024,-0.0012,-0.0003,0.0005,0.761,0.761,0.761,0.761,690,161,277
277,2.770,0.0000,0.0000,-1.2849,0.0010,0.0007,-9.7752,-0.0000,0.0001,0.0009,0.764,0.764,0.764,0.764,692,161,278
278,2.780,0.0000,0.0000,-1.2927,-0.0009,0.0004,-9.7785,0.0004,-0.0016,0.0002,0.762,0.762,0.762,0.762,695,162,279
279,2.790,0.0000,0.0000,-1.2927,0.0011,0.0003,-9.7655,-0.0010,-0.0007,0.0017,0.765,0.765,0.765,0.765,697,162,280
280,2.800,0.0000,0.0000,-1.3005,-0.0010,0.0019,-9.7761,0.0016,0.0011,0.0001,0.763,0.763,0.763,0.763,699,163,281
281,2.810,0.0000,0.0000,-1.3084,-0.0019,-0.0006,-9.7797,-0.0005,-0.0004,0.0006,0.760,0.760,0.760,0.760,702,164,282
282,2.820,0.0000,0.0000,-1.3084,-0.0012,0.0002,-9.7537,0.0009,0.0005,-0.0016,0.764,0.764,0.764,0.764,704,164,283
283,2.830,0.0000,0.0000,-1.3161,-0.0015,-0.0054,-9.7618,-0.0005,-0.0009,0.0012,0.761,0.761,0.761,0.761,707,165,284
284,2.840,0.0000,0.0000,-1.3161,0.0017,-0.0025,-9.7487,-0.0025,0.0010,-0.0012,0.765,0.765,0.765,0.765,709,165,285
285,2.850,0.0000,0.0000,-1.3239,0.0004,-0.0023,-9.7646,-0.0002,0.0006,0.0005,0.762,0.762,0.762,0.762,711,166,286
286,2.860,0.0000,0.0000,-1.3317,0.0027,0.0012,-9.7667,-0.0007,-0.0014,-0.0005,0.759,0.759,0.759,0.759,714,167,287
287,2.870,0.0000,0.0000,-1.3317,-0.0030,-0.0018,-9.7378,-0.0002,-0.0005,-0.0015,0.763,0.763,0.763,0.763,716,167,288
288,2.880,0.0000,0.0000,-1.3394,0.0003,-0.0004,-9.7450,-0.0018,0.0007,-0.0008,0.760,0.760,0.760,0.760,719,168,289
289,2.890,0.0000,0.0000,-1.3394,-0.0017,0.0006,-9.7330,-0.0008,-0.0009,-0.0014,0.764,0.764,0.764,0.764,721,168,290
290,2.900,0.0000,0.0000,-1.3471,-0.0011,-0.0007,-9.7620,-0.0009,-0.0002,0.0001,0.761,0.761,0.761,0.761,724,169,291
291,2.910,0.0000,0.0000,-1.3548,0.0011,-0.0000,-9.7510,0.0023,-0.0011,-0.0002,0.759,0.759,0.759,0.759,726,170,292
292,2.920,0.0000,0.0000,-1.3548,-0.0045,-0.0005,-9.7252,0.0003,-0.0005,-0.0015,0.763,0.763,0.763,0.763,728,170,293
293,2.930,0.0000,0.0000,-1.3625,0.0027,0.0033,-9.7335,-0.0007,-0.0003,-0.0008,0.760,0.760,0.760,0.760,731,171,294
294,2.940,0.0000,0.0000,-1.3625,0.0007,-0.0026,-9.7266,0.0013,-0.0005,0.0006,0.764,0.764,0.764,0.764,733,171,295
295,2.950,0.0000,0.0000,-1.3702,-0.0030,0.0007,-9.7314,0.0003,0.0003,-0.0008,0.761,0.761,0.761,0.761,735,172,296
296,2.960,0.0000,0.0000,-1.3778,-0.0026,-0.0008,-9.7363,0.0004,-0.0015,0.0001,0.759,0.759,0.759,0.759,738,173,297
297,2.970,0.0000,0.0000,-1.3778,-0.0030,-0.0029,-9.7115,-0.0005,-0.0011,0.0007,0.762,0.762,0.762,0.762,740,173,298
298,2.980,0.0000,0.0000,-1.3854,-0.0004,-0.0015,-9.7235,0.0005,0.0006,-0.0014,0.760,0.760,0.760,0.760,742,174,299
299,2.990,0.0000,0.0000,-1.3854,-0.0026,0.0004,-9.7069,-0.0004,0.0014,-0.0005,0.763,0.763,0.763,0.763,745,174,300
300,3.000,0.0000,0.0000,-1.3929,0.0005,-0.0024,-9.7392,0.0005,-0.0010,0.0013,0.761,0.761,0.761,0.761,747,175,301
301,3.010,0.0000,0.0000,-1.4005,-0.0006,0.0015,-9.7304,0.0008,-0.0012,0.0014,0.758,0.758,0.758,0.758,750,176,302
302,3.020,0.0000,0.0000,-1.4005,0.0005,0.0049,-9.7022,-0.0004,-0.0004,-0.0000,0.762,0.762,0.762,0.762,752,176,303
303,3.030,0.0000,0.0000,-1.4080,0.0007,0.0004,-9.7194,-0.0001,0.0001,0.0013,0.760,0.760,0.760,0.760,754,177,304
304,3.040,0.0000,0.0000,-1.4080,-0.0019,0.0005,-9.7088,-0.0007,0.0013,0.0009,0.763,0.763,0.763,0.763,757,177,305
305,3.050,0.0000,0.0000,-1.4154,-0.0003,0.0008,-9.7345,0.0009,-0.0003,-0.0028,0.761,0.761,0.761,0.761,759,178,306
306,3.060,0.0000,0.0000,-1.4154,-0.0020,-0.0009,-9.7300,0.0003,0.0001,-0.0016,0.764,0.764,0.764,0.764,761,178,307
307,3.070,0.0000,0.0000,-1.4229,-0.0016,-0.0013,-9.7483,0.0006,0.0013,0.0002,0.762,0.762,0.762,0.762,763,179,308
308,3.080,0.0001,0.0001,-1.4303,-0.0007,0.0029,-9.7523,0.0011,0.0008,-0.0008,0.759,0.759,0.759,0.759,766,180,309
309,3.090,0.0001,0.0001,-1.4303,0.0004,0.0005,-9.7279,0.0012,-0.0005,0.0005,0.763,0.763,0.763,0.763,768,180,310
310,3.100,0.0001,0.0001,-1.4377,0.0005,0.0050,-9.7315,-0.0003,-0.0003,-0.0005,0.760,0.760,0.760,0.760,770,181,311
311,3.110,0.0001,0.0001,-1.4377,0.0009,-0.0003,-9.7285,-0.0004,-0.0008,0.0013,0.764,0.764,0.764,0.764,773,181,312
312,3.120,0.0001,0.0001,-1.4450,-0.0015,-0.0021,-9.7456,-0.0004,-0.0012,-0.0007,0.761,0.761,0.761,0.761,775,182,313
313,3.130,0.0001,0.0001,-1.4450,-0.0011,0.0007,-9.7501,-0.0007,0.0009,-0.0015,0.765,0.765,0.765,0.765,777,182,314
314,3.140,0.0001,0.0001,-1.4524,0.0031,0.0019,-9.7653,-0.0001,0.0000,-0.0003,0.762,0.762,0.762,0.762,779,183,315
315,3.150,0.0001,0.0001,-1.4524,0.0023,0.0028,-9.7731,-0.0015,0.0010,0.0003,0.766,0.766,0.766,0.766,781,183,316
316,3.160,0.0001,0.0001,-1.4597,-0.0011,0.0005,-9.7978,-0.0002,0.0012,0.0012,0.763,0.763,0.763,0.763,784,184,317
317,3.170,0.0001,0.0001,-1.4670,-0.0018,-0.0024,-9.8012,0.0006,-0.0008,0.0005,0.761,0.761,0.761,0.761,786,185,318
318,3.180,0.0001,0.0001,-1.4670,-0.0009,-0.0025,-9.7700,-0.0009,-0.0012,0.0006,0.764,0.764,0.764,0.764,788,185,319
319,3.190,0.0001,0.0001,-1.4743,-0.0032,0.0004,-9.7720,-0.0001,0.0021,0.0013,0.762,0.762,0.762,0.762,791,186,320
320,3.200,0.0001,0.0001,-1.4743,0.0005,-0.0003,-9.7634,0.0005,-0.0007,0.0001,0.765,0.765,0.765,0.765,793,186,321
321,3.210,0.0001,0.0001,-1.4816,0.0054,0.0037,-9.7828,-0.0009,-0.0005,0.0007,0.763,0.763,0.763,0.763,795,187,322
322,3.220,0.0001,0.0001,-1.4816,0.0005,-0.0032,-9.7832,0.0009,0.0001,-0.0009,0.766,0.766,0.766,0.766,797,187,323
323,3.230,0.0001,0.0001,-1.4889,0.0025,-0.0012,-9.8053,0.0002,0.0006,-0.0000,0.763,0.763,0.763,0.763,800,188,324
324,3.240,0.0001,0.0001,-1.4962,-0.0045,0.0075,-9.8007,-0.0001,-0.0002,-0.0002,0.761,0.761,0.761,0.761,802,189,325
325,3.250,0.0001,0.0001,-1.4962,0.0014,0.0033,-9.7796,0.0003,-0.0000,0.0009,0.764,0.764,0.764,0.764,804,189,326
326,3.260,0.0001,0.0001,-1.5035,0.0019,0.0004,-9.7804,-0.0013,-0.0013,-0.0013,0.762,0.762,0.762,0.762,807,190,327
327,3.270,0.0001,0.0001,-1.5035,-0.0000,0.0041,-9.7644,-0.0009,-0.0003,0.0007,0.765,0.765,0.765,0.765,810,190,328
328,3.280,0.0001,0.0001,-1.5107,0.0019,-0.0002,-9.7886,0.0013,-0.0014,0.0001,0.762,0.762,0.762,0.762,812,191,329
329,3.290,0.0002,0.0002,-1.5180,-0.0017,0.0022,-9.7844,0.0009,-0.0005,-0.0005,0.760,0.760,0.760,0.760,814,192,330
330,3.300,0.0002,0.0002,-1.5180,-0.0001,0.0012,-9.7592,0.0009,0.0009,0.0014,0.763,0.763,0.763,0.763,816,192,331
331,3.310,0.0002,0.0002,-1.5252,0.0009,-0.0038,-9.7510,0.0005,-0.0004,0.0006,0.761,0.761,0.761,0.761,818,193,332
332,3.320,0.0002,0.0002,-1.5252,-0.0039,0.0046,-9.7431,-0.0005,-0.0004,0.0004,0.764,0.764,0.764,0.764,821,193,333
333,3.330,0.0002,0.0002,-1.5325,0.0037,0.0005,-9.7612,-0.0001,-0.0002,-0.0011,0.762,0.762,0.762,0.762,823,194,334
334,3.340,0.0002,0.0002,-1.5325,-0.0028,0.0004,-9.7597,-0.0020,-0.0019,0.0007,0.765,0.765,0.765,0.765,825,194,335
335,3.350,0.0002,0.0002,-1.5397,0.0025,-0.0059,-9.7848,-0.0004,0.0013,-0.0015,0.762,0.762,0.762,0.762,828,195,336
336,3.360,0.0002,0.0002,-1.5469,-0.0043,0.0045,-9.7800,-0.0020,0.0002,-0.0007,0.760,0.760,0.760,0.760,830,196,337
337,3.370,0.0002,0.0002,-1.5469,-0.0032,-0.0017,-9.7595,0.0003,0.0020,-0.0002,0.763,0.763,0.763,0.763,832,196,338
338,3.380,0.0002,0.0002,-1.5541,0.0016,-0.0025,-9.7556,-0.0001,0.0004,0.0006,0.761,0.761,0.761,0.761,835,197,339
339,3.390,0.0002,0.0002,-1.5541,-0.0018,0.0009,-9.7478,-0.0006,-0.0002,0.0008,0.764,0.764,0.764,0.764,837,197,340
340,3.400,0.0002,0.0002,-1.5613,0.0044,0.0038,-9.7663,-0.0011,0.0004,-0.0015,0.762,0.762,0.762,0.762,839,198,341
341,3.410,0.0002,0.0002,-1.5613,-0.0029,0.0018,-9.7574,-0.0009,-0.0006,-0.0018,0.765,0.765,0.765,0.765,841,198,342
342,3.420,0.0003,0.0002,-1.5684,0.0004,0.0024,-9.7855,-0.0001,0.0001,-0.0001,0.762,0.762,0.762,0.762,844,199,343
343,3.430,0.0003,0.0003,-1.5756,0.0021,0.0018,-9.7763,0.0019,0.0010,-0.0005,0.760,0.760,0.760,0.760,846,200,344
344,3.440,0.0003,0.0003,-1.5756,0.0023,0.0012,-9.7488,0.0003,-0.0015,0.0015,0.763,0.763,0.763,0.763,848,200,345
345,3.450,0.0003,0.0003,-1.5827,0.0010,0.0002,-9.7553,-0.0008,-0.0003,-0.0023,0.761,0.761,0.761,0.761,851,201,346
346,3.460,0.0003,0.0003,-1.5827,0.0028,-0.0010,-9.7378,-0.0006,0.0003,-0.0004,0.764,0.764,0.764,0.764,853,201,347
347,3.470,0.0003,0.0003,-1.5898,-0.0003,0.0005,-9.7649,0.0018,-0.0001,0.0008,0.762,0.762,0.762,0.762,855,202,348
348,3.480,0.0003,0.0003,-1.5898,-0.0014,0.0017,-9.7598,0.0010,-0.0009,0.0006,0.765,0.765,0.765,0.765,857,202,349
349,3.490,0.0003,0.0003,-1.5969,0.0003,0.0022,-9.7789,0.0003,-0.0010,0.0001,0.762,0.762,0.762,0.762,860,203,350
350,3.500,0.0003,0.0003,-1.6040,0.0007,0.0005,-9.7705,0.0006,0.0007,-0.0005,0.760,0.760,0.760,0.760,862,204,351
351,3.510,0.0003,0.0003,-1.6040,-0.0033,-0.0019,-9.7477,-0.0007,0.0001,0.0006,0.763,0.763,0.763,0.763,864,204,352
352,3.520,0.0004,0.0004,-1.6111,0.0003,-0.0008,-9.7485,-0.0003,-0.0013,-0.0013,0.761,0.761,0.761,0.761,867,205,353
353,3.530,0.0004,0.0004,-1.6111,-0.0006,0.0039,-9.7333,0.0002,0.0003,-0.0010,0.764,0.764,0.764,0.764,869,205,354
354,3.540,0.0004,0.0004,-1.6181,0.0015,0.0014,-9.7525,0.0003,0.0013,-0.0000,0.761,0.761,0.761,0.761,871,206,355
355,3.550,0.0004,0.0004,-1.6251,0.0010,-0.0029,-9.7462,-0.0010,-0.0003,0.0009,0.759,0.759,0.759,0.759,874,207,356
356,3.560,0.0004,0.0004,-1.6251,-0.0004,-0.0029,-9.7231,-0.0010,0.0011,-0.0012,0.762,0.762,0.762,0.762,876,207,357
357,3.570,0.0004,0.0004,-1.6321,-0.0005,0.0006,-9.7276,0.0011,0.0011,-0.0008,0.760,0.760,0.760,0.760,879,208,358
358,3.580,0.0004,0.0004,-1.6321,0.0010,-0.0011,-9.7162,-0.0001,-0.0008,-0.0002,0.763,0.763,0.763,0.763,881,208,359
359,3.590,0.0005,0.0004,-1.6391,0.0013,0.0002,-9.7352,-0.0000,0.0013,-0.0007,0.761,0.761,0.761,0.761,884,209,360
360,3.600,0.0005,0.0005,-1.6460,-0.0022,0.0008,-9.7274,0.0008,0.0015,-0.0006,0.758,0.758,0.758,0.758,886,210,361
361,3.610,0.0005,0.0005,-1.6460,-0.0015,0.0003,-9.7044,0.0011,-0.0016,0.0017,0.762,0.762,0.762,0.762,888,210,362
362,3.620,0.0005,0.0005,-1.6529,0.0038,-0.0003,-9.7053,-0.0008,0.0005,-0.0003,0.759,0.759,0.759,0.759,890,211,363
363,3.630,0.0005,0.0005,-1.6529,-0.0025,0.0005,-9.6948,0.0003,-0.0018,0.0016,0.762,0.762,0.762,0.762,893,211,364
364,3.640,0.0005,0.0005,-1.6598,-0.0022,0.0008,-9.7189,-0.0004,0.0007,-0.0003,0.760,0.760,0.760,0.760,895,212,365
365,3.650,0.0005,0.0005,-1.6598,-0.0048,0.0004,-9.7181,-0.0005,0.0005,0.0014,0.763,0.763,0.763,0.763,897,212,366
366,3.660,0.0006,0.0005,-1.6666,-0.0014,0.0000,-9.7334,0.0004,-0.0008,0.0007,0.761,0.761,0.761,0.761,900,213,367
367,3.670,0.0006,0.0006,-1.6734,-0.0024,0.0041,-9.7287,0.0005,-0.0006,0.0001,0.759,0.759,0.759,0.759,902,214,368
368,3.680,0.0006,0.0006,-1.6734,-0.0010,0.0019,-9.7099,0.0004,0.0008,-0.0015,0.762,0.762,0.762,0.762,904,214,369
369,3.690,0.0006,0.0006,-1.6802,-0.0010,0.0003,-9.7193,-0.0009,0.0002,-0.0007,0.760,0.760,0.760,0.760,907,215,370
370,3.700,0.0006,0.0006,-1.6802,-0.0010,-0.0001,-9.7029,-0.0001,-0.0002,0.0002,0.763,0.763,0.763,0.763,909,215,371
371,3.710,0.0006,0.0006,-1.6869,0.0046,-0.0016,-9.7272,-0.0004,0.0009,0.0013,0.760,0.760,0.760,0.760,911,216,372
372,3.720,0.0006,0.0006,-1.6869,-0.0023,-0.0007,-9.7281,0.0009,0.0011,0.0011,0.763,0.763,0.763,0.763,913,216,373
373,3.730,0.0007,0.0006,-1.6936,-0.0063,0.0010,-9.7379,-0.0012,0.0019,-0.0005,0.761,0.761,0.761,0.761,915,217,374
374,3.740,0.0007,0.0007,-1.7003,0.0024,0.0026,-9.7366,-0.0015,-0.0010,-0.0012,0.759,0.759,0.759,0.759,918,218,375
375,3.750,0.0007,0.0007,-1.7003,-0.0011,0.0014,-9.7144,0.0007,-0.0006,-0.0005,0.762,0.762,0.762,0.762,920,218,376
376,3.760,0.0007,0.0007,-1.7069,-0.0025,-0.0001,-9.7234,-0.0016,0.0001,-0.0013,0.760,0.760,0.760,0.760,923,219,377
377,3.770,0.0007,0.0007,-1.7069,-0.0023,-0.0019,-9.7164,0.0016,-0.0007,0.0004,0.763,0.763,0.763,0.763,925,219,378
378,3.780,0.0008,0.0007,-1.7136,0.0010,0.0009,-9.7372,0.0004,0.0006,0.0004,0.761,0.761,0.761,0.761,928,220,379
379,3.790,0.0008,0.0007,-1.7201,-0.0007,0.0001,-9.7237,0.0006,0.0003,0.0009,0.758,0.758,0.758,0.758,930,221,380
380,3.800,0.0008,0.0007,-1.7201,0.0016,0.0037,-9.7006,-0.0002,0.0002,0.0011,0.762,0.762,0.762,0.762,932,221,381
381,3.810,0.0008,0.0008,-1.7267,0.0007,0.0033,-9.7096,-0.0012,0.0003,0.0018,0.759,0.759,0.759,0.759,934,222,382
382,3.820,0.0008,0.0008,-1.7267,-0.0010,0.0018,-9.7023,0.0001,0.0001,0.0001,0.762,0.762,0.762,0.762,937,222,383
383,3.830,0.0009,0.0008,-1.7332,-0.0050,0.0004,-9.7163,-0.0009,0.0007,-0.0006,0.760,0.760,0.760,0.760,939,223,384
384,3.840,0.0009,0.0008,-1.7332,-0.0026,0.0020,-9.7201,0.0008,0.0004,0.0010,0.763,0.763,0.763,0.763,941,223,385
385,3.850,0.0009,0.0008,-1.7397,0.0008,-0.0006,-9.7419,-0.0012,0.0007,-0.0002,0.761,0.761,0.761,0.761,944,224,386
386,3.860,0.0009,0.0009,-1.7461,-0.0011,0.0000,-9.7376,0.0001,0.0014,-0.0004,0.759,0.759,0.759,0.759,946,225,387
387,3.870,0.0009,0.0009,-1.7461,-0.0023,0.0015,-9.7179,-0.0008,0.0018,-0.0004,0.762,0.762,0.762,0.762,948,225,388
388,3.880,0.0010,0.0009,-1.7525,0.0004,-0.0008,-9.7185,-0.0013,-0.0008,-0.0006,0.760,0.760,0.760,0.760,951,226,389
389,3.890,0.0010,0.0009,-1.7525,0.0026,0.0034,-9.7084,-0.0011,0.0002,-0.0006,0.763,0.763,0.763,0.763,953,226,390
390,3.900,0.0010,0.0009,-1.7589,0.0002,-0.0007,-9.7291,-0.0013,-0.0008,-0.0003,0.761,0.761,0.761,0.761,956,227,391
391,3.910,0.0010,0.0010,-1.7653,0.0005,-0.0006,-9.7254,0.0017,-0.0001,0.0002,0.758,0.758,0.758,0.758,958,228,392
392,3.920,0.0010,0.0010,-1.7653,-0.0012,-0.0030,-9.7048,-0.0002,0.0004,0.0003,0.762,0.762,0.762,0.762,960,228,393
393,3.930,0.0011,0.0010,-1.7716,-0.0017,0.0016,-9.7096,-0.0004,-0.0008,0.0009,0.759,0.759,0.759,0.759,963,229,394
394,3.940,0.0011,0.0010,-1.7716,-0.0003,-0.0005,-9.6944,0.0013,0.0013,0.0004,0.762,0.762,0.762,0.762,965,229,395
395,3.950,0.0011,0.0010,-1.7779,-0.0012,0.0019,-9.7164,0.0005,0.0006,0.0028,0.760,0.760,0.760,0.760,967,230,396
396,3.960,0.0012,0.0011,-1.7841,0.0009,0.0005,-9.7124,-0.0008,0.0005,-0.0002,0.758,0.758,0.758,0.758,970,231,397
397,3.970,0.0012,0.0011,-1.7841,0.0015,0.0007,-9.6931,0.0007,0.0007,-0.0011,0.761,0.761,0.761,0.761,972,231,398
398,3.980,0.0012,0.0011,-1.7903,0.0005,-0.0010,-9.6935,0.0004,-0.0005,0.0020,0.759,0.759,0.759,0.759,974,232,399
399,3.990,0.0012,0.0011,-1.7903,-0.0020,-0.0020,-9.6939,-0.0008,0.0024,-0.0005,0.762,0.762,0.762,0.762,976,232,400
400,4.000,0.0013,0.0011,-1.7965,0.0000,-0.0004,-9.7177,0.0012,-0.0009,-0.0015,0.760,0.760,0.760,0.760,979,233,401
401,4.010,0.0013,0.0011,-1.7965,-0.0033,0.0008,-9.7082,0.0007,-0.0001,0.0017,0.763,0.763,0.763,0.763,981,233,402
402,4.020,0.0013,0.0012,-1.8026,-0.0002,-0.0041,-9.7278,0.0007,-0.0003,0.0008,0.761,0.761,0.761,0.761,983,234,403
403,4.030,0.0013,0.0012,-1.8087,0.0048,-0.0023,-9.7281,-0.0008,0.0006,-0.0000,0.759,0.759,0.759,0.759,986,235,404
404,4.040,0.0013,0.0012,-1.8087,-0.0005,0.0002,-9.7089,0.0004,0.0018,-0.0006,0.762,0.762,0.762,0.762,988,235,405
405,4.050,0.0014,0.0013,-1.8148,0.0026,0.0002,-9.7136,-0.0001,0.0013,-0.0011,0.760,0.760,0.760,0.760,991,236,406
406,4.060,0.0014,0.0013,-1.8148,0.0030,0.0017,-9.7091,0.0023,0.0016,0.0008,0.763,0.763,0.763,0.763,993,236,407
407,4.070,0.0014,0.0013,-1.8208,-0.0015,-0.0009,-9.7234,0.0008,0.0008,0.0006,0.761,0.761,0.761,0.761,995,237,408
408,4.080,0.0015,0.0013,-1.8268,-0.0030,0.0014,-9.7202,0.0011,0.0007,0.0005,0.759,0.759,0.759,0.759,998,238,409
409,4.090,0.0015,0.0013,-1.8268,0.0002,0.0007,-9.7024,-0.0002,0.0002,-0.0007,0.762,0.762,0.762,0.762,1000,238,410
410,4.100,0.0015,0.0014,-1.8328,-0.0041,-0.0007,-9.7143,-0.0006,-0.0012,-0.0003,0.760,0.760,0.760,0.760,1003,239,411
411,4.110,0.0015,0.0014,-1.8328,-0.0039,-0.0026,-9.7016,-0.0007,-0.0012,-0.0004,0.763,0.763,0.763,0.763,1005,239,412
412,4.120,0.0016,0.0014,-1.8387,-0.0003,-0.0001,-9.7205,0.0003,0.0004,0.0001,0.761,0.761,0.761,0.761,1007,240,413
413,4.130,0.0016,0.0014,-1.8446,-0.0020,-0.0008,-9.7180,-0.0007,-0.0005,0.0005,0.759,0.759,0.759,0.759,1010,241,414
414,4.140,0.0016,0.0014,-1.8446,0.0010,0.0010,-9.6979,-0.0009,0.0005,-0.0006,0.762,0.762,0.762,0.762,1012,241,415
415,4.150,0.0017,0.0015,-1.8505,-0.0012,0.0008,-9.7062,-0.0000,-0.0002,-0.0001,0.760,0.760,0.760,0.760,1014,242,416
416,4.160,0.0017,0.0015,-1.8505,0.0006,-0.0001,-9.7028,0.0011,0.0014,-0.0000,0.762,0.762,0.762,0.762,1016,242,417
417,4.170,0.0017,0.0015,-1.8563,-0.0017,-0.0016,-9.7248,-0.0002,0.0004,-0.0006,0.760,0.760,0.760,0.760,1019,243,418
418,4.180,0.0017,0.0015,-1.8563,-0.0026,-0.0024,-9.7181,-0.0000,0.0003,-0.0006,0.763,0.763,0.763,0.763,1021,243,419
419,4.190,0.0018,0.0016,-1.8621,0.0020,0.0006,-9.7338,-0.0007,-0.0004,-0.0005,0.761,0.761,0.761,0.761,1023,244,420
420,4.200,0.0018,0.0016,-1.8678,-0.0017,-0.0013,-9.7398,0.0008,0.0001,-0.0005,0.759,0.759,0.759,0.759,1026,245,421
421,4.210,0.0018,0.0016,-1.8678,0.0042,-0.0011,-9.7186,0.0002,0.0008,-0.0007,0.762,0.762,0.762,0.762,1028,245,422
422,4.220,0.0019,0.0016,-1.8735,0.0002,0.0035,-9.7132,-0.0004,0.0008,0.0010,0.760,0.760,0.760,0.760,1030,246,423
423,4.230,0.0019,0.0016,-1.8735,0.0007,0.0029,-9.7146,0.0002,0.0010,0.0014,0.763,0.763,0.763,0.763,1033,246,424
424,4.240,0.0020,0.0017,-1.8792,-0.0009,0.0003,-9.7318,0.0006,-0.0009,-0.0002,0.761,0.761,0.761,0.761,1035,247,425
425,4.250,0.0020,0.0017,-1.8849,-0.0014,-0.0009,-9.7311,0.0008,0.0012,-0.0019,0.759,0.759,0.759,0.759,1038,248,426
426,4.260,0.0020,0.0017,-1.8849,-0.0011,0.0044,-9.7110,0.0006,0.0003,0.0005,0.762,0.762,0.762,0.762,1040,248,427
427,4.270,0.0021,0.0018,-1.8905,0.0016,0.0012,-9.7194,0.0009,-0.0003,-0.0004,0.760,0.760,0.760,0.760,1042,249,428
428,4.280,0.0021,0.0018,-1.8905,0.0023,-0.0022,-9.7120,-0.0008,0.0013,-0.0004,0.763,0.763,0.763,0.763,1044,249,429
429,4.290,0.0021,0.0018,-1.8961,0.0003,-0.0003,-9.7283,0.0012,0.0006,0.0001,0.761,0.761,0.761,0.761,1046,250,430
430,4.300,0.0021,0.0018,-1.8961,0.0005,-0.0018,-9.7373,0.0012,-0.0004,-0.0007,0.764,0.764,0.764,0.764,1048,250,431
431,4.310,0.0022,0.0018,-1.9017,-0.0012,0.0030,-9.7529,0.0019,0.0001,0.0014,0.762,0.762,0.762,0.762,1051,251,432
432,4.320,0.0022,0.0018,-1.9017,-0.0017,-0.0007,-9.7482,0.0002,0.0006,0.0002,0.764,0.764,0.764,0.764,1053,251,433
433,4.330,0.0022,0.0019,-1.9073,0.0044,0.0021,-9.7629,0.0007,0.0007,0.0005,0.762,0.762,0.762,0.762,1055,252,434
434,4.340,0.0023,0.0019,-1.9128,-0.0026,-0.0029,-9.7713,0.0004,-0.0001,-0.0027,0.760,0.760,0.760,0.760,1058,253,435
435,4.350,0.0023,0.0019,-1.9128,-0.0052,0.0013,-9.7469,0.0025,0.0010,-0.0008,0.763,0.763,0.763,0.763,1060,253,436
436,4.360,0.0024,0.0020,-1.9183,0.0002,0.0029,-9.7503,-0.0004,-0.0007,-0.0007,0.761,0.761,0.761,0.761,1063,254,437
437,4.370,0.0024,0.0020,-1.9183,0.0010,0.0002,-9.7453,-0.0002,0.0010,0.0013,0.764,0.764,0.764,0.764,1065,254,438
438,4.380,0.0024,0.0020,-1.9238,0.0009,0.0019,-9.7664,-0.0011,0.0001,0.0011,0.762,0.762,0.762,0.762,1068,255,439
439,4.390,0.0025,0.0020,-1.9293,0.0010,0.0078,-9.7570,-0.0011,-0.0004,0.0004,0.760,0.760,0.760,0.760,1070,256,440
440,4.400,0.0025,0.0020,-1.9293,-0.0001,0.0027,-9.7351,0.0018,0.0014,-0.0006,0.763,0.763,0.763,0.763,1072,256,441
441,4.410,0.0026,0.0021,-1.9348,-0.0010,-0.0044,-9.7374,0.0009,0.0004,0.0013,0.761,0.761,0.761,0.761,1075,257,442
442,4.420,0.0026,0.0021,-1.9348,0.0018,0.0007,-9.7328,0.0023,-0.0004,0.0006,0.763,0.763,0.763,0.763,1077,257,443
443,4.430,0.0026,0.0021,-1.9402,0.0021,-0.0003,-9.7451,-0.0006,0.0003,-0.0019,0.762,0.762,0.762,0.762,1079,258,444
444,4.440,0.0027,0.0022,-1.9456,0.0004,0.0010,-9.7418,0.0000,0.0001,-0.0001,0.760,0.760,0.760,0.760,1082,259,445
445,4.450,0.0027,0.0022,-1.9456,-0.0027,0.0013,-9.7245,0.0004,-0.0000,0.0005,0.762,0.762,0.762,0.762,1084,259,446
446,4.460,0.0028,0.0022,-1.9510,0.0011,-0.0015,-9.7316,0.0030,0.0020,0.0007,0.760,0.760,0.760,0.760,1086,260,447
447,4.470,0.0028,0.0022,-1.9510,0.0019,0.0013,-9.7262,-0.0005,0.0006,-0.0007,0.763,0.763,0.763,0.763,1088,260,448
448,4.480,0.0028,0.0022,-1.9563,-0.0000,0.0014,-9.7395,-0.0002,0.0015,-0.0002,0.761,0.761,0.761,0.761,1091,261,449
449,4.490,0.0028,0.0022,-1.9563,-0.0019,-0.0020,-9.7370,0.0007,0.0010,0.0004,0.764,0.764,0.764,0.764,1093,261,450
450,4.500,0.0029,0.0023,-1.9617,-0.0003,0.0027,-9.7542,0.0004,0.0011,0.0005,0.762,0.762,0.762,0.762,1096,262,451
451,4.510,0.0030,0.0023,-1.9670,-0.0019,-0.0005,-9.7544,-0.0004,0.0019,-0.0010,0.760,0.760,0.760,0.760,1098,263,452
452,4.520,0.0030,0.0023,-1.9670,-0.0009,0.0013,-9.7276,0.0006,0.0001,0.0007,0.763,0.763,0.763,0.763,1101,263,453
453,4.530,0.0030,0.0023,-1.9723,0.0016,0.0012,-9.7314,-0.0009,0.0012,0.0008,0.761,0.761,0.761,0.761,1103,264,454
454,4.540,0.0030,0.0023,-1.9723,-0.0010,0.0025,-9.7302,-0.0003,-0.0001,-0.0006,0.763,0.763,0.763,0.763,1105,264,455
455,4.550,0.0031,0.0024,-1.9775,0.0018,0.0029,-9.7492,0.0005,0.0029,-0.0004,0.761,0.761,0.761,0.761,1108,265,456
456,4.560,0.0032,0.0024,-1.9828,-0.0029,-0.0012,-9.7415,0.0005,0.0017,0.0003,0.760,0.760,0.760,0.760,1110,266,457
457,4.570,0.0032,0.0024,-1.9828,0.0012,0.0015,-9.7178,-0.0001,-0.0003,0.0003,0.762,0.762,0.762,0.762,1113,266,458
458,4.580,0.0032,0.0024,-1.9880,-0.0021,-0.0032,-9.7220,0.0011,0.0006,0.0012,0.760,0.760,0.760,0.760,1115,267,459
459,4.590,0.0032,0.0024,-1.9880,-0.0027,0.0017,-9.7192,0.0007,0.0003,-0.0012,0.763,0.763,0.763,0.763,1117,267,460
460,4.600,0.0033,0.0025,-1.9931,0.0004,0.0049,-9.7343,0.0008,0.0019,0.0010,0.761,0.761,0.761,0.761,1120,268,461
461,4.610,0.0034,0.0025,-1.9983,0.0026,-0.0065,-9.7300,0.0013,0.0005,-0.0004,0.759,0.759,0.759,0.759,1122,269,462
462,4.620,0.0034,0.0025,-1.9983,0.0018,0.0051,-9.7052,0.0000,0.0009,-0.0001,0.762,0.762,0.762,0.762,1125,269,463
463,4.630,0.0035,0.0025,-2.0034,-0.0017,-0.0029,-9.7154,0.0008,0.0003,-0.0008,0.760,0.760,0.760,0.760,1127,270,464
464,4.640,0.0035,0.0025,-2.0034,0.0009,0.0028,-9.7105,0.0013,0.0023,-0.0007,0.762,0.762,0.762,0.762,1129,270,465
465,4.650,0.0035,0.0025,-2.0085,-0.0006,-0.0022,-9.7170,0.0012,0.0010,0.0001,0.761,0.761,0.761,0.761,1131,271,466
466,4.660,0.0036,0.0026,-2.0135,-0.0027,0.0019,-9.7165,0.0005,0.0007,0.0015,0.759,0.759,0.759,0.759,1134,272,467
467,4.670,0.0036,0.0026,-2.0135,-0.0035,-0.0008,-9.7043,0.0007,0.0016,0.0009,0.762,0.762,0.762,0.762,1136,272,468
468,4.680,0.0037,0.0026,-2.0185,0.0012,-0.0023,-9.7053,0.0018,0.0002,0.0006,0.760,0.760,0.760,0.760,1138,273,469
469,4.690,0.0037,0.0026,-2.0185,-0.0017,0.0023,-9.6999,0.0014,0.0007,-0.0000,0.762,0.762,0.762,0.762,1141,273,470
470,4.700,0.0037,0.0026,-2.0235,0.0016,-0.0017,-9.7204,0.0010,0.0016,0.0006,0.761,0.761,0.761,0.761,1143,274,471
471,4.710,0.0037,0.0026,-2.0235,-0.0008,0.0005,-9.7233,0.0001,0.0007,0.0020,0.763,0.763,0.763,0.763,1145,274,472
472,4.720,0.0038,0.0026,-2.0285,0.0009,-0.0002,-9.7384,0.0002,0.0010,-0.0002,0.761,0.761,0.761,0.761,1148,275,473
473,4.730,0.0039,0.0027,-2.0334,-0.0014,0.0020,-9.7340,-0.0006,0.0016,0.0001,0.760,0.760,0.760,0.760,1150,276,474
474,4.740,0.0039,0.0027,-2.0334,0.0014,0.0024,-9.7139,0.0009,0.0018,0.0009,0.762,0.762,0.762,0.762,1153,276,475
475,4.750,0.0040,0.0027,-2.0382,-0.0006,-0.0004,-9.7207,0.0013,0.0011,0.0003,0.760,0.760,0.760,0.760,1155,277,476
476,4.760,0.0040,0.0027,-2.0382,0.0002,0.0020,-9.7179,0.0007,0.0006,0.0008,0.763,0.763,0.763,0.763,1157,277,477
477,4.770,0.0040,0.0027,-2.0431,0.0035,-0.0006,-9.7328,0.0007,0.0008,0.0005,0.761,0.761,0.761,0.761,1160,278,478
478,4.780,0.0041,0.0027,-2.0479,0.0012,-0.0004,-9.7288,0.0012,-0.0015,-0.0003,0.759,0.759,0.759,0.759,1162,279,479
479,4.790,0.0041,0.0027,-2.0479,0.0002,-0.0010,-9.7157,0.0007,0.0020,-0.0027,0.762,0.762,0.762,0.762,1164,279,480
480,4.800,0.0042,0.0027,-2.0527,-0.0028,0.0002,-9.7131,0.0012,0.0025,-0.0012,0.760,0.760,0.760,0.760,1166,280,481
481,4.810,0.0042,0.0027,-2.0527,0.0042,0.0035,-9.7140,-0.0005,0.0004,0.0004,0.762,0.762,0.762,0.762,1168,280,482
482,4.820,0.0043,0.0027,-2.0575,0.0008,0.0009,-9.7295,-0.0010,0.0012,0.0005,0.761,0.761,0.761,0.761,1171,281,483
483,4.830,0.0043,0.0027,-2.0575,-0.0018,-0.0006,-9.7239,0.0011,0.0013,-0.0007,0.763,0.763,0.763,0.763,1173,281,484
484,4.840,0.0043,0.0027,-2.0622,-0.0003,0.0046,-9.7322,0.0017,0.0008,0.0009,0.761,0.761,0.761,0.761,1175,282,485
485,4.850,0.0044,0.0027,-2.0669,-0.0002,0.0002,-9.7372,0.0008,0.0001,-0.0003,0.760,0.760,0.760,0.760,1178,283,486
486,4.860,0.0044,0.0027,-2.0669,-0.0005,-0.0021,-9.7222,0.0015,-0.0002,0.0012,0.762,0.762,0.762,0.762,1180,283,487
487,4.870,0.0045,0.0028,-2.0715,-0.0027,-0.0014,-9.7249,0.0003,0.0016,0.0007,0.761,0.761,0.761,0.761,1183,284,488
488,4.880,0.0045,0.0028,-2.0715,-0.0056,0.0010,-9.7180,0.0018,0.0024,-0.0005,0.763,0.763,0.763,0.763,1185,284,489
489,4.890,0.0046,0.0028,-2.0762,0.0055,0.0003,-9.7395,0.0013,0.0014,0.0004,0.761,0.761,0.761,0.761,1188,285,490
490,4.900,0.0046,0.0028,-2.0808,0.0019,0.0003,-9.7270,-0.0006,0.0027,-0.0015,0.760,0.760,0.760,0.760,1190,286,491
491,4.910,0.0046,0.0028,-2.0808,-0.0022,-0.0025,-9.7102,0.0016,-0.0000,-0.0007,0.762,0.762,0.762,0.762,1193,286,492
492,4.920,0.0047,0.0028,-2.0853,-0.0015,0.0027,-9.7196,0.0027,0.0011,-0.0003,0.760,0.760,0.760,0.760,1195,287,493
493,4.930,0.0047,0.0028,-2.0853,-0.0021,-0.0005,-9.7135,0.0014,0.0016,-0.0004,0.763,0.763,0.763,0.763,1197,287,494
494,4.940,0.0048,0.0027,-2.0899,0.0008,0.0009,-9.7238,0.0001,0.0009,-0.0006,0.761,0.761,0.761,0.761,1199,288,495
495,4.950,0.0049,0.0027,-2.0944,-0.0026,-0.0001,-9.7232,0.0018,0.0001,-0.0009,0.760,0.760,0.760,0.760,1202,289,496
496,4.960,0.0049,0.0027,-2.0944,0.0032,0.0025,-9.7126,0.0007,0.0001,0.0001,0.762,0.762,0.762,0.762,1204,289,497
497,4.970,0.0049,0.0027,-2.0989,-0.0005,-0.0020,-9.7119,-0.0004,0.0016,0.0007,0.760,0.760,0.760,0.760,1207,290,498
498,4.980,0.0049,0.0027,-2.0989,-0.0016,0.0009,-9.7140,0.0014,0.0006,0.0011,0.762,0.762,0.762,0.762,1209,290,499
499,4.990,0.0050,0.0027,-2.1033,0.0022,-0.0008,-9.7253,0.0011,0.0002,-0.0000,0.761,0.761,0.761,0.761,1212,291,500
500,5.000,0.0051,0.0027,-2.1077,-0.0016,0.0039,-9.7268,-0.0013,0.0020,-0.0011,0.759,0.759,0.759,0.759,1214,292,501
501,5.010,0.0051,0.0027,-2.1077,0.0028,-0.0007,-9.7093,0.0006,0.0006,0.0014,0.762,0.762,0.762,0.762,1216,292,502
502,5.020,0.0052,0.0027,-2.1121,0.0006,0.0023,-9.7109,0.0001,0.0004,-0.0014,0.760,0.760,0.760,0.760,1219,293,503
503,5.030,0.0052,0.0027,-2.1121,0.0005,0.0015,-9.7087,-0.0003,0.0016,-0.0006,0.762,0.762,0.762,0.762,1221,293,504
504,5.040,0.0052,0.0027,-2.1165,0.0007,0.0035,-9.7166,0.0006,0.0012,-0.0007,0.761,0.761,0.761,0.761,1223,294,505
505,5.050,0.0053,0.0026,-2.1208,0.0042,0.0020,-9.7198,0.0018,0.0005,-0.0007,0.759,0.759,0.759,0.759,1226,295,506
506,5.060,0.0053,0.0026,-2.1208,-0.0004,0.0014,-9.7060,0.0007,0.0020,-0.0005,0.762,0.762,0.762,0.762,1228,295,507
507,5.070,0.0054,0.0026,-2.1250,0.0040,0.0001,-9.7124,0.0001,-0.0002,-0.0005,0.760,0.760,0.760,0.760,1231,296,508
508,5.080,0.0054,0.0026,-2.1250,-0.0021,0.0016,-9.7100,0.0007,0.0005,0.0005,0.762,0.762,0.762,0.762,1233,296,509
509,5.090,0.0054,0.0026,-2.1293,-0.0017,0.0012,-9.7161,0.0008,0.0015,0.0005,0.761,0.761,0.761,0.761,1235,297,510
510,5.100,0.0055,0.0025,-2.1335,0.0019,0.0005,-9.7163,-0.0000,0.0020,0.0007,0.759,0.759,0.759,0.759,1238,298,511
511,5.110,0.0055,0.0025,-2.1335,0.0026,0.0018,-9.7051,0.0005,0.0006,0.0004,0.762,0.762,0.762,0.762,1240,298,512
512,5.120,0.0056,0.0025,-2.1376,-0.0020,-0.0022,-9.7119,0.0011,0.0018,-0.0010,0.760,0.760,0.760,0.760,1242,299,513
513,5.130,0.0056,0.0025,-2.1376,-0.0004,0.0001,-9.7033,0.0007,0.0031,0.0011,0.762,0.762,0.762,0.762,1245,299,514
514,5.140,0.0056,0.0025,-2.1418,-0.0028,-0.0000,-9.7183,0.0017,0.0011,0.0001,0.761,0.761,0.761,0.761,1247,300,515
515,5.150,0.0056,0.0025,-2.1418,-0.0049,-0.0009,-9.7191,0.0007,0.0008,0.0001,0.763,0.763,0.763,0.763,1249,300,516
516,5.160,0.0057,0.0024,-2.1459,-0.0002,-0.0015,-9.7305,0.0024,0.0005,0.0020,0.761,0.761,0.761,0.761,1251,301,517
517,5.170,0.0057,0.0024,-2.1459,-0.0013,0.0012,-9.7351,0.0003,0.0012,0.0013,0.763,0.763,0.763,0.763,1253,301,518
518,5.180,0.0058,0.0024,-2.1499,-0.0003,0.0019,-9.7489,0.0003,0.0016,-0.0005,0.762,0.762,0.762,0.762,1256,302,519
519,5.190,0.0058,0.0023,-2.1540,-0.0012,-0.0015,-9.7490,0.0013,0.0002,0.0013,0.761,0.761,0.761,0.761,1258,303,520
520,5.200,0.0058,0.0023,-2.1540,-0.0045,0.0010,-9.7348,0.0015,0.0018,0.0017,0.763,0.763,0.763,0.763,1260,303,521
521,5.210,0.0059,0.0022,-2.1580,-0.0008,-0.0035,-9.7370,0.0004,0.0009,0.0000,0.761,0.761,0.761,0.761,1263,304,522
522,5.220,0.0059,0.0022,-2.1580,-0.0027,-0.0000,-9.7340,0.0002,0.0006,-0.0009,0.763,0.763,0.763,0.763,1265,304,523
523,5.230,0.0060,0.0022,-2.1620,0.0027,0.0010,-9.7534,0.0014,0.0018,-0.0003,0.762,0.762,0.762,0.762,1268,305,524
524,5.240,0.0060,0.0021,-2.1660,-0.0016,0.0001,-9.7427,0.0006,0.0021,0.0000,0.760,0.760,0.760,0.760,1270,306,525
525,5.250,0.0060,0.0021,-2.1660,0.0009,0.0008,-9.7335,0.0023,0.0016,-0.0003,0.762,0.762,0.762,0.762,1272,306,526
526,5.260,0.0061,0.0021,-2.1699,0.0005,-0.0022,-9.7352,0.0005,0.0017,-0.0000,0.761,0.761,0.761,0.761,1275,307,527
527,5.270,0.0061,0.0021,-2.1699,-0.0016,-0.0004,-9.7290,-0.0005,0.0008,0.0008,0.763,0.763,0.763,0.763,1277,307,528
528,5.280,0.0061,0.0020,-2.1738,0.0010,0.0057,-9.7367,0.0019,0.0017,0.0006,0.762,0.762,0.762,0.762,1279,308,529
529,5.290,0.0062,0.0019,-2.1777,0.0053,-0.0007,-9.7374,0.0017,0.0007,-0.0016,0.760,0.760,0.760,0.760,1282,309,530
530,5.300,0.0062,0.0019,-2.1777,0.0025,-0.0034,-9.7265,0.0015,0.0005,0.0007,0.762,0.762,0.762,0.762,1284,309,531
531,5.310,0.0062,0.0018,-2.1816,-0.0016,0.0035,-9.7268,0.0018,0.0009,-0.0013,0.761,0.761,0.761,0.761,1286,310,532
532,5.320,0.0062,0.0018,-2.1816,0.0007,-0.0033,-9.7254,0.0015,0.0008,-0.0006,0.763,0.763,0.763,0.763,1288,310,533
533,5.330,0.0063,0.0017,-2.1854,0.0047,0.0013,-9.7387,0.0007,-0.0001,-0.0012,0.761,0.761,0.761,0.761,1291,311,534
534,5.340,0.0063,0.0017,-2.1854,0.0002,-0.0025,-9.7361,0.0019,0.0004,-0.0011,0.763,0.763,0.763,0.763,1293,311,535
535,5.350,0.0063,0.0016,-2.1892,0.0010,-0.0049,-9.7426,0.0006,0.0015,0.0004,0.762,0.762,0.762,0.762,1295,312,536
536,5.360,0.0064,0.0015,-2.1930,-0.0026,0.0020,-9.7439,0.0015,0.0020,0.0006,0.761,0.761,0.761,0.761,1298,313,537
537,5.370,0.0064,0.0015,-2.1930,-0.0029,0.0003,-9.7246,0.0015,0.0008,0.0006,0.762,0.762,0.762,0.762,1300,313,538
538,5.380,0.0064,0.0014,-2.1968,0.0007,-0.0006,-9.7303,0.0000,0.0013,0.0000,0.761,0.761,0.761,0.761,1302,314,539
539,5.390,0.0064,0.0014,-2.1968,0.0037,0.0006,-9.7287,0.0013,0.0018,0.0008,0.763,0.763,0.763,0.763,1305,314,540
540,5.400,0.0065,0.0013,-2.2005,0.0012,0.0010,-9.7433,0.0012,0.0012,0.0001,0.762,0.762,0.762,0.762,1307,315,541
541,5.410,0.0065,0.0012,-2.2043,0.0023,-0.0006,-9.7381,0.0025,0.0009,0.0008,0.760,0.760,0.760,0.760,1310,316,542
542,5.420,0.0065,0.0012,-2.2043,0.0010,-0.0013,-9.7261,-0.0007,0.0015,0.0005,0.762,0.762,0.762,0.762,1312,316,543
543,5.430,0.0065,0.0011,-2.2079,0.0009,-0.0002,-9.7285,-0.0005,0.0017,-0.0006,0.761,0.761,0.761,0.761,1315,317,544
544,5.440,0.0065,0.0011,-2.2079,0.0014,-0.0003,-9.7222,0.0015,0.0013,-0.0004,0.763,0.763,0.763,0.763,1317,317,545
545,5.450,0.0066,0.0010,-2.2116,0.0051,0.0001,-9.7338,-0.0001,0.0014,0.0006,0.761,0.761,0.761,0.761,1319,318,546
546,5.460,0.0066,0.0009,-2.2152,0.0034,-0.0002,-9.7362,0.0030,0.0023,-0.0000,0.760,0.760,0.760,0.760,1322,319,547
547,5.470,0.0066,0.0009,-2.2152,0.0008,0.0006,-9.7195,0.0018,-0.0008,0.0004,0.762,0.762,0.762,0.762,1324,319,548
548,5.480,0.0066,0.0007,-2.2188,0.0008,-0.0007,-9.7275,0.0016,0.0018,0.0012,0.761,0.761,0.761,0.761,1326,320,549
549,5.490,0.0066,0.0007,-2.2188,-0.0016,-0.0036,-9.7173,0.0030,0.0009,0.0001,0.762,0.762,0.762,0.762,1329,320,550
550,5.500,0.0067,0.0006,-2.2224,-0.0022,-0.0011,-9.7330,0.0004,0.0004,0.0001,0.761,0.761,0.761,0.761,1331,321,551
551,5.510,0.0067,0.0006,-2.2224,0.0045,0.0031,-9.7277,0.0001,0.0003,-0.0013,0.763,0.763,0.763,0.763,1333,321,552
552,5.520,0.0067,0.0004,-2.2259,-0.0003,-0.0018,-9.7368,0.0016,0.0015,0.0008,0.762,0.762,0.762,0.762,1335,322,553
553,5.530,0.0067,0.0003,-2.2295,0.0055,-0.0022,-9.7414,0.0010,0.0021,-0.0001,0.761,0.761,0.761,0.761,1338,323,554
554,5.540,0.0067,0.0003,-2.2295,-0.0015,-0.0019,-9.7289,0.0036,0.0024,0.0010,0.762,0.762,0.762,0.762,1340,323,555
555,5.550,0.0067,0.0001,-2.2329,-0.0008,0.0020,-9.7327,0.0009,0.0007,-0.0001,0.761,0.761,0.761,0.761,1342,324,556
556,5.560,0.0067,0.0001,-2.2329,0.0033,0.0001,-9.7272,0.0018,0.0009,0.0018,0.763,0.763,0.763,0.763,1345,324,557
557,5.570,0.0067,-0.0000,-2.2364,0.0016,0.0013,-9.7370,0.0014,0.0014,-0.0011,0.761,0.761,0.761,0.761,1347,325,558
558,5.580,0.0067,-0.0000,-2.2364,-0.0006,-0.0002,-9.7385,0.0002,-0.0005,0.0023,0.763,0.763,0.763,0.763,1349,325,559
559,5.590,0.0068,-0.0002,-2.2398,0.0021,-0.0008,-9.7461,0.0020,0.0012,-0.0023,0.762,0.762,0.762,0.762,1352,326,560
560,5.600,0.0068,-0.0003,-2.2433,0.0019,-0.0019,-9.7512,0.0016,0.0012,-0.0006,0.761,0.761,0.761,0.761,1354,327,561
561,5.610,0.0068,-0.0003,-2.2433,-0.0021,0.0012,-9.7366,0.0010,0.0005,-0.0013,0.762,0.762,0.762,0.762,1356,327,562
562,5.620,0.0068,-0.0005,-2.2466,0.0013,0.0037,-9.7325,0.0025,0.0003,0.0000,0.761,0.761,0.761,0.761,1358,328,563
563,5.630,0.0068,-0.0005,-2.2466,0.0016,0.0035,-9.7322,0.0037,0.0013,-0.0018,0.763,0.763,0.763,0.763,1361,328,564
564,5.640,0.0068,-0.0007,-2.2500,0.0017,-0.0009,-9.7417,0.0028,0.0020,-0.0014,0.762,0.762,0.762,0.762,1363,329,565
565,5.650,0.0068,-0.0007,-2.2500,0.0039,-0.0001,-9.7423,0.0020,-0.0006,-0.0011,0.763,0.763,0.763,0.763,1365,329,566
566,5.660,0.0068,-0.0009,-2.2533,0.0006,-0.0021,-9.7451,0.0030,0.0002,-0.0010,0.762,0.762,0.762,0.762,1367,330,567
567,5.670,0.0068,-0.0009,-2.2533,0.0055,-0.0011,-9.7501,0.0020,0.0033,0.0015,0.763,0.763,0.763,0.763,1369,330,568
568,5.680,0.0068,-0.0011,-2.2567,-0.0023,-0.0022,-9.7572,0.0014,0.0003,-0.0004,0.762,0.762,0.762,0.762,1372,331,569
569,5.690,0.0067,-0.0013,-2.2600,0.0016,-0.0007,-9.7546,0.0010,0.0004,0.0024,0.761,0.761,0.761,0.761,1374,332,570
570,5.700,0.0067,-0.0013,-2.2600,-0.0016,-0.0001,-9.7399,0.0014,0.0010,0.0007,0.763,0.763,0.763,0.763,1377,332,571
571,5.710,0.0067,-0.0015,-2.2632,0.0044,-0.0030,-9.7473,0.0021,0.0002,0.0010,0.761,0.761,0.761,0.761,1379,333,572
572,5.720,0.0067,-0.0015,-2.2632,0.0006,0.0011,-9.7366,0.0014,0.0003,-0.0002,0.763,0.763,0.763,0.763,1381,333,573
573,5.730,0.0067,-0.0017,-2.2665,0.0030,-0.0003,-9.7447,0.0008,0.0001,-0.0001,0.762,0.762,0.762,0.762,1383,334,574
574,5.740,0.0067,-0.0019,-2.2697,0.0047,-0.0021,-9.7450,0.0017,-0.0002,-0.0008,0.761,0.761,0.761,0.761,1386,335,575
575,5.750,0.0067,-0.0019,-2.2697,0.0017,0.0031,-9.7282,0.0011,-0.0004,-0.0006,0.762,0.762,0.762,0.762,1388,335,576
576,5.760,0.0067,-0.0021,-2.2729,-0.0020,0.0009,-9.7345,0.0020,-0.0009,0.0001,0.761,0.761,0.761,0.761,1390,336,577
577,5.770,0.0067,-0.0021,-2.2729,0.0028,-0.0005,-9.7268,0.0022,-0.0004,-0.0018,0.763,0.763,0.763,0.763,1393,336,578
578,5.780,0.0066,-0.0023,-2.2761,0.0025,0.0016,-9.7384,0.0025,0.0022,-0.0010,0.761,0.761,0.761,0.761,1395,337,579
579,5.790,0.0066,-0.0023,-2.2761,-0.0011,0.0037,-9.7376,0.0016,-0.0000,0.0014,0.763,0.763,0.763,0.763,1397,337,580
580,5.800,0.0066,-0.0026,-2.2793,0.0007,-0.0014,-9.7394,0.0032,0.0012,0.0022,0.762,0.762,0.762,0.762,1399,338,581
581,5.810,0.0065,-0.0028,-2.2824,0.0020,0.0002,-9.7432,0.0032,0.0012,0.0002,0.761,0.761,0.761,0.761,1402,339,582
582,5.820,0.0065,-0.0028,-2.2824,-0.0013,-0.0004,-9.7293,0.0031,0.0005,-0.0011,0.762,0.762,0.762,0.762,1404,339,583
583,5.830,0.0065,-0.0030,-2.2855,-0.0001,-0.0028,-9.7305,0.0027,-0.0000,-0.0008,0.761,0.761,0.761,0.761,1406,340,584
584,5.840,0.0065,-0.0030,-2.2855,-0.0014,-0.0004,-9.7258,0.0021,0.0005,-0.0002,0.763,0.763,0.763,0.763,1408,340,585
585,5.850,0.0064,-0.0033,-2.2886,-0.0009,0.0013,-9.7352,0.0025,-0.0000,0.0009,0.761,0.761,0.761,0.761,1410,341,586
586,5.860,0.0064,-0.0033,-2.2886,0.0040,0.0038,-9.7298,0.0008,-0.0013,0.0007,0.763,0.763,0.763,0.763,1413,341,587
587,5.870,0.0064,-0.0036,-2.2916,-0.0018,-0.0024,-9.7394,0.0019,-0.0009,0.0007,0.762,0.762,0.762,0.762,1415,342,588
588,5.880,0.0064,-0.0036,-2.2916,-0.0023,0.0002,-9.7403,0.0033,0.0003,0.0010,0.763,0.763,0.763,0.763,1417,342,589
589,5.890,0.0063,-0.0038,-2.2947,0.0009,-0.0010,-9.7474,0.0019,0.0002,-0.0000,0.762,0.762,0.762,0.762,1419,343,590
590,5.900,0.0063,-0.0038,-2.2947,-0.0017,0.0018,-9.7496,0.0011,0.0008,-0.0005,0.763,0.763,0.763,0.763,1421,343,591
591,5.910,0.0062,-0.0041,-2.2977,0.0041,0.0004,-9.7558,0.0011,-0.0010,0.0005,0.762,0.762,0.762,0.762,1424,344,592
592,5.920,0.0062,-0.0043,-2.3006,0.0008,0.0035,-9.7535,0.0019,-0.0003,0.0008,0.761,0.761,0.761,0.761,1426,345,593
593,5.930,0.0062,-0.0043,-2.3006,-0.0009,-0.0025,-9.7495,0.0037,0.0003,-0.0011,0.762,0.762,0.762,0.762,1428,345,594
594,5.940,0.0061,-0.0046,-2.3036,0.0016,0.0005,-9.7402,0.0013,-0.0014,0.0013,0.761,0.761,0.761,0.761,1430,346,595
595,5.950,0.0061,-0.0046,-2.3036,-0.0003,-0.0005,-9.7328,0.0007,-0.0003,0.0005,0.763,0.763,0.763,0.763,1433,346,596
596,5.960,0.0060,-0.0049,-2.3065,0.0016,0.0001,-9.7411,0.0010,-0.0017,-0.0015,0.762,0.762,0.762,0.762,1435,347,597
597,5.970,0.0060,-0.0049,-2.3065,0.0000,-0.0005,-9.7419,0.0015,-0.0003,-0.0013,0.763,0.763,0.763,0.763,1437,347,598
598,5.980,0.0059,-0.0052,-2.3095,-0.0031,0.0027,-9.7460,0.0008,-0.0015,0.0021,0.762,0.762,0.762,0.762,1439,348,599
599,5.990,0.0058,-0.0055,-2.3124,0.0045,0.0022,-9.7457,0.0014,-0.0012,-0.0012,0.761,0.761,0.761,0.761,1442,349,600
600,6.000,0.0058,-0.0055,-2.3124,-0.0014,-0.0017,-9.7301,0.0010,-0.0017,0.0003,0.762,0.762,0.762,0.762,1444,349,601
601,6.010,0.0057,-0.0058,-2.3152,0.0016,-0.0029,-9.7308,0.0021,-0.0013,-0.0013,0.761,0.761,0.761,0.761,1446,350,602
602,6.020,0.0057,-0.0058,-2.3152,0.0002,-0.0006,-9.7264,0.0025,-0.0005,-0.0002,0.762,0.762,0.762,0.762,1449,350,603
603,6.030,0.0056,-0.0061,-2.3181,0.0043,-0.0054,-9.7310,0.0019,-0.0018,-0.0018,0.761,0.761,0.761,0.761,1451,351,604
604,6.040,0.0056,-0.0061,-2.3181,0.0017,0.0022,-9.7360,0.0029,-0.0009,-0.0013,0.763,0.763,0.763,0.763,1453,351,605
605,6.050,0.0054,-0.0064,-2.3209,0.0048,0.0032,-9.7395,0.0012,-0.0017,-0.0004,0.762,0.762,0.762,0.762,1455,352,606
606,6.060,0.0053,-0.0067,-2.3237,0.0020,0.0017,-9.7377,0.0031,-0.0015,-0.0002,0.761,0.761,0.761,0.761,1458,353,607
607,6.070,0.0053,-0.0067,-2.3237,0.0018,-0.0017,-9.7234,0.0016,-0.0020,-0.0001,0.762,0.762,0.762,0.762,1460,353,608
608,6.080,0.0052,-0.0070,-2.3264,-0.0007,0.0009,-9.7331,0.0017,-0.0012,-0.0004,0.761,0.761,0.761,0.761,1463,354,609
609,6.090,0.0052,-0.0070,-2.3264,0.0045,-0.0017,-9.7258,0.0033,-0.0011,-0.0002,0.762,0.762,0.762,0.762,1465,354,610
610,6.100,0.0050,-0.0073,-2.3292,0.0002,-0.0024,-9.7266,0.0004,-0.0009,-0.0001,0.761,0.761,0.761,0.761,1467,355,611
611,6.110,0.0050,-0.0073,-2.3292,0.0041,-0.0032,-9.7296,0.0029,-0.0013,-0.0005,0.762,0.762,0.762,0.762,1469,355,612
612,6.120,0.0049,-0.0077,-2.3319,0.0020,0.0030,-9.7356,0.0001,-0.0016,0.0006,0.761,0.761,0.761,0.761,1472,356,613
613,6.130,0.0047,-0.0080,-2.3346,0.0024,0.0002,-9.7346,0.0021,-0.0010,0.0013,0.760,0.760,0.760,0.760,1474,357,614
614,6.140,0.0047,-0.0080,-2.3346,-0.0001,-0.0006,-9.7179,0.0023,-0.0006,0.0005,0.762,0.762,0.762,0.762,1477,357,615
615,6.150,0.0045,-0.0083,-2.3372,0.0029,-0.0051,-9.7194,0.0009,-0.0030,-0.0013,0.761,0.761,0.761,0.761,1479,358,616
616,6.160,0.0044,-0.0087,-2.3398,0.0029,-0.0025,-9.7164,0.0018,-0.0028,-0.0009,0.760,0.760,0.760,0.760,1482,359,617
617,6.170,0.0044,-0.0087,-2.3398,0.0002,-0.0036,-9.7063,0.0013,-0.0027,0.0014,0.761,0.761,0.761,0.761,1484,359,618
618,6.180,0.0042,-0.0090,-2.3424,0.0041,-0.0034,-9.7070,0.0025,-0.0011,-0.0006,0.760,0.760,0.760,0.760,1487,360,619
619,6.190,0.0042,-0.0090,-2.3424,0.0013,-0.0011,-9.7035,0.0042,-0.0018,-0.0003,0.761,0.761,0.761,0.761,1489,360,620
620,6.200,0.0040,-0.0094,-2.3449,0.0022,0.0007,-9.7099,0.0039,-0.0025,-0.0008,0.761,0.761,0.761,0.761,1491,361,621
621,6.210,0.0040,-0.0094,-2.3449,0.0031,-0.0019,-9.7064,0.0025,-0.0025,0.0000,0.762,0.762,0.762,0.762,1493,361,622
622,6.220,0.0038,-0.0097,-2.3475,0.0035,0.0024,-9.7146,0.0035,-0.0009,-0.0001,0.761,0.761,0.761,0.761,1496,362,623
623,6.230,0.0036,-0.0101,-2.3499,0.0029,-0.0015,-9.7152,0.0023,-0.0046,-0.0001,0.760,0.760,0.760,0.760,1498,363,624
624,6.240,0.0036,-0.0101,-2.3499,0.0032,0.0004,-9.7082,0.0008,-0.0024,-0.0013,0.761,0.761,0.761,0.761,1500,363,625
625,6.250,0.0034,-0.0104,-2.3524,-0.0028,-0.0012,-9.7118,0.0034,-0.0015,0.0008,0.760,0.760,0.760,0.760,1503,364,626
626,6.260,0.0034,-0.0104,-2.3524,0.0014,-0.0017,-9.7022,0.0016,-0.0023,-0.0002,0.762,0.762,0.762,0.762,1505,364,627
627,6.270,0.0031,-0.0108,-2.3548,0.0036,-0.0004,-9.7150,0.0013,-0.0037,-0.0013,0.761,0.761,0.761,0.761,1508,365,628
628,6.280,0.0029,-0.0112,-2.3571,0.0020,-0.0022,-9.7110,0.0031,-0.0024,-0.0001,0.760,0.760,0.760,0.760,1510,366,629
629,6.290,0.0029,-0.0112,-2.3571,0.0037,-0.0008,-9.7030,0.0026,-0.0023,0.0009,0.761,0.761,0.761,0.761,1513,366,630
630,6.300,0.0026,-0.0115,-2.3595,0.0014,-0.0022,-9.7036,0.0026,-0.0051,-0.0005,0.760,0.760,0.760,0.760,1515,367,631
631,6.310,0.0026,-0.0115,-2.3595,0.0013,-0.0007,-9.7010,0.0043,-0.0032,0.0004,0.761,0.761,0.761,0.761,1517,367,632
632,6.320,0.0024,-0.0119,-2.3617,0.0027,-0.0011,-9.7093,0.0028,-0.0029,0.0022,0.761,0.761,0.761,0.761,1519,368,633
633,6.330,0.0024,-0.0119,-2.3617,0.0023,-0.0014,-9.7073,0.0015,-0.0038,-0.0005,0.762,0.762,0.762,0.762,1521,368,634
634,6.340,0.0021,-0.0123,-2.3640,0.0036,-0.0011,-9.7206,0.0023,-0.0037,-0.0012,0.761,0.761,0.761,0.761,1524,369,635
635,6.350,0.0019,-0.0126,-2.3662,0.0019,-0.0060,-9.7191,0.0015,-0.0025,0.0005,0.760,0.760,0.760,0.760,1526,370,636
636,6.360,0.0019,-0.0126,-2.3662,0.0027,-0.0052,-9.7055,0.0021,-0.0027,0.0001,0.761,0.761,0.761,0.761,1529,370,637
637,6.370,0.0016,-0.0130,-2.3684,0.0011,-0.0038,-9.7100,0.0026,-0.0035,-0.0016,0.761,0.761,0.761,0.761,1531,371,638
638,6.380,0.0013,-0.0134,-2.3705,0.0055,-0.0017,-9.7099,0.0014,-0.0038,-0.0008,0.760,0.760,0.760,0.760,1534,372,639
639,6.390,0.0013,-0.0134,-2.3705,0.0026,-0.0038,-9.7026,0.0040,-0.0040,0.0003,0.761,0.761,0.761,0.761,1536,372,640
640,6.400,0.0010,-0.0138,-2.3727,0.0024,-0.0058,-9.7020,0.0009,-0.0057,-0.0003,0.760,0.760,0.760,0.760,1538,373,641
641,6.410,0.0010,-0.0138,-2.3727,0.0013,-0.0008,-9.7027,-0.0001,-0.0041,0.0003,0.761,0.761,0.761,0.761,1540,373,642
642,6.420,0.0007,-0.0142,-2.3747,-0.0022,-0.0020,-9.7060,0.0008,-0.0053,0.0004,0.761,0.761,0.761,0.761,1542,374,643
643,6.430,0.0007,-0.0142,-2.3747,-0.0015,-0.0034,-9.7083,0.0017,-0.0036,-0.0002,0.762,0.762,0.762,0.762,1545,374,644
644,6.440,0.0003,-0.0145,-2.3768,0.0048,-0.0010,-9.7200,0.0029,-0.0059,0.0003,0.761,0.761,0.761,0.761,1547,375,645
645,6.450,0.0003,-0.0145,-2.3768,0.0024,-0.0017,-9.7151,0.0010,-0.0033,-0.0011,0.762,0.762,0.762,0.762,1549,375,646
646,6.460,0.0000,-0.0149,-2.3788,0.0030,0.0004,-9.7226,0.0013,-0.0034,-0.0010,0.761,0.761,0.761,0.761,1551,376,647
647,6.470,0.0000,-0.0149,-2.3788,-0.0000,0.0011,-9.7239,0.0007,-0.0045,0.0001,0.762,0.762,0.762,0.762,1553,376,648
648,6.480,-0.0003,-0.0153,-2.3807,0.0027,-0.0032,-9.7340,0.0037,-0.0051,-0.0001,0.762,0.762,0.762,0.762,1556,377,649
649,6.490,-0.0007,-0.0157,-2.3827,0.0017,-0.0010,-9.7373,-0.0005,-0.0029,0.0014,0.761,0.761,0.761,0.761,1558,378,650
650,6.500,-0.0007,-0.0157,-2.3827,0.0061,-0.0027,-9.7295,0.0033,-0.0047,0.0018,0.762,0.762,0.762,0.762,1560,378,651
651,6.510,-0.0011,-0.0161,-2.3846,0.0031,-0.0009,-9.7319,0.0017,-0.0053,0.0008,0.761,0.761,0.761,0.761,1563,379,652
652,6.520,-0.0011,-0.0161,-2.3846,-0.0002,0.0006,-9.7284,0.0029,-0.0044,0.0008,0.762,0.762,0.762,0.762,1565,379,653
653,6.530,-0.0014,-0.0164,-2.3865,0.0007,-0.0024,-9.7352,0.0009,-0.0046,0.0012,0.762,0.762,0.762,0.762,1567,380,654
654,6.540,-0.0014,-0.0164,-2.3865,0.0023,0.0013,-9.7308,0.0025,-0.0049,0.0004,0.763,0.763,0.763,0.763,1569,380,655
655,6.550,-0.0018,-0.0168,-2.3883,-0.0005,-0.0006,-9.7396,0.0005,-0.0061,0.0014,0.762,0.762,0.762,0.762,1572,381,656
656,6.560,-0.0022,-0.0172,-2.3902,0.0006,-0.0045,-9.7373,0.0008,-0.0058,-0.0010,0.761,0.761,0.761,0.761,1574,382,657
657,6.570,-0.0022,-0.0172,-2.3902,0.0030,-0.0041,-9.7327,0.0030,-0.0057,0.0005,0.762,0.762,0.762,0.762,1577,382,658
658,6.580,-0.0026,-0.0176,-2.3920,0.0023,0.0027,-9.7330,0.0001,-0.0044,0.0015,0.762,0.762,0.762,0.762,1579,383,659
659,6.590,-0.0030,-0.0179,-2.3937,0.0049,0.0006,-9.7327,0.0013,-0.0066,-0.0001,0.761,0.761,0.761,0.761,1582,384,660
660,6.600,-0.0030,-0.0179,-2.3937,0.0033,-0.0052,-9.7295,0.0016,-0.0046,0.0007,0.762,0.762,0.762,0.762,1584,384,661
661,6.610,-0.0035,-0.0183,-2.3955,0.0041,-0.0040,-9.7217,0.0011,-0.0049,0.0012,0.761,0.761,0.761,0.761,1586,385,662
662,6.620,-0.0035,-0.0183,-2.3955,0.0021,-0.0029,-9.7263,0.0009,-0.0062,0.0008,0.762,0.762,0.762,0.762,1588,385,663
663,6.630,-0.0039,-0.0187,-2.3972,0.0058,-0.0033,-9.7277,0.0007,-0.0070,-0.0001,0.762,0.762,0.762,0.762,1590,386,664
664,6.640,-0.0039,-0.0187,-2.3972,0.0005,-0.0025,-9.7283,0.0021,-0.0056,-0.0009,0.762,0.762,0.762,0.762,1593,386,665
665,6.650,-0.0044,-0.0190,-2.3989,0.0019,-0.0084,-9.7356,0.0016,-0.0049,-0.0013,0.762,0.762,0.762,0.762,1595,387,666
666,6.660,-0.0044,-0.0190,-2.3989,0.0046,-0.0053,-9.7372,-0.0000,-0.0074,-0.0012,0.763,0.763,0.763,0.763,1597,387,667
667,6.670,-0.0048,-0.0194,-2.4006,0.0020,-0.0038,-9.7472,-0.0001,-0.0062,-0.0011,0.762,0.762,0.762,0.762,1600,388,668
668,6.680,-0.0053,-0.0197,-2.4022,0.0027,-0.0058,-9.7456,0.0001,-0.0065,-0.0011,0.762,0.762,0.762,0.762,1602,389,669
669,6.690,-0.0053,-0.0197,-2.4022,-0.0001,-0.0060,-9.7392,0.0027,-0.0065,0.0013,0.762,0.762,0.762,0.762,1604,389,670
670,6.700,-0.0058,-0.0201,-2.4039,-0.0007,-0.0011,-9.7387,0.0010,-0.0063,0.0010,0.762,0.762,0.762,0.762,1606,390,671
671,6.710,-0.0058,-0.0201,-2.4039,0.0007,-0.0062,-9.7362,0.0006,-0.0073,0.0015,0.763,0.763,0.763,0.763,1609,390,672
672,6.720,-0.0063,-0.0204,-2.4055,0.0006,-0.0031,-9.7445,-0.0006,-0.0074,-0.0009,0.762,0.762,0.762,0.762,1611,391,673
673,6.730,-0.0063,-0.0204,-2.4055,0.0021,-0.0019,-9.7457,0.0016,-0.0066,-0.0007,0.763,0.763,0.763,0.763,1613,391,674
674,6.740,-0.0068,-0.0208,-2.4070,0.0025,-0.0043,-9.7456,0.0010,-0.0071,0.0004,0.762,0.762,0.762,0.762,1615,392,675
675,6.750,-0.0073,-0.0211,-2.4086,0.0023,-0.0005,-9.7426,0.0004,-0.0071,0.0005,0.762,0.762,0.762,0.762,1618,393,676
676,6.760,-0.0073,-0.0211,-2.4086,0.0017,-0.0017,-9.7393,0.0018,-0.0084,0.0001,0.762,0.762,0.762,0.762,1620,393,677
677,6.770,-0.0079,-0.0214,-2.4101,0.0048,-0.0038,-9.7442,0.0013,-0.0068,0.0007,0.762,0.762,0.762,0.762,1622,394,678
678,6.780,-0.0079,-0.0214,-2.4101,0.0037,-0.0040,-9.7382,0.0010,-0.0062,0.0013,0.763,0.763,0.763,0.763,1624,394,679
679,6.790,-0.0084,-0.0217,-2.4116,0.0024,-0.0014,-9.7460,0.0002,-0.0059,0.0011,0.762,0.762,0.762,0.762,1627,395,680
680,6.800,-0.0084,-0.0217,-2.4116,0.0011,-0.0034,-9.7465,0.0008,-0.0082,0.0012,0.763,0.763,0.763,0.763,1629,395,681
681,6.810,-0.0090,-0.0220,-2.4131,0.0023,-0.0023,-9.7500,-0.0008,-0.0075,0.0014,0.762,0.762,0.762,0.762,1631,396,682
682,6.820,-0.0090,-0.0220,-2.4131,0.0027,-0.0044,-9.7490,-0.0012,-0.0085,-0.0007,0.763,0.763,0.763,0.763,1633,396,683
683,6.830,-0.0095,-0.0223,-2.4146,0.0036,-0.0031,-9.7508,0.0004,-0.0086,-0.0002,0.762,0.762,0.762,0.762,1636,397,684
684,6.840,-0.0101,-0.0226,-2.4160,0.0023,-0.0032,-9.7530,0.0000,-0.0050,0.0005,0.762,0.762,0.762,0.762,1638,398,685
685,6.850,-0.0101,-0.0226,-2.4160,0.0036,-0.0069,-9.7490,-0.0006,-0.0064,-0.0007,0.763,0.763,0.763,0.763,1640,398,686
686,6.860,-0.0107,-0.0229,-2.4174,0.0024,-0.0019,-9.7439,0.0012,-0.0090,-0.0004,0.762,0.762,0.762,0.762,1642,399,687
687,6.870,-0.0107,-0.0229,-2.4174,0.0011,-0.0019,-9.7422,-0.0006,-0.0088,0.0003,0.763,0.763,0.763,0.763,1645,399,688
688,6.880,-0.0113,-0.0232,-2.4188,0.0007,-0.0026,-9.7481,0.0005,-0.0080,-0.0003,0.762,0.762,0.762,0.762,1647,400,689
689,6.890,-0.0113,-0.0232,-2.4188,0.0041,-0.0045,-9.7492,0.0001,-0.0111,-0.0011,0.763,0.763,0.763,0.763,1649,400,690
690,6.900,-0.0120,-0.0234,-2.4202,0.0017,-0.0032,-9.7501,-0.0007,-0.0084,-0.0000,0.762,0.762,0.762,0.762,1651,401,691
691,6.910,-0.0120,-0.0234,-2.4202,0.0035,-0.0016,-9.7525,0.0010,-0.0082,0.0011,0.763,0.763,0.763,0.763,1653,401,692
692,6.920,-0.0126,-0.0237,-2.4216,0.0009,-0.0067,-9.7540,-0.0001,-0.0083,-0.0004,0.763,0.763,0.763,0.763,1656,402,693
693,6.930,-0.0132,-0.0239,-2.4229,-0.0048,-0.0028,-9.7537,-0.0005,-0.0086,-0.0009,0.762,0.762,0.762,0.762,1658,403,694
694,6.940,-0.0132,-0.0239,-2.4229,0.0027,-0.0037,-9.7490,-0.0039,-0.0099,0.0017,0.763,0.763,0.763,0.763,1661,403,695
695,6.950,-0.0139,-0.0241,-2.4242,-0.0007,-0.0048,-9.7500,-0.0011,-0.0084,-0.0003,0.762,0.762,0.762,0.762,1663,404,696
696,6.960,-0.0139,-0.0241,-2.4242,-0.0032,-0.0062,-9.7486,-0.0006,-0.0104,0.0006,0.763,0.763,0.763,0.763,1665,404,697
697,6.970,-0.0145,-0.0243,-2.4255,-0.0032,-0.0035,-9.7528,0.0019,-0.0075,-0.0002,0.762,0.762,0.762,0.762,1668,405,698
698,6.980,-0.0152,-0.0245,-2.4268,0.0047,-0.0043,-9.7443,-0.0018,-0.0093,-0.0002,0.762,0.762,0.762,0.762,1670,406,699
699,6.990,-0.0152,-0.0245,-2.4268,0.0003,-0.0047,-9.7436,-0.0017,-0.0099,0.0013,0.762,0.762,0.762,0.762,1672,406,700
700,7.000,-0.0159,-0.0247,-2.4281,0.0007,-0.0032,-9.7466,-0.0013,-0.0099,-0.0005,0.762,0.762,0.762,0.762,1675,407,701
701,7.010,-0.0159,-0.0247,-2.4281,0.0006,-0.0064,-9.7418,-0.0018,-0.0091,-0.0003,0.763,0.763,0.763,0.763,1677,407,702
702,7.020,-0.0166,-0.0249,-2.4293,0.0008,-0.0067,-9.7426,-0.0019,-0.0099,0.0008,0.762,0.762,0.762,0.762,1680,408,703
703,7.030,-0.0173,-0.0250,-2.4305,0.0012,-0.0021,-9.7414,-0.0018,-0.0088,0.0003,0.762,0.762,0.762,0.762,1682,409,704
704,7.040,-0.0173,-0.0250,-2.4305,0.0011,-0.0033,-9.7391,-0.0019,-0.0099,0.0010,0.762,0.762,0.762,0.762,1684,409,705
705,7.050,-0.0180,-0.0251,-2.4317,-0.0008,-0.0024,-9.7366,-0.0002,-0.0110,-0.0003,0.762,0.762,0.762,0.762,1686,410,706
706,7.060,-0.0180,-0.0251,-2.4317,0.0028,-0.0079,-9.7407,-0.0015,-0.0111,0.0003,0.762,0.762,0.762,0.762,1688,410,707
707,7.070,-0.0188,-0.0252,-2.4329,-0.0043,-0.0004,-9.7401,-0.0037,-0.0099,0.0013,0.762,0.762,0.762,0.762,1691,411,708
708,7.080,-0.0188,-0.0252,-2.4329,-0.0007,-0.0041,-9.7421,-0.0009,-0.0093,0.0007,0.763,0.763,0.763,0.763,1693,411,709
709,7.090,-0.0195,-0.0253,-2.4340,-0.0039,-0.0058,-9.7405,-0.0030,-0.0099,0.0001,0.762,0.762,0.762,0.762,1696,412,710
710,7.100,-0.0203,-0.0254,-2.4351,0.0005,-0.0081,-9.7432,-0.0028,-0.0096,0.0006,0.762,0.762,0.762,0.762,1698,413,711
711,7.110,-0.0203,-0.0254,-2.4351,0.0003,-0.0065,-9.7329,-0.0036,-0.0095,0.0012,0.762,0.762,0.762,0.762,1701,413,712
712,7.120,-0.0210,-0.0255,-2.4362,0.0016,-0.0058,-9.7376,-0.0021,-0.0114,0.0002,0.762,0.762,0.762,0.762,1703,414,713
713,7.130,-0.0218,-0.0255,-2.4373,-0.0013,-0.0034,-9.7367,-0.0043,-0.0091,-0.0003,0.762,0.762,0.762,0.762,1706,415,714
714,7.140,-0.0218,-0.0255,-2.4373,-0.0024,-0.0029,-9.7300,-0.0037,-0.0097,-0.0002,0.762,0.762,0.762,0.762,1708,415,715
715,7.150,-0.0226,-0.0255,-2.4384,0.0000,-0.0093,-9.7295,-0.0032,-0.0105,-0.0007,0.762,0.762,0.762,0.762,1711,416,716
716,7.160,-0.0226,-0.0255,-2.4384,-0.0006,-0.0059,-9.7266,-0.0034,-0.0113,-0.0002,0.762,0.762,0.762,0.762,1713,416,717
717,7.170,-0.0234,-0.0255,-2.4394,-0.0009,-0.0004,-9.7357,-0.0026,-0.0103,0.0002,0.762,0.762,0.762,0.762,1715,417,718
718,7.180,-0.0234,-0.0255,-2.4394,-0.0013,-0.0045,-9.7334,-0.0045,-0.0104,0.0005,0.762,0.762,0.762,0.762,1717,417,719
719,7.190,-0.0242,-0.0255,-2.4404,-0.0024,0.0010,-9.7389,-0.0007,-0.0102,0.0003,0.762,0.762,0.762,0.762,1719,418,720
720,7.200,-0.0250,-0.0254,-2.4413,0.0012,-0.0095,-9.7354,-0.0044,-0.0101,0.0001,0.762,0.762,0.762,0.762,1722,419,721
721,7.210,-0.0250,-0.0254,-2.4413,0.0023,-0.0064,-9.7350,-0.0026,-0.0108,0.0003,0.762,0.762,0.762,0.762,1724,419,722
722,7.220,-0.0258,-0.0253,-2.4423,-0.0017,-0.0057,-9.7332,-0.0039,-0.0107,-0.0014,0.762,0.762,0.762,0.762,1726,420,723
723,7.230,-0.0258,-0.0253,-2.4423,-0.0038,-0.0054,-9.7332,-0.0025,-0.0116,-0.0006,0.762,0.762,0.762,0.762,1729,420,724
724,7.240,-0.0267,-0.0252,-2.4432,0.0008,-0.0094,-9.7359,-0.0042,-0.0090,-0.0001,0.762,0.762,0.762,0.762,1731,421,725
725,7.250,-0.0267,-0.0252,-2.4432,0.0013,-0.0042,-9.7387,-0.0062,-0.0109,0.0004,0.762,0.762,0.762,0.762,1733,421,726
726,7.260,-0.0275,-0.0251,-2.4441,0.0024,-0.0074,-9.7434,-0.0041,-0.0109,0.0010,0.762,0.762,0.762,0.762,1736,422,727
727,7.270,-0.0283,-0.0250,-2.4449,0.0023,-0.0038,-9.7400,-0.0049,-0.0116,0.0002,0.762,0.762,0.762,0.762,1738,423,728
728,7.280,-0.0283,-0.0250,-2.4449,-0.0007,-0.0046,-9.7396,-0.0051,-0.0100,0.0018,0.762,0.762,0.762,0.762,1740,423,729
729,7.290,-0.0292,-0.0248,-2.4458,-0.0038,-0.0021,-9.7354,-0.0037,-0.0100,-0.0002,0.762,0.762,0.762,0.762,1742,424,730
730,7.300,-0.0292,-0.0248,-2.4458,0.0022,-0.0063,-9.7363,-0.0065,-0.0107,-0.0004,0.762,0.762,0.762,0.762,1744,424,731
731,7.310,-0.0301,-0.0246,-2.4466,-0.0011,-0.0089,-9.7413,-0.0047,-0.0099,-0.0001,0.762,0.762,0.762,0.762,1747,425,732
732,7.320,-0.0301,-0.0246,-2.4466,-0.0040,-0.0071,-9.7368,-0.0060,-0.0109,0.0009,0.762,0.762,0.762,0.762,1749,425,733
733,7.330,-0.0309,-0.0243,-2.4474,-0.0017,-0.0073,-9.7383,-0.0039,-0.0118,-0.0014,0.762,0.762,0.762,0.762,1751,426,734
734,7.340,-0.0309,-0.0243,-2.4474,0.0015,-0.0055,-9.7439,-0.0053,-0.0104,-0.0000,0.763,0.763,0.763,0.763,1753,426,735
735,7.350,-0.0318,-0.0241,-2.4481,-0.0010,-0.0039,-9.7467,-0.0040,-0.0109,-0.0004,0.762,0.762,0.762,0.762,1756,427,736
736,7.360,-0.0327,-0.0238,-2.4489,-0.0001,-0.0062,-9.7467,-0.0060,-0.0115,-0.0013,0.762,0.762,0.762,0.762,1758,428,737
737,7.370,-0.0327,-0.0238,-2.4489,0.0005,-0.0083,-9.7433,-0.0061,-0.0113,0.0002,0.762,0.762,0.762,0.762,1760,428,738
738,7.380,-0.0336,-0.0234,-2.4496,-0.0040,-0.0058,-9.7424,-0.0060,-0.0093,-0.0009,0.762,0.762,0.762,0.762,1762,429,739
739,7.390,-0.0336,-0.0234,-2.4496,-0.0033,-0.0048,-9.7427,-0.0060,-0.0102,-0.0008,0.763,0.763,0.763,0.763,1764,429,740
740,7.400,-0.0345,-0.0231,-2.4503,0.0004,-0.0047,-9.7413,-0.0073,-0.0119,0.0015,0.762,0.762,0.762,0.762,1766,430,741
741,7.410,-0.0345,-0.0231,-2.4503,-0.0056,-0.0042,-9.7417,-0.0072,-0.0113,-0.0001,0.763,0.763,0.763,0.763,1768,430,742
742,7.420,-0.0354,-0.0227,-2.4509,-0.0007,-0.0033,-9.7483,-0.0076,-0.0121,-0.0018,0.762,0.762,0.762,0.762,1771,431,743
743,7.430,-0.0354,-0.0227,-2.4509,-0.0022,-0.0040,-9.7496,-0.0079,-0.0112,0.0008,0.763,0.763,0.763,0.763,1773,431,744
744,7.440,-0.0363,-0.0223,-2.4516,-0.0024,-0.0086,-9.7471,-0.0073,-0.0118,0.0006,0.762,0.762,0.762,0.762,1776,432,745
745,7.450,-0.0372,-0.0218,-2.4522,-0.0022,-0.0076,-9.7530,-0.0088,-0.0117,-0.0010,0.762,0.762,0.762,0.762,1778,433,746
746,7.460,-0.0372,-0.0218,-2.4522,-0.0042,-0.0072,-9.7479,-0.0066,-0.0116,0.0005,0.763,0.763,0.763,0.763,1780,433,747
747,7.470,-0.0381,-0.0213,-2.4528,-0.0057,-0.0040,-9.7453,-0.0062,-0.0109,-0.0002,0.762,0.762,0.762,0.762,1783,434,748
748,7.480,-0.0381,-0.0213,-2.4528,0.0011,-0.0044,-9.7428,-0.0088,-0.0113,-0.0004,0.763,0.763,0.763,0.763,1785,434,749
749,7.490,-0.0390,-0.0208,-2.4534,-0.0017,-0.0040,-9.7473,-0.0081,-0.0106,-0.0002,0.762,0.762,0.762,0.762,1788,435,750
750,7.500,-0.0399,-0.0202,-2.4540,-0.0022,-0.0066,-9.7457,-0.0103,-0.0099,0.0007,0.762,0.762,0.762,0.762,1790,436,751
751,7.510,-0.0399,-0.0202,-2.4540,-0.0050,-0.0053,-9.7449,-0.0073,-0.0113,0.0002,0.762,0.762,0.762,0.762,1792,436,752
752,7.520,-0.0408,-0.0196,-2.4545,-0.0065,-0.0069,-9.7447,-0.0102,-0.0107,0.0004,0.762,0.762,0.762,0.762,1795,437,753
753,7.530,-0.0408,-0.0196,-2.4545,-0.0033,-0.0055,-9.7451,-0.0099,-0.0104,-0.0019,0.763,0.763,0.763,0.763,1797,437,754
754,7.540,-0.0417,-0.0189,-2.4550,-0.0057,-0.0035,-9.7529,-0.0102,-0.0113,0.0009,0.762,0.762,0.762,0.762,1799,438,755
755,7.550,-0.0426,-0.0183,-2.4555,-0.0044,-0.0046,-9.7477,-0.0105,-0.0100,-0.0012,0.762,0.762,0.762,0.762,1802,439,756
756,7.560,-0.0426,-0.0183,-2.4555,-0.0032,-0.0068,-9.7467,-0.0082,-0.0105,0.0009,0.762,0.762,0.762,0.762,1804,439,757
757,7.570,-0.0435,-0.0175,-2.4560,-0.0004,-0.0047,-9.7453,-0.0104,-0.0118,0.0015,0.762,0.762,0.762,0.762,1806,440,758
758,7.580,-0.0435,-0.0175,-2.4560,-0.0005,-0.0058,-9.7464,-0.0092,-0.0123,-0.0015,0.763,0.763,0.763,0.763,1809,440,759
759,7.590,-0.0444,-0.0168,-2.4565,-0.0034,-0.0043,-9.7449,-0.0094,-0.0109,-0.0000,0.762,0.762,0.762,0.762,1811,441,760
760,7.600,-0.0444,-0.0168,-2.4565,-0.0026,-0.0038,-9.7468,-0.0106,-0.0095,0.0000,0.763,0.763,0.763,0.763,1813,441,761
761,7.610,-0.0454,-0.0160,-2.4569,-0.0021,-0.0053,-9.7491,-0.0104,-0.0087,-0.0013,0.762,0.762,0.762,0.762,1815,442,762
762,7.620,-0.0463,-0.0151,-2.4573,0.0001,-0.0076,-9.7452,-0.0100,-0.0103,-0.0004,0.762,0.762,0.762,0.762,1818,443,763
763,7.630,-0.0463,-0.0151,-2.4573,-0.0047,-0.0039,-9.7462,-0.0114,-0.0115,-0.0009,0.763,0.763,0.763,0.763,1820,443,764
764,7.640,-0.0472,-0.0142,-2.4577,-0.0069,-0.0062,-9.7468,-0.0092,-0.0112,0.0004,0.762,0.762,0.762,0.762,1822,444,765
765,7.650,-0.0472,-0.0142,-2.4577,-0.0092,-0.0061,-9.7449,-0.0107,-0.0097,0.0011,0.763,0.763,0.763,0.763,1825,444,766
766,7.660,-0.0481,-0.0133,-2.4581,-0.0051,-0.0051,-9.7519,-0.0116,-0.0101,-0.0015,0.762,0.762,0.762,0.762,1827,445,767
767,7.670,-0.0481,-0.0133,-2.4581,-0.0065,-0.0025,-9.7460,-0.0122,-0.0117,0.0002,0.763,0.763,0.763,0.763,1829,445,768
768,7.680,-0.0489,-0.0123,-2.4584,-0.0047,-0.0037,-9.7511,-0.0119,-0.0092,0.0001,0.763,0.763,0.763,0.763,1832,446,769
769,7.690,-0.0498,-0.0113,-2.4587,-0.0062,-0.0057,-9.7494,-0.0116,-0.0101,-0.0008,0.762,0.762,0.762,0.762,1834,447,770
770,7.700,-0.0498,-0.0113,-2.4587,-0.0094,-0.0018,-9.7485,-0.0126,-0.0093,0.0004,0.763,0.763,0.763,0.763,1836,447,771
771,7.710,-0.0507,-0.0103,-2.4590,-0.0081,-0.0085,-9.7486,-0.0111,-0.0092,-0.0002,0.763,0.763,0.763,0.763,1839,448,772
772,7.720,-0.0507,-0.0103,-2.4590,-0.0096,-0.0051,-9.7492,-0.0124,-0.0080,-0.0005,0.763,0.763,0.763,0.763,1841,448,773
773,7.730,-0.0516,-0.0091,-2.4593,-0.0045,-0.0075,-9.7502,-0.0125,-0.0114,0.0017,0.763,0.763,0.763,0.763,1843,449,774
774,7.740,-0.0524,-0.0080,-2.4596,-0.0080,-0.0060,-9.7502,-0.0135,-0.0101,0.0001,0.762,0.762,0.762,0.762,1846,450,775
775,7.750,-0.0524,-0.0080,-2.4596,-0.0057,-0.0038,-9.7482,-0.0138,-0.0104,0.0000,0.763,0.763,0.763,0.763,1848,450,776
776,7.760,-0.0533,-0.0068,-2.4598,-0.0103,-0.0059,-9.7532,-0.0125,-0.0096,-0.0007,0.763,0.763,0.763,0.763,1850,451,777
777,7.770,-0.0533,-0.0068,-2.4598,-0.0074,-0.0033,-9.7472,-0.0153,-0.0098,-0.0009,0.763,0.763,0.763,0.763,1853,451,778
778,7.780,-0.0541,-0.0055,-2.4600,-0.0077,-0.0019,-9.7525,-0.0144,-0.0086,-0.0016,0.763,0.763,0.763,0.763,1855,452,779
779,7.790,-0.0541,-0.0055,-2.4600,-0.0053,-0.0032,-9.7483,-0.0138,-0.0092,0.0004,0.763,0.763,0.763,0.763,1857,452,780
780,7.800,-0.0549,-0.0042,-2.4602,-0.0105,-0.0033,-9.7498,-0.0140,-0.0095,0.0011,0.763,0.763,0.763,0.763,1859,453,781
781,7.810,-0.0557,-0.0029,-2.4604,-0.0097,-0.0042,-9.7526,-0.0131,-0.0075,-0.0006,0.763,0.763,0.763,0.763,1862,454,782
782,7.820,-0.0557,-0.0029,-2.4604,-0.0086,-0.0024,-9.7525,-0.0146,-0.0092,-0.0010,0.763,0.763,0.763,0.763,1864,454,783
783,7.830,-0.0565,-0.0015,-2.4606,-0.0062,-0.0027,-9.7510,-0.0153,-0.0076,0.0009,0.763,0.763,0.763,0.763,1866,455,784
784,7.840,-0.0565,-0.0015,-2.4606,-0.0089,-0.0064,-9.7527,-0.0168,-0.0063,-0.0014,0.763,0.763,0.763,0.763,1869,455,785
785,7.850,-0.0573,-0.0000,-2.4607,-0.0076,-0.0057,-9.7506,-0.0153,-0.0078,0.0009,0.763,0.763,0.763,0.763,1871,456,786
786,7.860,-0.0573,-0.0000,-2.4607,-0.0099,-0.0068,-9.7529,-0.0159,-0.0070,0.0004,0.763,0.763,0.763,0.763,1873,456,787
787,7.870,-0.0581,0.0015,-2.4608,-0.0097,-0.0059,-9.7535,-0.0150,-0.0067,0.0010,0.763,0.763,0.763,0.763,1876,457,788
788,7.880,-0.0588,0.0030,-2.4609,-0.0113,-0.0057,-9.7529,-0.0169,-0.0075,-0.0002,0.763,0.763,0.763,0.763,1878,458,789
789,7.890,-0.0588,0.0030,-2.4609,-0.0105,-0.0035,-9.7563,-0.0171,-0.0081,0.0002,0.763,0.763,0.763,0.763,1880,458,790
790,7.900,-0.0595,0.0046,-2.4610,-0.0064,-0.0086,-9.7546,-0.0155,-0.0072,0.0011,0.763,0.763,0.763,0.763,1883,459,791
791,7.910,-0.0595,0.0046,-2.4610,-0.0095,-0.0037,-9.7531,-0.0169,-0.0059,-0.0001,0.763,0.763,0.763,0.763,1885,459,792
792,7.920,-0.0603,0.0063,-2.4611,-0.0100,-0.0053,-9.7555,-0.0180,-0.0072,0.0008,0.763,0.763,0.763,0.763,1887,460,793
793,7.930,-0.0603,0.0063,-2.4611,-0.0099,-0.0022,-9.7536,-0.0170,-0.0059,0.0002,0.763,0.763,0.763,0.763,1889,460,794
794,7.940,-0.0609,0.0080,-2.4611,-0.0134,0.0002,-9.7521,-0.0181,-0.0057,0.0012,0.763,0.763,0.763,0.763,1892,461,795
795,7.950,-0.0616,0.0097,-2.4612,-0.0108,-0.0029,-9.7483,-0.0173,-0.0050,0.0003,0.763,0.763,0.763,0.763,1894,462,796
796,7.960,-0.0616,0.0097,-2.4612,-0.0099,-0.0043,-9.7549,-0.0190,-0.0055,0.0002,0.763,0.763,0.763,0.763,1897,462,797
797,7.970,-0.0622,0.0116,-2.4612,-0.0060,-0.0023,-9.7553,-0.0185,-0.0052,-0.0003,0.763,0.763,0.763,0.763,1899,463,798
798,7.980,-0.0622,0.0116,-2.4612,-0.0116,-0.0001,-9.7560,-0.0205,-0.0058,-0.0007,0.763,0.763,0.763,0.763,1901,463,799
799,7.990,-0.0628,0.0134,-2.4611,-0.0125,-0.0032,-9.7542,-0.0183,-0.0048,0.0015,0.763,0.763,0.763,0.763,1903,464,800
800,8.000,-0.0634,0.0153,-2.4611,-0.0122,-0.0029,-9.7580,-0.0176,-0.0041,0.0013,0.763,0.763,0.763,0.763,1906,465,801
801,8.010,-0.0634,0.0153,-2.4611,-0.0092,-0.0059,-9.7529,-0.0213,-0.0053,-0.0015,0.763,0.763,0.763,0.763,1908,465,802
802,8.020,-0.0640,0.0173,-2.4611,-0.0152,-0.0041,-9.7568,-0.0217,-0.0044,-0.0013,0.763,0.763,0.763,0.763,1910,466,803
803,8.030,-0.0640,0.0173,-2.4611,-0.0120,-0.0048,-9.7570,-0.0195,-0.0027,-0.0000,0.763,0.763,0.763,0.763,1913,466,804
804,8.040,-0.0645,0.0193,-2.4610,-0.0125,-0.0007,-9.7553,-0.0202,-0.0049,-0.0004,0.763,0.763,0.763,0.763,1915,467,805
805,8.050,-0.0645,0.0193,-2.4610,-0.0132,-0.0008,-9.7565,-0.0219,-0.0041,-0.0000,0.763,0.763,0.763,0.763,1917,467,806
806,8.060,-0.0650,0.0214,-2.4609,-0.0149,0.0023,-9.7564,-0.0215,-0.0050,0.0010,0.763,0.763,0.763,0.763,1920,468,807
807,8.070,-0.0654,0.0236,-2.4608,-0.0120,-0.0008,-9.7591,-0.0203,-0.0026,0.0012,0.763,0.763,0.763,0.763,1922,469,808
808,8.080,-0.0654,0.0236,-2.4608,-0.0116,-0.0038,-9.7568,-0.0218,-0.0011,-0.0015,0.763,0.763,0.763,0.763,1924,469,809
809,8.090,-0.0658,0.0258,-2.4607,-0.0115,-0.0051,-9.7587,-0.0200,-0.0027,-0.0005,0.763,0.763,0.763,0.763,1926,470,810
810,8.100,-0.0658,0.0258,-2.4607,-0.0130,-0.0071,-9.7575,-0.0214,-0.0021,-0.0006,0.763,0.763,0.763,0.763,1929,470,811
811,8.110,-0.0662,0.0280,-2.4605,-0.0124,-0.0012,-9.7593,-0.0242,-0.0007,-0.0005,0.763,0.763,0.763,0.763,1931,471,812
812,8.120,-0.0666,0.0303,-2.4604,-0.0156,0.0029,-9.7533,-0.0229,-0.0012,0.0004,0.763,0.763,0.763,0.763,1934,472,813
813,8.130,-0.0666,0.0303,-2.4604,-0.0172,-0.0016,-9.7590,-0.0226,-0.0004,0.0001,0.763,0.763,0.763,0.763,1936,472,814
814,8.140,-0.0669,0.0327,-2.4602,-0.0143,-0.0037,-9.7585,-0.0208,0.0005,0.0008,0.763,0.763,0.763,0.763,1938,473,815
815,8.150,-0.0669,0.0327,-2.4602,-0.0136,-0.0001,-9.7610,-0.0234,0.0002,0.0010,0.763,0.763,0.763,0.763,1940,473,816
816,8.160,-0.0671,0.0351,-2.4600,-0.0128,0.0001,-9.7576,-0.0236,0.0014,0.0015,0.763,0.763,0.763,0.763,1943,474,817
817,8.170,-0.0671,0.0351,-2.4600,-0.0143,-0.0001,-9.7554,-0.0236,0.0003,-0.0022,0.763,0.763,0.763,0.763,1945,474,818
818,8.180,-0.0674,0.0375,-2.4598,-0.0158,-0.0026,-9.7561,-0.0240,0.0009,0.0013,0.763,0.763,0.763,0.763,1947,475,819
819,8.190,-0.0675,0.0401,-2.4596,-0.0159,-0.0048,-9.7602,-0.0252,0.0012,0.0006,0.763,0.763,0.763,0.763,1950,476,820
820,8.200,-0.0675,0.0401,-2.4596,-0.0140,0.0013,-9.7614,-0.0240,0.0026,0.0004,0.763,0.763,0.763,0.763,1952,476,821
821,8.210,-0.0677,0.0426,-2.4593,-0.0172,-0.0010,-9.7604,-0.0245,0.0028,0.0001,0.763,0.763,0.763,0.763,1955,477,822
822,8.220,-0.0677,0.0426,-2.4593,-0.0169,-0.0017,-9.7618,-0.0251,0.0026,-0.0009,0.763,0.763,0.763,0.763,1957,477,823
823,8.230,-0.0678,0.0453,-2.4591,-0.0173,-0.0010,-9.7572,-0.0264,0.0037,0.0005,0.763,0.763,0.763,0.763,1959,478,824
824,8.240,-0.0678,0.0480,-2.4588,-0.0188,0.0010,-9.7582,-0.0251,0.0040,0.0004,0.763,0.763,0.763,0.763,1962,479,825
825,8.250,-0.0678,0.0480,-2.4588,-0.0188,0.0033,-9.7600,-0.0252,0.0043,0.0003,0.763,0.763,0.763,0.763,1964,479,826
826,8.260,-0.0678,0.0507,-2.4585,-0.0147,0.0052,-9.7615,-0.0250,0.0031,-0.0002,0.763,0.763,0.763,0.763,1966,480,827
827,8.270,-0.0678,0.0507,-2.4585,-0.0177,-0.0005,-9.7598,-0.0268,0.0051,0.0001,0.763,0.763,0.763,0.763,1968,480,828
828,8.280,-0.0677,0.0535,-2.4582,-0.0190,0.0015,-9.7623,-0.0260,0.0047,-0.0010,0.763,0.763,0.763,0.763,1971,481,829
829,8.290,-0.0677,0.0535,-2.4582,-0.0200,-0.0006,-9.7603,-0.0240,0.0056,-0.0009,0.763,0.763,0.763,0.763,1973,481,830
830,8.300,-0.0676,0.0563,-2.4579,-0.0133,-0.0001,-9.7613,-0.0253,0.0082,-0.0019,0.763,0.763,0.763,0.763,1975,482,831
831,8.310,-0.0674,0.0592,-2.4575,-0.0171,-0.0016,-9.7655,-0.0254,0.0067,-0.0003,0.763,0.763,0.763,0.763,1978,483,832
832,8.320,-0.0674,0.0592,-2.4575,-0.0177,0.0016,-9.7612,-0.0267,0.0068,0.0012,0.763,0.763,0.763,0.763,1980,483,833
833,8.330,-0.0671,0.0621,-2.4572,-0.0216,0.0007,-9.7595,-0.0282,0.0070,-0.0005,0.763,0.763,0.763,0.763,1983,484,834
834,8.340,-0.0671,0.0621,-2.4572,-0.0177,-0.0008,-9.7637,-0.0288,0.0088,0.0001,0.763,0.763,0.763,0.763,1985,484,835
835,8.350,-0.0668,0.0651,-2.4568,-0.0162,0.0009,-9.7608,-0.0269,0.0088,-0.0001,0.763,0.763,0.763,0.763,1987,485,836
836,8.360,-0.0664,0.0682,-2.4564,-0.0160,0.0062,-9.7609,-0.0273,0.0108,0.0005,0.763,0.763,0.763,0.763,1990,486,837
837,8.370,-0.0664,0.0682,-2.4564,-0.0191,0.0019,-9.7655,-0.0277,0.0108,0.0002,0.763,0.763,0.763,0.763,1992,486,838
838,8.380,-0.0660,0.0713,-2.4560,-0.0151,0.0007,-9.7643,-0.0288,0.0109,-0.0003,0.763,0.763,0.763,0.763,1994,487,839
839,8.390,-0.0660,0.0713,-2.4560,-0.0181,0.0024,-9.7638,-0.0288,0.0122,-0.0005,0.763,0.763,0.763,0.763,1997,487,840
840,8.400,-0.0655,0.0744,-2.4556,-0.0164,0.0056,-9.7618,-0.0276,0.0113,-0.0005,0.763,0.763,0.763,0.763,1999,488,841
841,8.410,-0.0655,0.0744,-2.4556,-0.0203,0.0024,-9.7654,-0.0286,0.0129,0.0001,0.763,0.763,0.763,0.763,2001,488,842
842,8.420,-0.0649,0.0776,-2.4552,-0.0198,0.0049,-9.7644,-0.0302,0.0118,0.0005,0.763,0.763,0.763,0.763,2004,489,843
843,8.430,-0.0643,0.0808,-2.4547,-0.0177,0.0039,-9.7605,-0.0298,0.0148,-0.0006,0.763,0.763,0.763,0.763,2006,490,844
844,8.440,-0.0643,0.0808,-2.4547,-0.0227,0.0051,-9.7648,-0.0283,0.0125,0.0004,0.763,0.763,0.763,0.763,2008,490,845
845,8.450,-0.0635,0.0841,-2.4543,-0.0194,0.0024,-9.7646,-0.0297,0.0164,-0.0001,0.763,0.763,0.763,0.763,2010,491,846
846,8.460,-0.0635,0.0841,-2.4543,-0.0205,0.0104,-9.7621,-0.0286,0.0150,0.0016,0.763,0.763,0.763,0.763,2013,491,847
847,8.470,-0.0627,0.0874,-2.4538,-0.0219,0.0053,-9.7636,-0.0300,0.0149,0.0005,0.763,0.763,0.763,0.763,2015,492,848
848,8.480,-0.0619,0.0908,-2.4533,-0.0215,0.0085,-9.7659,-0.0284,0.0179,0.0006,0.763,0.763,0.763,0.763,2018,493,849
849,8.490,-0.0619,0.0908,-2.4533,-0.0204,0.0047,-9.7683,-0.0305,0.0180,0.0001,0.763,0.763,0.763,0.763,2020,493,850
850,8.500,-0.0609,0.0942,-2.4528,-0.0206,0.0070,-9.7669,-0.0303,0.0173,-0.0009,0.763,0.763,0.763,0.763,2022,494,851
851,8.510,-0.0609,0.0942,-2.4528,-0.0221,0.0070,-9.7642,-0.0299,0.0173,-0.0004,0.763,0.763,0.763,0.763,2024,494,852
852,8.520,-0.0599,0.0976,-2.4523,-0.0235,0.0039,-9.7663,-0.0304,0.0199,0.0012,0.763,0.763,0.763,0.763,2027,495,853
853,8.530,-0.0599,0.0976,-2.4523,-0.0196,0.0054,-9.7647,-0.0306,0.0190,0.0001,0.763,0.763,0.763,0.763,2029,495,854
854,8.540,-0.0587,0.1011,-2.4517,-0.0222,0.0041,-9.7612,-0.0301,0.0187,0.0013,0.763,0.763,0.763,0.763,2032,496,855
855,8.550,-0.0575,0.1046,-2.4512,-0.0259,0.0027,-9.7641,-0.0321,0.0196,0.0009,0.763,0.763,0.763,0.763,2034,497,856
856,8.560,-0.0575,0.1046,-2.4512,-0.0237,0.0089,-9.7690,-0.0299,0.0226,0.0011,0.763,0.763,0.763,0.763,2036,497,857
857,8.570,-0.0562,0.1082,-2.4506,-0.0204,0.0104,-9.7674,-0.0301,0.0219,-0.0006,0.763,0.763,0.763,0.763,2038,498,858
858,8.580,-0.0562,0.1082,-2.4506,-0.0142,0.0102,-9.7692,-0.0296,0.0243,-0.0002,0.763,0.763,0.763,0.763,2040,498,859
859,8.590,-0.0548,0.1117,-2.4500,-0.0256,0.0108,-9.7692,-0.0308,0.0243,0.0007,0.763,0.763,0.763,0.763,2043,499,860
860,8.600,-0.0548,0.1117,-2.4500,-0.0247,0.0113,-9.7651,-0.0299,0.0246,0.0002,0.763,0.763,0.763,0.763,2045,499,861
861,8.610,-0.0534,0.1154,-2.4494,-0.0221,0.0093,-9.7666,-0.0305,0.0252,-0.0009,0.763,0.763,0.763,0.763,2047,500,862
862,8.620,-0.0518,0.1190,-2.4488,-0.0231,0.0091,-9.7644,-0.0309,0.0245,-0.0005,0.763,0.763,0.763,0.763,2050,501,863
863,8.630,-0.0518,0.1190,-2.4488,-0.0245,0.0095,-9.7647,-0.0308,0.0258,0.0007,0.763,0.763,0.763,0.763,2052,501,864
864,8.640,-0.0501,0.1227,-2.4482,-0.0186,0.0132,-9.7675,-0.0314,0.0269,0.0012,0.763,0.763,0.763,0.763,2054,502,865
865,8.650,-0.0501,0.1227,-2.4482,-0.0196,0.0114,-9.7671,-0.0301,0.0276,-0.0017,0.763,0.763,0.763,0.763,2057,502,866
866,8.660,-0.0483,0.1264,-2.4475,-0.0244,0.0121,-9.7699,-0.0304,0.0302,-0.0001,0.763,0.763,0.763,0.763,2059,503,867
867,8.670,-0.0483,0.1264,-2.4475,-0.0212,0.0144,-9.7681,-0.0312,0.0289,0.0006,0.763,0.763,0.763,0.763,2061,503,868
868,8.680,-0.0465,0.1301,-2.4469,-0.0196,0.0138,-9.7641,-0.0300,0.0296,0.0007,0.763,0.763,0.763,0.763,2064,504,869
869,8.690,-0.0445,0.1338,-2.4462,-0.0198,0.0152,-9.7680,-0.0316,0.0296,0.0001,0.763,0.763,0.763,0.763,2066,505,870
870,8.700,-0.0445,0.1338,-2.4462,-0.0249,0.0113,-9.7708,-0.0300,0.0316,0.0001,0.763,0.763,0.763,0.763,2069,505,871
871,8.710,-0.0424,0.1376,-2.4455,-0.0226,0.0147,-9.7650,-0.0311,0.0316,0.0008,0.763,0.763,0.763,0.763,2071,506,872
872,8.720,-0.0424,0.1376,-2.4455,-0.0205,0.0126,-9.7719,-0.0292,0.0346,0.0002,0.763,0.763,0.763,0.763,2073,506,873
873,8.730,-0.0402,0.1414,-2.4448,-0.0241,0.0116,-9.7689,-0.0303,0.0343,-0.0003,0.763,0.763,0.763,0.763,2075,507,874
874,8.740,-0.0379,0.1451,-2.4441,-0.0233,0.0133,-9.7657,-0.0298,0.0334,-0.0006,0.764,0.764,0.764,0.764,2078,508,875
875,8.750,-0.0379,0.1451,-2.4441,-0.0233,0.0125,-9.7688,-0.0286,0.0343,-0.0008,0.763,0.763,0.763,0.763,2080,508,876
876,8.760,-0.0355,0.1489,-2.4434,-0.0210,0.0200,-9.7713,-0.0302,0.0371,0.0015,0.764,0.764,0.764,0.764,2083,509,877
877,8.770,-0.0355,0.1489,-2.4434,-0.0168,0.0165,-9.7694,-0.0290,0.0366,0.0002,0.763,0.763,0.763,0.763,2085,509,878
878,8.780,-0.0330,0.1527,-2.4427,-0.0202,0.0152,-9.7647,-0.0278,0.0369,0.0007,0.763,0.763,0.763,0.763,2087,510,879
879,8.790,-0.0303,0.1566,-2.4419,-0.0233,0.0125,-9.7721,-0.0287,0.0390,0.0002,0.764,0.764,0.764,0.764,2090,511,880
880,8.800,-0.0303,0.1566,-2.4419,-0.0207,0.0160,-9.7717,-0.0290,0.0394,0.0001,0.763,0.763,0.763,0.763,2092,511,881
881,8.810,-0.0275,0.1604,-2.4411,-0.0225,0.0191,-9.7724,-0.0303,0.0414,0.0015,0.764,0.764,0.764,0.764,2095,512,882
882,8.820,-0.0275,0.1604,-2.4411,-0.0246,0.0155,-9.7726,-0.0296,0.0413,0.0002,0.763,0.763,0.763,0.763,2097,512,883
883,8.830,-0.0247,0.1642,-2.4404,-0.0187,0.0157,-9.7702,-0.0292,0.0421,-0.0003,0.764,0.764,0.764,0.764,2099,513,884
884,8.840,-0.0247,0.1642,-2.4404,-0.0277,0.0187,-9.7740,-0.0283,0.0425,0.0007,0.763,0.763,0.763,0.763,2101,513,885
885,8.850,-0.0217,0.1680,-2.4396,-0.0231,0.0164,-9.7759,-0.0282,0.0441,0.0016,0.763,0.763,0.763,0.763,2104,514,886
886,8.860,-0.0185,0.1718,-2.4388,-0.0216,0.0208,-9.7677,-0.0276,0.0443,-0.0005,0.764,0.764,0.764,0.764,2106,515,887
887,8.870,-0.0185,0.1718,-2.4388,-0.0204,0.0215,-9.7788,-0.0291,0.0462,-0.0008,0.763,0.763,0.763,0.763,2109,515,888
888,8.880,-0.0153,0.1756,-2.4379,-0.0229,0.0232,-9.7705,-0.0286,0.0467,0.0004,0.764,0.764,0.764,0.764,2111,516,889
889,8.890,-0.0153,0.1756,-2.4379,-0.0234,0.0211,-9.7774,-0.0274,0.0466,-0.0000,0.763,0.763,0.763,0.763,2113,516,890
890,8.900,-0.0119,0.1793,-2.4371,-0.0214,0.0243,-9.7712,-0.0272,0.0496,0.0007,0.764,0.764,0.764,0.764,2116,517,891
891,8.910,-0.0084,0.1831,-2.4363,-0.0216,0.0223,-9.7719,-0.0287,0.0489,-0.0011,0.764,0.764,0.764,0.764,2118,518,892
892,8.920,-0.0084,0.1831,-2.4363,-0.0229,0.0225,-9.7784,-0.0269,0.0504,0.0004,0.763,0.763,0.763,0.763,2120,518,893
893,8.930,-0.0047,0.1868,-2.4354,-0.0199,0.0231,-9.7712,-0.0267,0.0515,0.0012,0.764,0.764,0.764,0.764,2123,519,894
894,8.940,-0.0047,0.1868,-2.4354,-0.0196,0.0228,-9.7764,-0.0262,0.0535,-0.0014,0.763,0.763,0.763,0.763,2125,519,895
895,8.950,-0.0009,0.1905,-2.4345,-0.0216,0.0274,-9.7726,-0.0248,0.0519,0.0005,0.764,0.764,0.764,0.764,2128,520,896
896,8.960,0.0030,0.1942,-2.4337,-0.0214,0.0226,-9.7738,-0.0269,0.0543,-0.0006,0.764,0.764,0.764,0.764,2130,521,897
897,8.970,0.0030,0.1942,-2.4337,-0.0177,0.0281,-9.7807,-0.0251,0.0551,0.0006,0.764,0.764,0.764,0.764,2132,521,898
898,8.980,0.0070,0.1979,-2.4328,-0.0213,0.0243,-9.7784,-0.0254,0.0556,-0.0001,0.764,0.764,0.764,0.764,2135,522,899
899,8.990,0.0070,0.1979,-2.4328,-0.0212,0.0231,-9.7766,-0.0244,0.0564,0.0010,0.763,0.763,0.763,0.763,2137,522,900
900,9.000,0.0112,0.2015,-2.4319,-0.0218,0.0240,-9.7796,-0.0246,0.0578,0.0008,0.764,0.764,0.764,0.764,2139,523,901
901,9.010,0.0112,0.2015,-2.4319,-0.0220,0.0260,-9.7766,-0.0230,0.0579,0.0001,0.763,0.763,0.763,0.763,2141,523,902
902,9.020,0.0156,0.2050,-2.4309,-0.0152,0.0283,-9.7761,-0.0231,0.0588,-0.0017,0.764,0.764,0.764,0.764,2144,524,903
903,9.030,0.0200,0.2085,-2.4300,-0.0228,0.0257,-9.7741,-0.0239,0.0594,-0.0003,0.764,0.764,0.764,0.764,2146,525,904
904,9.040,0.0200,0.2085,-2.4300,-0.0174,0.0307,-9.7761,-0.0227,0.0607,-0.0004,0.763,0.763,0.763,0.763,2148,525,905
905,9.050,0.0247,0.2120,-2.4291,-0.0177,0.0303,-9.7764,-0.0226,0.0614,-0.0013,0.764,0.764,0.764,0.764,2151,526,906
906,9.060,0.0247,0.2120,-2.4291,-0.0206,0.0292,-9.7778,-0.0210,0.0629,0.0008,0.763,0.763,0.763,0.763,2153,526,907
907,9.070,0.0294,0.2154,-2.4281,-0.0230,0.0324,-9.7781,-0.0203,0.0647,-0.0001,0.764,0.764,0.764,0.764,2156,527,908
908,9.080,0.0343,0.2188,-2.4272,-0.0186,0.0342,-9.7753,-0.0199,0.0654,-0.0001,0.764,0.764,0.764,0.764,2158,528,909
909,9.090,0.0343,0.2188,-2.4272,-0.0206,0.0324,-9.7826,-0.0196,0.0654,-0.0006,0.764,0.764,0.764,0.764,2160,528,910
910,9.100,0.0394,0.2221,-2.4262,-0.0159,0.0319,-9.7797,-0.0203,0.0664,-0.0005,0.764,0.764,0.764,0.764,2163,529,911
911,9.110,0.0394,0.2221,-2.4262,-0.0165,0.0310,-9.7832,-0.0201,0.0660,-0.0003,0.763,0.763,0.763,0.763,2165,529,912
912,9.120,0.0446,0.2253,-2.4252,-0.0142,0.0285,-9.7825,-0.0189,0.0687,-0.0015,0.764,0.764,0.764,0.764,2167,530,913
913,9.130,0.0500,0.2284,-2.4242,-0.0157,0.0348,-9.7839,-0.0177,0.0685,-0.0009,0.764,0.764,0.764,0.764,2170,531,914
914,9.140,0.0500,0.2284,-2.4242,-0.0195,0.0359,-9.7839,-0.0173,0.0718,0.0022,0.764,0.764,0.764,0.764,2172,531,915
915,9.150,0.0555,0.2315,-2.4232,-0.0200,0.0341,-9.7842,-0.0159,0.0714,-0.0007,0.764,0.764,0.764,0.764,2174,532,916
916,9.160,0.0555,0.2315,-2.4232,-0.0185,0.0334,-9.7836,-0.0170,0.0719,0.0007,0.764,0.764,0.764,0.764,2176,532,917
917,9.170,0.0611,0.2344,-2.4222,-0.0143,0.0332,-9.7805,-0.0145,0.0728,0.0010,0.764,0.764,0.764,0.764,2179,533,918
918,9.180,0.0611,0.2344,-2.4222,-0.0173,0.0380,-9.7831,-0.0152,0.0754,0.0011,0.763,0.763,0.763,0.763,2181,533,919
919,9.190,0.0670,0.2373,-2.4211,-0.0174,0.0347,-9.7805,-0.0139,0.0751,-0.0002,0.764,0.764,0.764,0.764,2183,534,920
920,9.200,0.0729,0.2401,-2.4201,-0.0152,0.0355,-9.7791,-0.0125,0.0762,0.0008,0.764,0.764,0.764,0.764,2186,535,921
921,9.210,0.0729,0.2401,-2.4201,-0.0131,0.0384,-9.7827,-0.0125,0.0757,0.0009,0.764,0.764,0.764,0.764,2188,535,922
922,9.220,0.0791,0.2428,-2.4190,-0.0127,0.0370,-9.7838,-0.0121,0.0776,0.0003,0.764,0.764,0.764,0.764,2191,536,923
923,9.230,0.0791,0.2428,-2.4190,-0.0133,0.0397,-9.7828,-0.0112,0.0796,-0.0010,0.763,0.763,0.763,0.763,2193,536,924
924,9.240,0.0853,0.2454,-2.4180,-0.0147,0.0367,-9.7830,-0.0106,0.0803,0.0005,0.764,0.764,0.764,0.764,2195,537,925
925,9.250,0.0853,0.2454,-2.4180,-0.0160,0.0431,-9.7811,-0.0094,0.0805,0.0001,0.763,0.763,0.763,0.763,2197,537,926
926,9.260,0.0918,0.2478,-2.4169,-0.0131,0.0391,-9.7777,-0.0077,0.0831,0.0006,0.764,0.764,0.764,0.764,2200,538,927
927,9.270,0.0984,0.2502,-2.4158,-0.0157,0.0372,-9.7805,-0.0071,0.0840,-0.0016,0.764,0.764,0.764,0.764,2202,539,928
928,9.280,0.0984,0.2502,-2.4158,-0.0123,0.0432,-9.7800,-0.0065,0.0831,0.0006,0.764,0.764,0.764,0.764,2204,539,929
929,9.290,0.1051,0.2524,-2.4147,-0.0123,0.0416,-9.7816,-0.0033,0.0834,0.0002,0.764,0.764,0.764,0.764,2207,540,930
930,9.300,0.1051,0.2524,-2.4147,-0.0094,0.0409,-9.7817,-0.0060,0.0863,0.0005,0.764,0.764,0.764,0.764,2209,540,931
931,9.310,0.1120,0.2545,-2.4136,-0.0099,0.0457,-9.7816,-0.0041,0.0852,-0.0006,0.764,0.764,0.764,0.764,2211,541,932
932,9.320,0.1191,0.2564,-2.4124,-0.0136,0.0427,-9.7819,-0.0016,0.0872,-0.0013,0.764,0.764,0.764,0.764,2214,542,933
933,9.330,0.1191,0.2564,-2.4124,-0.0084,0.0432,-9.7865,-0.0010,0.0866,0.0013,0.764,0.764,0.764,0.764,2216,542,934
934,9.340,0.1263,0.2582,-2.4113,-0.0094,0.0486,-9.7885,-0.0015,0.0877,0.0011,0.764,0.764,0.764,0.764,2219,543,935
935,9.350,0.1263,0.2582,-2.4113,-0.0091,0.0470,-9.7910,-0.0003,0.0881,0.0019,0.764,0.764,0.764,0.764,2221,543,936
936,9.360,0.1336,0.2599,-2.4101,-0.0129,0.0477,-9.7835,0.0022,0.0920,-0.0013,0.764,0.764,0.764,0.764,2224,544,937
937,9.370,0.1412,0.2613,-2.4090,-0.0022,0.0458,-9.7847,0.0025,0.0921,-0.0006,0.764,0.764,0.764,0.764,2226,545,938
938,9.380,0.1412,0.2613,-2.4090,-0.0081,0.0443,-9.7855,0.0027,0.0912,-0.0003,0.764,0.764,0.764,0.764,2228,545,939
939,9.390,0.1488,0.2627,-2.4078,-0.0033,0.0425,-9.7900,0.0044,0.0922,-0.0009,0.764,0.764,0.764,0.764,2230,546,940
940,9.400,0.1488,0.2627,-2.4078,-0.0053,0.0461,-9.7912,0.0072,0.0946,0.0001,0.764,0.764,0.764,0.764,2233,546,941
941,9.410,0.1567,0.2638,-2.4066,-0.0042,0.0426,-9.7884,0.0075,0.0951,-0.0002,0.764,0.764,0.764,0.764,2235,547,942
942,9.420,0.1647,0.2648,-2.4054,-0.0063,0.0487,-9.7885,0.0069,0.0956,-0.0016,0.765,0.765,0.765,0.765,2238,548,943
943,9.430,0.1647,0.2648,-2.4054,-0.0032,0.0493,-9.7929,0.0114,0.0956,-0.0025,0.764,0.764,0.764,0.764,2240,548,944
944,9.440,0.1728,0.2656,-2.4042,-0.0000,0.0507,-9.7917,0.0116,0.0959,0.0010,0.764,0.764,0.764,0.764,2242,549,945
945,9.450,0.1728,0.2656,-2.4042,-0.0019,0.0548,-9.7888,0.0128,0.0982,0.0007,0.764,0.764,0.764,0.764,2244,549,946
946,9.460,0.1811,0.2662,-2.4029,-0.0014,0.0531,-9.7914,0.0139,0.0968,-0.0008,0.764,0.764,0.764,0.764,2247,550,947
947,9.470,0.1811,0.2662,-2.4029,0.0003,0.0548,-9.7898,0.0143,0.0977,-0.0004,0.764,0.764,0.764,0.764,2249,550,948
948,9.480,0.1895,0.2666,-2.4017,-0.0039,0.0477,-9.7828,0.0180,0.0994,0.0003,0.764,0.764,0.764,0.764,2252,551,949
949,9.490,0.1981,0.2668,-2.4005,0.0012,0.0516,-9.7887,0.0194,0.1027,-0.0005,0.765,0.765,0.765,0.765,2254,552,950
950,9.500,0.1981,0.2668,-2.4005,0.0043,0.0545,-9.7917,0.0198,0.1016,0.0002,0.764,0.764,0.764,0.764,2256,552,951
951,9.510,0.2069,0.2668,-2.3992,0.0049,0.0556,-9.7993,0.0211,0.1013,0.0006,0.764,0.764,0.764,0.764,2258,553,952
952,9.520,0.2069,0.2668,-2.3992,0.0006,0.0554,-9.7942,0.0204,0.1016,-0.0009,0.764,0.764,0.764,0.764,2260,553,953
953,9.530,0.2158,0.2665,-2.3979,0.0063,0.0544,-9.7905,0.0216,0.1031,0.0012,0.764,0.764,0.764,0.764,2263,554,954
954,9.540,0.2158,0.2665,-2.3979,0.0025,0.0503,-9.7924,0.0243,0.1049,-0.0008,0.764,0.764,0.764,0.764,2265,554,955
955,9.550,0.2248,0.2661,-2.3967,0.0052,0.0552,-9.7898,0.0267,0.1049,-0.0005,0.764,0.764,0.764,0.764,2267,555,956
956,9.560,0.2248,0.2661,-2.3967,0.0043,0.0580,-9.7857,0.0280,0.1033,0.0009,0.764,0.764,0.764,0.764,2269,555,957
957,9.570,0.2339,0.2654,-2.3954,0.0078,0.0552,-9.7834,0.0288,0.1054,-0.0008,0.764,0.764,0.764,0.764,2272,556,958
958,9.580,0.2432,0.2644,-2.3940,0.0060,0.0572,-9.7842,0.0297,0.1065,0.0007,0.765,0.765,0.765,0.765,2274,557,959
959,9.590,0.2432,0.2644,-2.3940,0.0122,0.0550,-9.7929,0.0340,0.1062,-0.0003,0.764,0.764,0.764,0.764,2277,557,960
960,9.600,0.2527,0.2632,-2.3927,0.0090,0.0585,-9.7909,0.0332,0.1072,-0.0012,0.764,0.764,0.764,0.764,2279,558,961
961,9.610,0.2527,0.2632,-2.3927,0.0095,0.0571,-9.7926,0.0353,0.1073,0.0004,0.764,0.764,0.764,0.764,2281,558,962
962,9.620,0.2622,0.2618,-2.3914,0.0129,0.0611,-9.7897,0.0383,0.1098,0.0009,0.764,0.764,0.764,0.764,2284,559,963
963,9.630,0.2719,0.2600,-2.3900,0.0111,0.0588,-9.7943,0.0395,0.1082,0.0002,0.765,0.765,0.765,0.765,2286,560,964
964,9.640,0.2719,0.2600,-2.3900,0.0105,0.0628,-9.7979,0.0412,0.1108,-0.0029,0.764,0.764,0.764,0.764,2288,560,965
965,9.650,0.2818,0.2580,-2.3887,0.0123,0.0607,-9.8004,0.0422,0.1087,0.0008,0.765,0.765,0.765,0.765,2290,561,966
966,9.660,0.2818,0.2580,-2.3887,0.0180,0.0609,-9.8016,0.0459,0.1107,0.0010,0.764,0.764,0.764,0.764,2293,561,967
967,9.670,0.2917,0.2558,-2.3873,0.0172,0.0619,-9.7974,0.0464,0.1102,0.0009,0.765,0.765,0.765,0.765,2295,562,968
968,9.680,0.3018,0.2532,-2.3859,0.0168,0.0605,-9.7968,0.0479,0.1116,-0.0011,0.765,0.765,0.765,0.765,2298,563,969
969,9.690,0.3018,0.2532,-2.3859,0.0229,0.0603,-9.8029,0.0522,0.1108,0.0006,0.764,0.764,0.764,0.764,2300,563,970
970,9.700,0.3120,0.2503,-2.3845,0.0185,0.0602,-9.8049,0.0521,0.1099,0.0011,0.765,0.765,0.765,0.765,2303,564,971
971,9.710,0.3120,0.2503,-2.3845,0.0204,0.0598,-9.8052,0.0545,0.1115,0.0001,0.764,0.764,0.764,0.764,2305,564,972
972,9.720,0.3223,0.2472,-2.3831,0.0223,0.0661,-9.7980,0.0558,0.1101,-0.0015,0.765,0.765,0.765,0.765,2307,565,973
973,9.730,0.3223,0.2472,-2.3831,0.0209,0.0612,-9.8046,0.0589,0.1137,0.0006,0.764,0.764,0.764,0.764,2309,565,974
974,9.740,0.3327,0.2437,-2.3816,0.0255,0.0632,-9.8021,0.0614,0.1131,0.0018,0.765,0.765,0.765,0.765,2312,566,975
975,9.750,0.3432,0.2399,-2.3802,0.0252,0.0612,-9.8056,0.0617,0.1127,-0.0015,0.765,0.765,0.765,0.765,2314,567,976
976,9.760,0.3432,0.2399,-2.3802,0.0280,0.0619,-9.8076,0.0638,0.1142,0.0003,0.765,0.765,0.765,0.765,2316,567,977
977,9.770,0.3538,0.2357,-2.3787,0.0311,0.0652,-9.8113,0.0669,0.1126,-0.0013,0.765,0.765,0.765,0.765,2319,568,978
978,9.780,0.3538,0.2357,-2.3787,0.0271,0.0628,-9.8090,0.0683,0.1124,0.0001,0.764,0.764,0.764,0.764,2321,568,979
979,9.790,0.3644,0.2312,-2.3772,0.0339,0.0665,-9.8055,0.0689,0.1133,0.0011,0.765,0.765,0.765,0.765,2323,569,980
980,9.800,0.3644,0.2312,-2.3772,0.0321,0.0634,-9.8045,0.0715,0.1133,-0.0015,0.764,0.764,0.764,0.764,2325,569,981
981,9.810,0.3752,0.2264,-2.3758,0.0376,0.0634,-9.8039,0.0731,0.1141,0.0000,0.765,0.765,0.765,0.765,2328,570,982
982,9.820,0.3861,0.2212,-2.3743,0.0349,0.0631,-9.8040,0.0772,0.1128,-0.0002,0.765,0.765,0.765,0.765,2330,571,983
983,9.830,0.3861,0.2212,-2.3743,0.0365,0.0695,-9.8147,0.0787,0.1136,0.0004,0.765,0.765,0.765,0.765,2333,571,984
984,9.840,0.3970,0.2157,-2.3728,0.0352,0.0671,-9.8097,0.0830,0.1127,0.0004,0.765,0.765,0.765,0.765,2335,572,985
985,9.850,0.3970,0.2157,-2.3728,0.0386,0.0684,-9.8136,0.0834,0.1138,-0.0001,0.765,0.765,0.765,0.765,2337,572,986
986,9.860,0.4080,0.2098,-2.3712,0.0351,0.0666,-9.8087,0.0856,0.1136,0.0005,0.765,0.765,0.765,0.765,2339,573,987
987,9.870,0.4190,0.2035,-2.3697,0.0413,0.0665,-9.8120,0.0896,0.1122,0.0003,0.766,0.766,0.766,0.766,2342,574,988
988,9.880,0.4190,0.2035,-2.3697,0.0421,0.0676,-9.8208,0.0888,0.1129,0.0004,0.765,0.765,0.765,0.765,2344,574,989
989,9.890,0.4302,0.1968,-2.3681,0.0405,0.0650,-9.8213,0.0920,0.1116,0.0007,0.766,0.766,0.766,0.766,2347,575,990
990,9.900,0.4302,0.1968,-2.3681,0.0399,0.0637,-9.8231,0.0946,0.1134,0.0009,0.765,0.765,0.765,0.765,2349,575,991
991,9.910,0.4413,0.1897,-2.3666,0.0462,0.0672,-9.8142,0.0969,0.1099,0.0012,0.765,0.765,0.765,0.765,2351,576,992
992,9.920,0.4413,0.1897,-2.3666,0.0477,0.0672,-9.8167,0.0978,0.1127,-0.0001,0.765,0.765,0.765,0.765,2353,576,993
993,9.930,0.4525,0.1823,-2.3650,0.0480,0.0692,-9.8135,0.1019,0.1105,-0.0020,0.765,0.765,0.765,0.765,2356,577,994
994,9.940,0.4637,0.1744,-2.3634,0.0513,0.0701,-9.8162,0.1049,0.1113,-0.0009,0.766,0.766,0.766,0.766,2358,578,995
995,9.950,0.4637,0.1744,-2.3634,0.0526,0.0665,-9.8247,0.1068,0.1105,0.0005,0.765,0.765,0.765,0.765,2361,578,996
996,9.960,0.4750,0.1661,-2.3618,0.0515,0.0643,-9.8261,0.1109,0.1094,0.0001,0.766,0.766,0.766,0.766,2363,579,997
997,9.970,0.4750,0.1661,-2.3618,0.0538,0.0644,-9.8234,0.1115,0.1091,-0.0004,0.765,0.765,0.765,0.765,2365,579,998
998,9.980,0.4863,0.1574,-2.3602,0.0593,0.0644,-9.8191,0.1139,0.1099,-0.0009,0.766,0.766,0.766,0.766,2368,580,999
999,9.990,0.4975,0.1482,-2.3585,0.0596,0.0662,-9.8263,0.1164,0.1071,0.0001,0.766,0.766,0.766,0.766,2370,581,1000
