t_s,altitude_m,commanded_m
0.0000,0.0000,2.0000
0.0010,0.0000,2.0000
0.0020,0.0000,2.0000
0.0030,0.0000,2.0000
0.0040,0.0000,2.0000
0.0050,0.0001,2.0000
0.0060,0.0001,2.0000
0.0070,0.0001,2.0000
0.0080,0.0001,2.0000
0.0090,0.0002,2.0000
0.0100,0.0002,2.0000
0.0110,0.0003,2.0000
0.0120,0.0003,2.0000
0.0130,0.0003,2.0000
0.0140,0.0004,2.0000
0.0150,0.0004,2.0000
0.0160,0.0005,2.0000
0.0170,0.0006,2.0000
0.0180,0.0006,2.0000
0.0190,0.0007,2.0000
0.0200,0.0008,2.0000
0.0210,0.0008,2.0000
0.0220,0.0009,2.0000
0.0230,0.0010,2.0000
0.0240,0.0011,2.0000
0.0250,0.0012,2.0000
0.0260,0.0013,2.0000
0.0270,0.0014,2.0000
0.0280,0.0015,2.0000
0.0290,0.0016,2.0000
0.0300,0.0017,2.0000
0.0310,0.0018,2.0000
0.0320,0.0019,2.0000
0.0330,0.0020,2.0000
0.0340,0.0021,2.0000
0.0350,0.0023,2.0000
0.0360,0.0024,2.0000
0.0370,0.0025,2.0000
0.0380,0.0026,2.0000
0.0390,0.0028,2.0000
0.0400,0.0029,2.0000
0.0410,0.0031,2.0000
0.0420,0.0032,2.0000
0.0430,0.0034,2.0000
0.0440,0.0035,2.0000
0.0450,0.0037,2.0000
0.0460,0.0039,2.0000
0.0470,0.0040,2.0000
0.0480,0.0042,2.0000
0.0490,0.0044,2.0000
0.0500,0.0046,2.0000
0.0510,0.0048,2.0000
0.0520,0.0049,2.0000
0.0530,0.0051,2.0000
0.0540,0.0053,2.0000
0.0550,0.0055,2.0000
0.0560,0.0057,2.0000
0.0570,0.0060,2.0000
0.0580,0.0062,2.0000
0.0590,0.0064,2.0000
0.0600,0.0066,2.0000
0.0610,0.0068,2.0000
0.0620,0.0071,2.0000
0.0630,0.0073,2.0000
0.0640,0.0075,2.0000
0.0650,0.0078,2.0000
0.0660,0.0080,2.0000
0.0670,0.0082,2.0000
0.0680,0.0085,2.0000
0.0690,0.0088,2.0000
0.0700,0.0090,2.0000
0.0710,0.0093,2.0000
0.0720,0.0095,2.0000
0.0730,0.0098,2.0000
0.0740,0.0101,2.0000
0.0750,0.0104,2.0000
0.0760,0.0106,2.0000
0.0770,0.0109,2.0000
0.0780,0.0112,2.0000
0.0790,0.0115,2.0000
0.0800,0.0118,2.0000
0.0810,0.0121,2.0000
0.0820,0.0124,2.0000
0.0830,0.0127,2.0000
0.0840,0.0130,2.0000
0.0850,0.0133,2.0000
0.0860,0.0137,2.0000
0.0870,0.0140,2.0000
0.0880,0.0143,2.0000
0.0890,0.0146,2.0000
0.0900,0.0150,2.0000
0.0910,0.0153,2.0000
0.0920,0.0156,2.0000
0.0930,0.0160,2.0000
0.0940,0.0163,2.0000
0.0950,0.0167,2.0000
0.0960,0.0170,2.0000
0.0970,0.0174,2.0000
0.0980,0.0178,2.0000
0.0990,0.0181,2.0000
0.1000,0.0185,2.0000
0.1010,0.0189,2.0000
0.1020,0.0192,2.0000
0.1030,0.0196,2.0000
0.1040,0.0200,2.0000
0.1050,0.0204,2.0000
0.1060,0.0208,2.0000
0.1070,0.0212,2.0000
0.1080,0.0216,2.0000
0.1090,0.0220,2.0000
0.1100,0.0224,2.0000
0.1110,0.0228,2.0000
0.1120,0.0232,2.0000
0.1130,0.0236,2.0000
0.1140,0.0240,2.0000
0.1150,0.0245,2.0000
0.1160,0.0249,2.0000
0.1170,0.0253,2.0000
0.1180,0.0257,2.0000
0.1190,0.0262,2.0000
0.1200,0.0266,2.0000
0.1210,0.0271,2.0000
0.1220,0.0275,2.0000
0.1230,0.0280,2.0000
0.1240,0.0284,2.0000
0.1250,0.0289,2.0000
0.1260,0.0293,2.0000
0.1270,0.0298,2.0000
0.1280,0.0303,2.0000
0.1290,0.0307,2.0000
0.1300,0.0312,2.0000
0.1310,0.0317,2.0000
0.1320,0.0322,2.0000
0.1330,0.0326,2.0000
0.1340,0.0331,2.0000
0.1350,0.0336,2.0000
0.1360,0.0341,2.0000
0.1370,0.0346,2.0000
0.1380,0.0351,2.0000
0.1390,0.0356,2.0000
0.1400,0.0361,2.0000
0.1410,0.0366,2.0000
0.1420,0.0372,2.0000
0.1430,0.0377,2.0000
0.1440,0.0382,2.0000
0.1450,0.0387,2.0000
0.1460,0.0392,2.0000
0.1470,0.0398,2.0000
0.1480,0.0403,2.0000
0.1490,0.0409,2.0000
0.1500,0.0414,2.0000
0.1510,0.0419,2.0000
0.1520,0.0425,2.0000
0.1530,0.0430,2.0000
0.1540,0.0436,2.0000
0.1550,0.0441,2.0000
0.1560,0.0447,2.0000
0.1570,0.0453,2.0000
0.1580,0.0458,2.0000
0.1590,0.0464,2.0000
0.1600,0.0470,2.0000
0.1610,0.0476,2.0000
0.1620,0.0481,2.0000
0.1630,0.0487,2.0000
0.1640,0.0493,2.0000
0.1650,0.0499,2.0000
0.1660,0.0505,2.0000
0.1670,0.0511,2.0000
0.1680,0.0517,2.0000
0.1690,0.0523,2.0000
0.1700,0.0529,2.0000
0.1710,0.0535,2.0000
0.1720,0.0541,2.0000
0.1730,0.0547,2.0000
0.1740,0.0554,2.0000
0.1750,0.0560,2.0000
0.1760,0.0566,2.0000
0.1770,0.0572,2.0000
0.1780,0.0579,2.0000
0.1790,0.0585,2.0000
0.1800,0.0591,2.0000
0.1810,0.0598,2.0000
0.1820,0.0604,2.0000
0.1830,0.0611,2.0000
0.1840,0.0617,2.0000
0.1850,0.0624,2.0000
0.1860,0.0630,2.0000
0.1870,0.0637,2.0000
0.1880,0.0643,2.0000
0.1890,0.0650,2.0000
0.1900,0.0657,2.0000
0.1910,0.0663,2.0000
0.1920,0.0670,2.0000
0.1930,0.0677,2.0000
0.1940,0.0684,2.0000
0.1950,0.0691,2.0000
0.1960,0.0697,2.0000
0.1970,0.0704,2.0000
0.1980,0.0711,2.0000
0.1990,0.0718,2.0000
0.2000,0.0725,2.0000
0.2010,0.0732,2.0000
0.2020,0.0739,2.0000
0.2030,0.0746,2.0000
0.2040,0.0753,2.0000
0.2050,0.0761,2.0000
0.2060,0.0768,2.0000
0.2070,0.0775,2.0000
0.2080,0.0782,2.0000
0.2090,0.0789,2.0000
0.2100,0.0797,2.0000
0.2110,0.0804,2.0000
0.2120,0.0811,2.0000
0.2130,0.0819,2.0000
0.2140,0.0826,2.0000
0.2150,0.0834,2.0000
0.2160,0.0841,2.0000
0.2170,0.0848,2.0000
0.2180,0.0856,2.0000
0.2190,0.0864,2.0000
0.2200,0.0871,2.0000
0.2210,0.0879,2.0000
0.2220,0.0886,2.0000
0.2230,0.0894,2.0000
0.2240,0.0902,2.0000
0.2250,0.0909,2.0000
0.2260,0.0917,2.0000
0.2270,0.0925,2.0000
0.2280,0.0933,2.0000
0.2290,0.0941,2.0000
0.2300,0.0948,2.0000
0.2310,0.0956,2.0000
0.2320,0.0964,2.0000
0.2330,0.0972,2.0000
0.2340,0.0980,2.0000
0.2350,0.0988,2.0000
0.2360,0.0996,2.0000
0.2370,0.1004,2.0000
0.2380,0.1012,2.0000
0.2390,0.1020,2.0000
0.2400,0.1029,2.0000
0.2410,0.1037,2.0000
0.2420,0.1045,2.0000
0.2430,0.1053,2.0000
0.2440,0.1061,2.0000
0.2450,0.1070,2.0000
0.2460,0.1078,2.0000
0.2470,0.1086,2.0000
0.2480,0.1095,2.0000
0.2490,0.1103,2.0000
0.2500,0.1111,2.0000
0.2510,0.1120,2.0000
0.2520,0.1128,2.0000
0.2530,0.1137,2.0000
0.2540,0.1145,2.0000
0.2550,0.1154,2.0000
0.2560,0.1162,2.0000
0.2570,0.1171,2.0000
0.2580,0.1180,2.0000
0.2590,0.1188,2.0000
0.2600,0.1197,2.0000
0.2610,0.1206,2.0000
0.2620,0.1215,2.0000
0.2630,0.1223,2.0000
0.2640,0.1232,2.0000
0.2650,0.1241,2.0000
0.2660,0.1250,2.0000
0.2670,0.1259,2.0000
0.2680,0.1268,2.0000
0.2690,0.1276,2.0000
0.2700,0.1285,2.0000
0.2710,0.1294,2.0000
0.2720,0.1303,2.0000
0.2730,0.1312,2.0000
0.2740,0.1321,2.0000
0.2750,0.1331,2.0000
0.2760,0.1340,2.0000
0.2770,0.1349,2.0000
0.2780,0.1358,2.0000
0.2790,0.1367,2.0000
0.2800,0.1376,2.0000
0.2810,0.1386,2.0000
0.2820,0.1395,2.0000
0.2830,0.1404,2.0000
0.2840,0.1413,2.0000
0.2850,0.1423,2.0000
0.2860,0.1432,2.0000
0.2870,0.1441,2.0000
0.2880,0.1451,2.0000
0.2890,0.1460,2.0000
0.2900,0.1470,2.0000
0.2910,0.1479,2.0000
0.2920,0.1489,2.0000
0.2930,0.1498,2.0000
0.2940,0.1508,2.0000
0.2950,0.1517,2.0000
0.2960,0.1527,2.0000
0.2970,0.1537,2.0000
0.2980,0.1546,2.0000
0.2990,0.1556,2.0000
0.3000,0.1566,2.0000
0.3010,0.1575,2.0000
0.3020,0.1585,2.0000
0.3030,0.1595,2.0000
0.3040,0.1605,2.0000
0.3050,0.1615,2.0000
0.3060,0.1624,2.0000
0.3070,0.1634,2.0000
0.3080,0.1644,2.0000
0.3090,0.1654,2.0000
0.3100,0.1664,2.0000
0.3110,0.1674,2.0000
0.3120,0.1684,2.0000
0.3130,0.1694,2.0000
0.3140,0.1704,2.0000
0.3150,0.1714,2.0000
0.3160,0.1724,2.0000
0.3170,0.1734,2.0000
0.3180,0.1745,2.0000
0.3190,0.1755,2.0000
0.3200,0.1765,2.0000
0.3210,0.1775,2.0000
0.3220,0.1785,2.0000
0.3230,0.1796,2.0000
0.3240,0.1806,2.0000
0.3250,0.1816,2.0000
0.3260,0.1827,2.0000
0.3270,0.1837,2.0000
0.3280,0.1847,2.0000
0.3290,0.1858,2.0000
0.3300,0.1868,2.0000
0.3310,0.1879,2.0000
0.3320,0.1889,2.0000
0.3330,0.1900,2.0000
0.3340,0.1910,2.0000
0.3350,0.1921,2.0000
0.3360,0.1931,2.0000
0.3370,0.1942,2.0000
0.3380,0.1952,2.0000
0.3390,0.1963,2.0000
0.3400,0.1974,2.0000
0.3410,0.1984,2.0000
0.3420,0.1995,2.0000
0.3430,0.2006,2.0000
0.3440,0.2016,2.0000
0.3450,0.2027,2.0000
0.3460,0.2038,2.0000
0.3470,0.2049,2.0000
0.3480,0.2060,2.0000
0.3490,0.2070,2.0000
0.3500,0.2081,2.0000
0.3510,0.2092,2.0000
0.3520,0.2103,2.0000
0.3530,0.2114,2.0000
0.3540,0.2125,2.0000
0.3550,0.2136,2.0000
0.3560,0.2147,2.0000
0.3570,0.2158,2.0000
0.3580,0.2169,2.0000
0.3590,0.2180,2.0000
0.3600,0.2191,2.0000
0.3610,0.2202,2.0000
0.3620,0.2213,2.0000
0.3630,0.2225,2.0000
0.3640,0.2236,2.0000
0.3650,0.2247,2.0000
0.3660,0.2258,2.0000
0.3670,0.2269,2.0000
0.3680,0.2281,2.0000
0.3690,0.2292,2.0000
0.3700,0.2303,2.0000
0.3710,0.2315,2.0000
0.3720,0.2326,2.0000
0.3730,0.2337,2.0000
0.3740,0.2349,2.0000
0.3750,0.2360,2.0000
0.3760,0.2371,2.0000
0.3770,0.2383,2.0000
0.3780,0.2394,2.0000
0.3790,0.2406,2.0000
0.3800,0.2417,2.0000
0.3810,0.2429,2.0000
0.3820,0.2440,2.0000
0.3830,0.2452,2.0000
0.3840,0.2464,2.0000
0.3850,0.2475,2.0000
0.3860,0.2487,2.0000
0.3870,0.2498,2.0000
0.3880,0.2510,2.0000
0.3890,0.2522,2.0000
0.3900,0.2534,2.0000
0.3910,0.2545,2.0000
0.3920,0.2557,2.0000
0.3930,0.2569,2.0000
0.3940,0.2581,2.0000
0.3950,0.2592,2.0000
0.3960,0.2604,2.0000
0.3970,0.2616,2.0000
0.3980,0.2628,2.0000
0.3990,0.2640,2.0000
0.4000,0.2652,2.0000
0.4010,0.2664,2.0000
0.4020,0.2676,2.0000
0.4030,0.2688,2.0000
0.4040,0.2700,2.0000
0.4050,0.2712,2.0000
0.4060,0.2724,2.0000
0.4070,0.2736,2.0000
0.4080,0.2748,2.0000
0.4090,0.2760,2.0000
0.4100,0.2772,2.0000
0.4110,0.2784,2.0000
0.4120,0.2796,2.0000
0.4130,0.2808,2.0000
0.4140,0.2820,2.0000
0.4150,0.2833,2.0000
0.4160,0.2845,2.0000
0.4170,0.2857,2.0000
0.4180,0.2869,2.0000
0.4190,0.2882,2.0000
0.4200,0.2894,2.0000
0.4210,0.2906,2.0000
0.4220,0.2919,2.0000
0.4230,0.2931,2.0000
0.4240,0.2943,2.0000
0.4250,0.2956,2.0000
0.4260,0.2968,2.0000
0.4270,0.2980,2.0000
0.4280,0.2993,2.0000
0.4290,0.3005,2.0000
0.4300,0.3018,2.0000
0.4310,0.3030,2.0000
0.4320,0.3043,2.0000
0.4330,0.3055,2.0000
0.4340,0.3068,2.0000
0.4350,0.3080,2.0000
0.4360,0.3093,2.0000
0.4370,0.3106,2.0000
0.4380,0.3118,2.0000
0.4390,0.3131,2.0000
0.4400,0.3143,2.0000
0.4410,0.3156,2.0000
0.4420,0.3169,2.0000
0.4430,0.3182,2.0000
0.4440,0.3194,2.0000
0.4450,0.3207,2.0000
0.4460,0.3220,2.0000
0.4470,0.3232,2.0000
0.4480,0.3245,2.0000
0.4490,0.3258,2.0000
0.4500,0.3271,2.0000
0.4510,0.3284,2.0000
0.4520,0.3297,2.0000
0.4530,0.3309,2.0000
0.4540,0.3322,2.0000
0.4550,0.3335,2.0000
0.4560,0.3348,2.0000
0.4570,0.3361,2.0000
0.4580,0.3374,2.0000
0.4590,0.3387,2.0000
0.4600,0.3400,2.0000
0.4610,0.3413,2.0000
0.4620,0.3426,2.0000
0.4630,0.3439,2.0000
0.4640,0.3452,2.0000
0.4650,0.3465,2.0000
0.4660,0.3478,2.0000
0.4670,0.3491,2.0000
0.4680,0.3505,2.0000
0.4690,0.3518,2.0000
0.4700,0.3531,2.0000
0.4710,0.3544,2.0000
0.4720,0.3557,2.0000
0.4730,0.3570,2.0000
0.4740,0.3584,2.0000
0.4750,0.3597,2.0000
0.4760,0.3610,2.0000
0.4770,0.3623,2.0000
0.4780,0.3637,2.0000
0.4790,0.3650,2.0000
0.4800,0.3663,2.0000
0.4810,0.3677,2.0000
0.4820,0.3690,2.0000
0.4830,0.3703,2.0000
0.4840,0.3717,2.0000
0.4850,0.3730,2.0000
0.4860,0.3744,2.0000
0.4870,0.3757,2.0000
0.4880,0.3770,2.0000
0.4890,0.3784,2.0000
0.4900,0.3797,2.0000
0.4910,0.3811,2.0000
0.4920,0.3824,2.0000
0.4930,0.3838,2.0000
0.4940,0.3851,2.0000
0.4950,0.3865,2.0000
0.4960,0.3879,2.0000
0.4970,0.3892,2.0000
0.4980,0.3906,2.0000
0.4990,0.3919,2.0000
0.5000,0.3933,2.0000
0.5010,0.3947,2.0000
0.5020,0.3960,2.0000
0.5030,0.3974,2.0000
0.5040,0.3988,2.0000
0.5050,0.4001,2.0000
0.5060,0.4015,2.0000
0.5070,0.4029,2.0000
0.5080,0.4042,2.0000
0.5090,0.4056,2.0000
0.5100,0.4070,2.0000
0.5110,0.4084,2.0000
0.5120,0.4098,2.0000
0.5130,0.4111,2.0000
0.5140,0.4125,2.0000
0.5150,0.4139,2.0000
0.5160,0.4153,2.0000
0.5170,0.4167,2.0000
0.5180,0.4181,2.0000
0.5190,0.4195,2.0000
0.5200,0.4208,2.0000
0.5210,0.4222,2.0000
0.5220,0.4236,2.0000
0.5230,0.4250,2.0000
0.5240,0.4264,2.0000
0.5250,0.4278,2.0000
0.5260,0.4292,2.0000
0.5270,0.4306,2.0000
0.5280,0.4320,2.0000
0.5290,0.4334,2.0000
0.5300,0.4348,2.0000
0.5310,0.4362,2.0000
0.5320,0.4376,2.0000
0.5330,0.4391,2.0000
0.5340,0.4405,2.0000
0.5350,0.4419,2.0000
0.5360,0.4433,2.0000
0.5370,0.4447,2.0000
0.5380,0.4461,2.0000
0.5390,0.4475,2.0000
0.5400,0.4490,2.0000
0.5410,0.4504,2.0000
0.5420,0.4518,2.0000
0.5430,0.4532,2.0000
0.5440,0.4546,2.0000
0.5450,0.4561,2.0000
0.5460,0.4575,2.0000
0.5470,0.4589,2.0000
0.5480,0.4604,2.0000
0.5490,0.4618,2.0000
0.5500,0.4632,2.0000
0.5510,0.4646,2.0000
0.5520,0.4661,2.0000
0.5530,0.4675,2.0000
0.5540,0.4690,2.0000
0.5550,0.4704,2.0000
0.5560,0.4718,2.0000
0.5570,0.4733,2.0000
0.5580,0.4747,2.0000
0.5590,0.4762,2.0000
0.5600,0.4776,2.0000
0.5610,0.4790,2.0000
0.5620,0.4805,2.0000
0.5630,0.4819,2.0000
0.5640,0.4834,2.0000
0.5650,0.4848,2.0000
0.5660,0.4863,2.0000
0.5670,0.4877,2.0000
0.5680,0.4892,2.0000
0.5690,0.4907,2.0000
0.5700,0.4921,2.0000
0.5710,0.4936,2.0000
0.5720,0.4950,2.0000
0.5730,0.4965,2.0000
0.5740,0.4979,2.0000
0.5750,0.4994,2.0000
0.5760,0.5009,2.0000
0.5770,0.5023,2.0000
0.5780,0.5038,2.0000
0.5790,0.5053,2.0000
0.5800,0.5067,2.0000
0.5810,0.5082,2.0000
0.5820,0.5097,2.0000
0.5830,0.5112,2.0000
0.5840,0.5126,2.0000
0.5850,0.5141,2.0000
0.5860,0.5156,2.0000
0.5870,0.5170,2.0000
0.5880,0.5185,2.0000
0.5890,0.5200,2.0000
0.5900,0.5215,2.0000
0.5910,0.5230,2.0000
0.5920,0.5244,2.0000
0.5930,0.5259,2.0000
0.5940,0.5274,2.0000
0.5950,0.5289,2.0000
0.5960,0.5304,2.0000
0.5970,0.5319,2.0000
0.5980,0.5334,2.0000
0.5990,0.5348,2.0000
0.6000,0.5363,2.0000
0.6010,0.5378,2.0000
0.6020,0.5393,2.0000
0.6030,0.5408,2.0000
0.6040,0.5423,2.0000
0.6050,0.5438,2.0000
0.6060,0.5453,2.0000
0.6070,0.5468,2.0000
0.6080,0.5483,2.0000
0.6090,0.5498,2.0000
0.6100,0.5513,2.0000
0.6110,0.5528,2.0000
0.6120,0.5543,2.0000
0.6130,0.5558,2.0000
0.6140,0.5573,2.0000
0.6150,0.5588,2.0000
0.6160,0.5603,2.0000
0.6170,0.5618,2.0000
0.6180,0.5633,2.0000
0.6190,0.5649,2.0000
0.6200,0.5664,2.0000
0.6210,0.5679,2.0000
0.6220,0.5694,2.0000
0.6230,0.5709,2.0000
0.6240,0.5724,2.0000
0.6250,0.5739,2.0000
0.6260,0.5755,2.0000
0.6270,0.5770,2.0000
0.6280,0.5785,2.0000
0.6290,0.5800,2.0000
0.6300,0.5815,2.0000
0.6310,0.5831,2.0000
0.6320,0.5846,2.0000
0.6330,0.5861,2.0000
0.6340,0.5876,2.0000
0.6350,0.5892,2.0000
0.6360,0.5907,2.0000
0.6370,0.5922,2.0000
0.6380,0.5937,2.0000
0.6390,0.5953,2.0000
0.6400,0.5968,2.0000
0.6410,0.5983,2.0000
0.6420,0.5999,2.0000
0.6430,0.6014,2.0000
0.6440,0.6029,2.0000
0.6450,0.6045,2.0000
0.6460,0.6060,2.0000
0.6470,0.6075,2.0000
0.6480,0.6091,2.0000
0.6490,0.6106,2.0000
0.6500,0.6121,2.0000
0.6510,0.6137,2.0000
0.6520,0.6152,2.0000
0.6530,0.6168,2.0000
0.6540,0.6183,2.0000
0.6550,0.6198,2.0000
0.6560,0.6214,2.0000
0.6570,0.6229,2.0000
0.6580,0.6245,2.0000
0.6590,0.6260,2.0000
0.6600,0.6276,2.0000
0.6610,0.6291,2.0000
0.6620,0.6307,2.0000
0.6630,0.6322,2.0000
0.6640,0.6338,2.0000
0.6650,0.6353,2.0000
0.6660,0.6369,2.0000
0.6670,0.6384,2.0000
0.6680,0.6400,2.0000
0.6690,0.6415,2.0000
0.6700,0.6431,2.0000
0.6710,0.6446,2.0000
0.6720,0.6462,2.0000
0.6730,0.6478,2.0000
0.6740,0.6493,2.0000
0.6750,0.6509,2.0000
0.6760,0.6524,2.0000
0.6770,0.6540,2.0000
0.6780,0.6555,2.0000
0.6790,0.6571,2.0000
0.6800,0.6587,2.0000
0.6810,0.6602,2.0000
0.6820,0.6618,2.0000
0.6830,0.6634,2.0000
0.6840,0.6649,2.0000
0.6850,0.6665,2.0000
0.6860,0.6681,2.0000
0.6870,0.6696,2.0000
0.6880,0.6712,2.0000
0.6890,0.6728,2.0000
0.6900,0.6743,2.0000
0.6910,0.6759,2.0000
0.6920,0.6775,2.0000
0.6930,0.6790,2.0000
0.6940,0.6806,2.0000
0.6950,0.6822,2.0000
0.6960,0.6837,2.0000
0.6970,0.6853,2.0000
0.6980,0.6869,2.0000
0.6990,0.6885,2.0000
0.7000,0.6900,2.0000
0.7010,0.6916,2.0000
0.7020,0.6932,2.0000
0.7030,0.6948,2.0000
0.7040,0.6963,2.0000
0.7050,0.6979,2.0000
0.7060,0.6995,2.0000
0.7070,0.7011,2.0000
0.7080,0.7027,2.0000
0.7090,0.7042,2.0000
0.7100,0.7058,2.0000
0.7110,0.7074,2.0000
0.7120,0.7090,2.0000
0.7130,0.7106,2.0000
0.7140,0.7121,2.0000
0.7150,0.7137,2.0000
0.7160,0.7153,2.0000
0.7170,0.7169,2.0000
0.7180,0.7185,2.0000
0.7190,0.7200,2.0000
0.7200,0.7216,2.0000
0.7210,0.7232,2.0000
0.7220,0.7248,2.0000
0.7230,0.7264,2.0000
0.7240,0.7280,2.0000
0.7250,0.7296,2.0000
0.7260,0.7311,2.0000
0.7270,0.7327,2.0000
0.7280,0.7343,2.0000
0.7290,0.7359,2.0000
0.7300,0.7375,2.0000
0.7310,0.7391,2.0000
0.7320,0.7407,2.0000
0.7330,0.7423,2.0000
0.7340,0.7439,2.0000
0.7350,0.7454,2.0000
0.7360,0.7470,2.0000
0.7370,0.7486,2.0000
0.7380,0.7502,2.0000
0.7390,0.7518,2.0000
0.7400,0.7534,2.0000
0.7410,0.7550,2.0000
0.7420,0.7566,2.0000
0.7430,0.7582,2.0000
0.7440,0.7598,2.0000
0.7450,0.7614,2.0000
0.7460,0.7630,2.0000
0.7470,0.7646,2.0000
0.7480,0.7662,2.0000
0.7490,0.7677,2.0000
0.7500,0.7693,2.0000
0.7510,0.7709,2.0000
0.7520,0.7725,2.0000
0.7530,0.7741,2.0000
0.7540,0.7757,2.0000
0.7550,0.7773,2.0000
0.7560,0.7789,2.0000
0.7570,0.7805,2.0000
0.7580,0.7821,2.0000
0.7590,0.7837,2.0000
0.7600,0.7853,2.0000
0.7610,0.7869,2.0000
0.7620,0.7885,2.0000
0.7630,0.7901,2.0000
0.7640,0.7917,2.0000
0.7650,0.7933,2.0000
0.7660,0.7949,2.0000
0.7670,0.7965,2.0000
0.7680,0.7981,2.0000
0.7690,0.7997,2.0000
0.7700,0.8013,2.0000
0.7710,0.8029,2.0000
0.7720,0.8045,2.0000
0.7730,0.8061,2.0000
0.7740,0.8077,2.0000
0.7750,0.8093,2.0000
0.7760,0.8109,2.0000
0.7770,0.8125,2.0000
0.7780,0.8141,2.0000
0.7790,0.8157,2.0000
0.7800,0.8173,2.0000
0.7810,0.8189,2.0000
0.7820,0.8205,2.0000
0.7830,0.8221,2.0000
0.7840,0.8237,2.0000
0.7850,0.8253,2.0000
0.7860,0.8269,2.0000
0.7870,0.8285,2.0000
0.7880,0.8301,2.0000
0.7890,0.8317,2.0000
0.7900,0.8333,2.0000
0.7910,0.8349,2.0000
0.7920,0.8365,2.0000
0.7930,0.8381,2.0000
0.7940,0.8397,2.0000
0.7950,0.8413,2.0000
0.7960,0.8429,2.0000
0.7970,0.8445,2.0000
0.7980,0.8461,2.0000
0.7990,0.8477,2.0000
0.8000,0.8493,2.0000
0.8010,0.8509,2.0000
0.8020,0.8525,2.0000
0.8030,0.8541,2.0000
0.8040,0.8557,2.0000
0.8050,0.8573,2.0000
0.8060,0.8589,2.0000
0.8070,0.8605,2.0000
0.8080,0.8621,2.0000
0.8090,0.8637,2.0000
0.8100,0.8653,2.0000
0.8110,0.8669,2.0000
0.8120,0.8685,2.0000
0.8130,0.8701,2.0000
0.8140,0.8717,2.0000
0.8150,0.8733,2.0000
0.8160,0.8749,2.0000
0.8170,0.8765,2.0000
0.8180,0.8781,2.0000
0.8190,0.8797,2.0000
0.8200,0.8812,2.0000
0.8210,0.8828,2.0000
0.8220,0.8844,2.0000
0.8230,0.8860,2.0000
0.8240,0.8876,2.0000
0.8250,0.8892,2.0000
0.8260,0.8908,2.0000
0.8270,0.8924,2.0000
0.8280,0.8940,2.0000
0.8290,0.8956,2.0000
0.8300,0.8972,2.0000
0.8310,0.8988,2.0000
0.8320,0.9004,2.0000
0.8330,0.9020,2.0000
0.8340,0.9036,2.0000
0.8350,0.9052,2.0000
0.8360,0.9068,2.0000
0.8370,0.9084,2.0000
0.8380,0.9100,2.0000
0.8390,0.9115,2.0000
0.8400,0.9131,2.0000
0.8410,0.9147,2.0000
0.8420,0.9163,2.0000
0.8430,0.9179,2.0000
0.8440,0.9195,2.0000
0.8450,0.9211,2.0000
0.8460,0.9227,2.0000
0.8470,0.9243,2.0000
0.8480,0.9259,2.0000
0.8490,0.9274,2.0000
0.8500,0.9290,2.0000
0.8510,0.9306,2.0000
0.8520,0.9322,2.0000
0.8530,0.9338,2.0000
0.8540,0.9354,2.0000
0.8550,0.9370,2.0000
0.8560,0.9385,2.0000
0.8570,0.9401,2.0000
0.8580,0.9417,2.0000
0.8590,0.9433,2.0000
0.8600,0.9449,2.0000
0.8610,0.9465,2.0000
0.8620,0.9480,2.0000
0.8630,0.9496,2.0000
0.8640,0.9512,2.0000
0.8650,0.9528,2.0000
0.8660,0.9544,2.0000
0.8670,0.9559,2.0000
0.8680,0.9575,2.0000
0.8690,0.9591,2.0000
0.8700,0.9607,2.0000
0.8710,0.9623,2.0000
0.8720,0.9638,2.0000
0.8730,0.9654,2.0000
0.8740,0.9670,2.0000
0.8750,0.9686,2.0000
0.8760,0.9701,2.0000
0.8770,0.9717,2.0000
0.8780,0.9733,2.0000
0.8790,0.9749,2.0000
0.8800,0.9764,2.0000
0.8810,0.9780,2.0000
0.8820,0.9796,2.0000
0.8830,0.9811,2.0000
0.8840,0.9827,2.0000
0.8850,0.9843,2.0000
0.8860,0.9858,2.0000
0.8870,0.9874,2.0000
0.8880,0.9890,2.0000
0.8890,0.9905,2.0000
0.8900,0.9921,2.0000
0.8910,0.9937,2.0000
0.8920,0.9952,2.0000
0.8930,0.9968,2.0000
0.8940,0.9984,2.0000
0.8950,0.9999,2.0000
0.8960,1.0015,2.0000
0.8970,1.0031,2.0000
0.8980,1.0046,2.0000
0.8990,1.0062,2.0000
0.9000,1.0077,2.0000
0.9010,1.0093,2.0000
0.9020,1.0108,2.0000
0.9030,1.0124,2.0000
0.9040,1.0140,2.0000
0.9050,1.0155,2.0000
0.9060,1.0171,2.0000
0.9070,1.0186,2.0000
0.9080,1.0202,2.0000
0.9090,1.0217,2.0000
0.9100,1.0233,2.0000
0.9110,1.0248,2.0000
0.9120,1.0264,2.0000
0.9130,1.0279,2.0000
0.9140,1.0295,2.0000
0.9150,1.0310,2.0000
0.9160,1.0326,2.0000
0.9170,1.0341,2.0000
0.9180,1.0356,2.0000
0.9190,1.0372,2.0000
0.9200,1.0387,2.0000
0.9210,1.0403,2.0000
0.9220,1.0418,2.0000
0.9230,1.0433,2.0000
0.9240,1.0449,2.0000
0.9250,1.0464,2.0000
0.9260,1.0480,2.0000
0.9270,1.0495,2.0000
0.9280,1.0510,2.0000
0.9290,1.0526,2.0000
0.9300,1.0541,2.0000
0.9310,1.0556,2.0000
0.9320,1.0572,2.0000
0.9330,1.0587,2.0000
0.9340,1.0602,2.0000
0.9350,1.0617,2.0000
0.9360,1.0633,2.0000
0.9370,1.0648,2.0000
0.9380,1.0663,2.0000
0.9390,1.0678,2.0000
0.9400,1.0694,2.0000
0.9410,1.0709,2.0000
0.9420,1.0724,2.0000
0.9430,1.0739,2.0000
0.9440,1.0754,2.0000
0.9450,1.0770,2.0000
0.9460,1.0785,2.0000
0.9470,1.0800,2.0000
0.9480,1.0815,2.0000
0.9490,1.0830,2.0000
0.9500,1.0845,2.0000
0.9510,1.0860,2.0000
0.9520,1.0876,2.0000
0.9530,1.0891,2.0000
0.9540,1.0906,2.0000
0.9550,1.0921,2.0000
0.9560,1.0936,2.0000
0.9570,1.0951,2.0000
0.9580,1.0966,2.0000
0.9590,1.0981,2.0000
0.9600,1.0996,2.0000
0.9610,1.1011,2.0000
0.9620,1.1026,2.0000
0.9630,1.1041,2.0000
0.9640,1.1056,2.0000
0.9650,1.1071,2.0000
0.9660,1.1086,2.0000
0.9670,1.1101,2.0000
0.9680,1.1116,2.0000
0.9690,1.1130,2.0000
0.9700,1.1145,2.0000
0.9710,1.1160,2.0000
0.9720,1.1175,2.0000
0.9730,1.1190,2.0000
0.9740,1.1205,2.0000
0.9750,1.1220,2.0000
0.9760,1.1234,2.0000
0.9770,1.1249,2.0000
0.9780,1.1264,2.0000
0.9790,1.1279,2.0000
0.9800,1.1293,2.0000
0.9810,1.1308,2.0000
0.9820,1.1323,2.0000
0.9830,1.1338,2.0000
0.9840,1.1352,2.0000
0.9850,1.1367,2.0000
0.9860,1.1382,2.0000
0.9870,1.1396,2.0000
0.9880,1.1411,2.0000
0.9890,1.1426,2.0000
0.9900,1.1440,2.0000
0.9910,1.1455,2.0000
0.9920,1.1470,2.0000
0.9930,1.1484,2.0000
0.9940,1.1499,2.0000
0.9950,1.1513,2.0000
0.9960,1.1528,2.0000
0.9970,1.1542,2.0000
0.9980,1.1557,2.0000
0.9990,1.1571,2.0000
1.0000,1.1586,2.0000
1.0010,1.1600,2.0000
1.0020,1.1615,2.0000
1.0030,1.1629,2.0000
1.0040,1.1644,2.0000
1.0050,1.1658,2.0000
1.0060,1.1673,2.0000
1.0070,1.1687,2.0000
1.0080,1.1701,2.0000
1.0090,1.1716,2.0000
1.0100,1.1730,2.0000
1.0110,1.1744,2.0000
1.0120,1.1759,2.0000
1.0130,1.1773,2.0000
1.0140,1.1787,2.0000
1.0150,1.1802,2.0000
1.0160,1.1816,2.0000
1.0170,1.1830,2.0000
1.0180,1.1844,2.0000
1.0190,1.1859,2.0000
1.0200,1.1873,2.0000
1.0210,1.1887,2.0000
1.0220,1.1901,2.0000
1.0230,1.1915,2.0000
1.0240,1.1929,2.0000
1.0250,1.1944,2.0000
1.0260,1.1958,2.0000
1.0270,1.1972,2.0000
1.0280,1.1986,2.0000
1.0290,1.2000,2.0000
1.0300,1.2014,2.0000
1.0310,1.2028,2.0000
1.0320,1.2042,2.0000
1.0330,1.2056,2.0000
1.0340,1.2070,2.0000
1.0350,1.2084,2.0000
1.0360,1.2098,2.0000
1.0370,1.2112,2.0000
1.0380,1.2126,2.0000
1.0390,1.2140,2.0000
1.0400,1.2153,2.0000
1.0410,1.2167,2.0000
1.0420,1.2181,2.0000
1.0430,1.2195,2.0000
1.0440,1.2209,2.0000
1.0450,1.2223,2.0000
1.0460,1.2236,2.0000
1.0470,1.2250,2.0000
1.0480,1.2264,2.0000
1.0490,1.2278,2.0000
1.0500,1.2291,2.0000
1.0510,1.2305,2.0000
1.0520,1.2319,2.0000
1.0530,1.2332,2.0000
1.0540,1.2346,2.0000
1.0550,1.2360,2.0000
1.0560,1.2373,2.0000
1.0570,1.2387,2.0000
1.0580,1.2400,2.0000
1.0590,1.2414,2.0000
1.0600,1.2428,2.0000
1.0610,1.2441,2.0000
1.0620,1.2455,2.0000
1.0630,1.2468,2.0000
1.0640,1.2482,2.0000
1.0650,1.2495,2.0000
1.0660,1.2508,2.0000
1.0670,1.2522,2.0000
1.0680,1.2535,2.0000
1.0690,1.2549,2.0000
1.0700,1.2562,2.0000
1.0710,1.2575,2.0000
1.0720,1.2589,2.0000
1.0730,1.2602,2.0000
1.0740,1.2615,2.0000
1.0750,1.2629,2.0000
1.0760,1.2642,2.0000
1.0770,1.2655,2.0000
1.0780,1.2668,2.0000
1.0790,1.2681,2.0000
1.0800,1.2695,2.0000
1.0810,1.2708,2.0000
1.0820,1.2721,2.0000
1.0830,1.2734,2.0000
1.0840,1.2747,2.0000
1.0850,1.2760,2.0000
1.0860,1.2773,2.0000
1.0870,1.2787,2.0000
1.0880,1.2800,2.0000
1.0890,1.2813,2.0000
1.0900,1.2826,2.0000
1.0910,1.2839,2.0000
1.0920,1.2852,2.0000
1.0930,1.2865,2.0000
1.0940,1.2877,2.0000
1.0950,1.2890,2.0000
1.0960,1.2903,2.0000
1.0970,1.2916,2.0000
1.0980,1.2929,2.0000
1.0990,1.2942,2.0000
1.1000,1.2955,2.0000
1.1010,1.2968,2.0000
1.1020,1.2980,2.0000
1.1030,1.2993,2.0000
1.1040,1.3006,2.0000
1.1050,1.3019,2.0000
1.1060,1.3031,2.0000
1.1070,1.3044,2.0000
1.1080,1.3057,2.0000
1.1090,1.3070,2.0000
1.1100,1.3082,2.0000
1.1110,1.3095,2.0000
1.1120,1.3108,2.0000
1.1130,1.3120,2.0000
1.1140,1.3133,2.0000
1.1150,1.3145,2.0000
1.1160,1.3158,2.0000
1.1170,1.3170,2.0000
1.1180,1.3183,2.0000
1.1190,1.3195,2.0000
1.1200,1.3208,2.0000
1.1210,1.3220,2.0000
1.1220,1.3233,2.0000
1.1230,1.3245,2.0000
1.1240,1.3258,2.0000
1.1250,1.3270,2.0000
1.1260,1.3283,2.0000
1.1270,1.3295,2.0000
1.1280,1.3307,2.0000
1.1290,1.3320,2.0000
1.1300,1.3332,2.0000
1.1310,1.3344,2.0000
1.1320,1.3357,2.0000
1.1330,1.3369,2.0000
1.1340,1.3381,2.0000
1.1350,1.3393,2.0000
1.1360,1.3405,2.0000
1.1370,1.3418,2.0000
1.1380,1.3430,2.0000
1.1390,1.3442,2.0000
1.1400,1.3454,2.0000
1.1410,1.3466,2.0000
1.1420,1.3478,2.0000
1.1430,1.3491,2.0000
1.1440,1.3503,2.0000
1.1450,1.3515,2.0000
1.1460,1.3527,2.0000
1.1470,1.3539,2.0000
1.1480,1.3551,2.0000
1.1490,1.3563,2.0000
1.1500,1.3575,2.0000
1.1510,1.3587,2.0000
1.1520,1.3599,2.0000
1.1530,1.3611,2.0000
1.1540,1.3622,2.0000
1.1550,1.3634,2.0000
1.1560,1.3646,2.0000
1.1570,1.3658,2.0000
1.1580,1.3670,2.0000
1.1590,1.3682,2.0000
1.1600,1.3694,2.0000
1.1610,1.3705,2.0000
1.1620,1.3717,2.0000
1.1630,1.3729,2.0000
1.1640,1.3741,2.0000
1.1650,1.3752,2.0000
1.1660,1.3764,2.0000
1.1670,1.3776,2.0000
1.1680,1.3787,2.0000
1.1690,1.3799,2.0000
1.1700,1.3811,2.0000
1.1710,1.3822,2.0000
1.1720,1.3834,2.0000
1.1730,1.3846,2.0000
1.1740,1.3857,2.0000
1.1750,1.3869,2.0000
1.1760,1.3880,2.0000
1.1770,1.3892,2.0000
1.1780,1.3903,2.0000
1.1790,1.3915,2.0000
1.1800,1.3926,2.0000
1.1810,1.3938,2.0000
1.1820,1.3949,2.0000
1.1830,1.3961,2.0000
1.1840,1.3972,2.0000
1.1850,1.3983,2.0000
1.1860,1.3995,2.0000
1.1870,1.4006,2.0000
1.1880,1.4017,2.0000
1.1890,1.4029,2.0000
1.1900,1.4040,2.0000
1.1910,1.4051,2.0000
1.1920,1.4063,2.0000
1.1930,1.4074,2.0000
1.1940,1.4085,2.0000
1.1950,1.4096,2.0000
1.1960,1.4107,2.0000
1.1970,1.4119,2.0000
1.1980,1.4130,2.0000
1.1990,1.4141,2.0000
1.2000,1.4152,2.0000
1.2010,1.4163,2.0000
1.2020,1.4174,2.0000
1.2030,1.4185,2.0000
1.2040,1.4196,2.0000
1.2050,1.4208,2.0000
1.2060,1.4219,2.0000
1.2070,1.4230,2.0000
1.2080,1.4241,2.0000
1.2090,1.4252,2.0000
1.2100,1.4263,2.0000
1.2110,1.4274,2.0000
1.2120,1.4284,2.0000
1.2130,1.4295,2.0000
1.2140,1.4306,2.0000
1.2150,1.4317,2.0000
1.2160,1.4328,2.0000
1.2170,1.4339,2.0000
1.2180,1.4350,2.0000
1.2190,1.4361,2.0000
1.2200,1.4371,2.0000
1.2210,1.4382,2.0000
1.2220,1.4393,2.0000
1.2230,1.4404,2.0000
1.2240,1.4414,2.0000
1.2250,1.4425,2.0000
1.2260,1.4436,2.0000
1.2270,1.4447,2.0000
1.2280,1.4457,2.0000
1.2290,1.4468,2.0000
1.2300,1.4479,2.0000
1.2310,1.4489,2.0000
1.2320,1.4500,2.0000
1.2330,1.4510,2.0000
1.2340,1.4521,2.0000
1.2350,1.4532,2.0000
1.2360,1.4542,2.0000
1.2370,1.4553,2.0000
1.2380,1.4563,2.0000
1.2390,1.4574,2.0000
1.2400,1.4584,2.0000
1.2410,1.4595,2.0000
1.2420,1.4605,2.0000
1.2430,1.4615,2.0000
1.2440,1.4626,2.0000
1.2450,1.4636,2.0000
1.2460,1.4647,2.0000
1.2470,1.4657,2.0000
1.2480,1.4667,2.0000
1.2490,1.4678,2.0000
1.2500,1.4688,2.0000
1.2510,1.4698,2.0000
1.2520,1.4709,2.0000
1.2530,1.4719,2.0000
1.2540,1.4729,2.0000
1.2550,1.4739,2.0000
1.2560,1.4750,2.0000
1.2570,1.4760,2.0000
1.2580,1.4770,2.0000
1.2590,1.4780,2.0000
1.2600,1.4790,2.0000
1.2610,1.4801,2.0000
1.2620,1.4811,2.0000
1.2630,1.4821,2.0000
1.2640,1.4831,2.0000
1.2650,1.4841,2.0000
1.2660,1.4851,2.0000
1.2670,1.4861,2.0000
1.2680,1.4871,2.0000
1.2690,1.4881,2.0000
1.2700,1.4891,2.0000
1.2710,1.4901,2.0000
1.2720,1.4911,2.0000
1.2730,1.4921,2.0000
1.2740,1.4931,2.0000
1.2750,1.4941,2.0000
1.2760,1.4951,2.0000
1.2770,1.4961,2.0000
1.2780,1.4970,2.0000
1.2790,1.4980,2.0000
1.2800,1.4990,2.0000
1.2810,1.5000,2.0000
1.2820,1.5010,2.0000
1.2830,1.5020,2.0000
1.2840,1.5029,2.0000
1.2850,1.5039,2.0000
1.2860,1.5049,2.0000
1.2870,1.5059,2.0000
1.2880,1.5068,2.0000
1.2890,1.5078,2.0000
1.2900,1.5088,2.0000
1.2910,1.5097,2.0000
1.2920,1.5107,2.0000
1.2930,1.5117,2.0000
1.2940,1.5126,2.0000
1.2950,1.5136,2.0000
1.2960,1.5145,2.0000
1.2970,1.5155,2.0000
1.2980,1.5165,2.0000
1.2990,1.5174,2.0000
1.3000,1.5184,2.0000
1.3010,1.5193,2.0000
1.3020,1.5203,2.0000
1.3030,1.5212,2.0000
1.3040,1.5222,2.0000
1.3050,1.5231,2.0000
1.3060,1.5241,2.0000
1.3070,1.5250,2.0000
1.3080,1.5259,2.0000
1.3090,1.5269,2.0000
1.3100,1.5278,2.0000
1.3110,1.5287,2.0000
1.3120,1.5297,2.0000
1.3130,1.5306,2.0000
1.3140,1.5315,2.0000
1.3150,1.5325,2.0000
1.3160,1.5334,2.0000
1.3170,1.5343,2.0000
1.3180,1.5352,2.0000
1.3190,1.5362,2.0000
1.3200,1.5371,2.0000
1.3210,1.5380,2.0000
1.3220,1.5389,2.0000
1.3230,1.5398,2.0000
1.3240,1.5408,2.0000
1.3250,1.5417,2.0000
1.3260,1.5426,2.0000
1.3270,1.5435,2.0000
1.3280,1.5444,2.0000
1.3290,1.5453,2.0000
1.3300,1.5462,2.0000
1.3310,1.5471,2.0000
1.3320,1.5480,2.0000
1.3330,1.5489,2.0000
1.3340,1.5498,2.0000
1.3350,1.5507,2.0000
1.3360,1.5516,2.0000
1.3370,1.5525,2.0000
1.3380,1.5534,2.0000
1.3390,1.5543,2.0000
1.3400,1.5552,2.0000
1.3410,1.5561,2.0000
1.3420,1.5570,2.0000
1.3430,1.5579,2.0000
1.3440,1.5587,2.0000
1.3450,1.5596,2.0000
1.3460,1.5605,2.0000
1.3470,1.5614,2.0000
1.3480,1.5623,2.0000
1.3490,1.5631,2.0000
1.3500,1.5640,2.0000
1.3510,1.5649,2.0000
1.3520,1.5658,2.0000
1.3530,1.5666,2.0000
1.3540,1.5675,2.0000
1.3550,1.5684,2.0000
1.3560,1.5692,2.0000
1.3570,1.5701,2.0000
1.3580,1.5710,2.0000
1.3590,1.5718,2.0000
1.3600,1.5727,2.0000
1.3610,1.5736,2.0000
1.3620,1.5744,2.0000
1.3630,1.5753,2.0000
1.3640,1.5761,2.0000
1.3650,1.5770,2.0000
1.3660,1.5778,2.0000
1.3670,1.5787,2.0000
1.3680,1.5795,2.0000
1.3690,1.5804,2.0000
1.3700,1.5812,2.0000
1.3710,1.5821,2.0000
1.3720,1.5829,2.0000
1.3730,1.5837,2.0000
1.3740,1.5846,2.0000
1.3750,1.5854,2.0000
1.3760,1.5863,2.0000
1.3770,1.5871,2.0000
1.3780,1.5879,2.0000
1.3790,1.5888,2.0000
1.3800,1.5896,2.0000
1.3810,1.5904,2.0000
1.3820,1.5913,2.0000
1.3830,1.5921,2.0000
1.3840,1.5929,2.0000
1.3850,1.5937,2.0000
1.3860,1.5945,2.0000
1.3870,1.5954,2.0000
1.3880,1.5962,2.0000
1.3890,1.5970,2.0000
1.3900,1.5978,2.0000
1.3910,1.5986,2.0000
1.3920,1.5994,2.0000
1.3930,1.6003,2.0000
1.3940,1.6011,2.0000
1.3950,1.6019,2.0000
1.3960,1.6027,2.0000
1.3970,1.6035,2.0000
1.3980,1.6043,2.0000
1.3990,1.6051,2.0000
1.4000,1.6059,2.0000
1.4010,1.6067,2.0000
1.4020,1.6075,2.0000
1.4030,1.6083,2.0000
1.4040,1.6091,2.0000
1.4050,1.6099,2.0000
1.4060,1.6107,2.0000
1.4070,1.6115,2.0000
1.4080,1.6123,2.0000
1.4090,1.6130,2.0000
1.4100,1.6138,2.0000
1.4110,1.6146,2.0000
1.4120,1.6154,2.0000
1.4130,1.6162,2.0000
1.4140,1.6170,2.0000
1.4150,1.6177,2.0000
1.4160,1.6185,2.0000
1.4170,1.6193,2.0000
1.4180,1.6201,2.0000
1.4190,1.6208,2.0000
1.4200,1.6216,2.0000
1.4210,1.6224,2.0000
1.4220,1.6232,2.0000
1.4230,1.6239,2.0000
1.4240,1.6247,2.0000
1.4250,1.6255,2.0000
1.4260,1.6262,2.0000
1.4270,1.6270,2.0000
1.4280,1.6277,2.0000
1.4290,1.6285,2.0000
1.4300,1.6293,2.0000
1.4310,1.6300,2.0000
1.4320,1.6308,2.0000
1.4330,1.6315,2.0000
1.4340,1.6323,2.0000
1.4350,1.6330,2.0000
1.4360,1.6338,2.0000
1.4370,1.6345,2.0000
1.4380,1.6353,2.0000
1.4390,1.6360,2.0000
1.4400,1.6368,2.0000
1.4410,1.6375,2.0000
1.4420,1.6382,2.0000
1.4430,1.6390,2.0000
1.4440,1.6397,2.0000
1.4450,1.6405,2.0000
1.4460,1.6412,2.0000
1.4470,1.6419,2.0000
1.4480,1.6427,2.0000
1.4490,1.6434,2.0000
1.4500,1.6441,2.0000
1.4510,1.6449,2.0000
1.4520,1.6456,2.0000
1.4530,1.6463,2.0000
1.4540,1.6470,2.0000
1.4550,1.6478,2.0000
1.4560,1.6485,2.0000
1.4570,1.6492,2.0000
1.4580,1.6499,2.0000
1.4590,1.6506,2.0000
1.4600,1.6513,2.0000
1.4610,1.6521,2.0000
1.4620,1.6528,2.0000
1.4630,1.6535,2.0000
1.4640,1.6542,2.0000
1.4650,1.6549,2.0000
1.4660,1.6556,2.0000
1.4670,1.6563,2.0000
1.4680,1.6570,2.0000
1.4690,1.6577,2.0000
1.4700,1.6584,2.0000
1.4710,1.6591,2.0000
1.4720,1.6598,2.0000
1.4730,1.6605,2.0000
1.4740,1.6612,2.0000
1.4750,1.6619,2.0000
1.4760,1.6626,2.0000
1.4770,1.6633,2.0000
1.4780,1.6640,2.0000
1.4790,1.6647,2.0000
1.4800,1.6654,2.0000
1.4810,1.6660,2.0000
1.4820,1.6667,2.0000
1.4830,1.6674,2.0000
1.4840,1.6681,2.0000
1.4850,1.6688,2.0000
1.4860,1.6695,2.0000
1.4870,1.6701,2.0000
1.4880,1.6708,2.0000
1.4890,1.6715,2.0000
1.4900,1.6722,2.0000
1.4910,1.6728,2.0000
1.4920,1.6735,2.0000
1.4930,1.6742,2.0000
1.4940,1.6748,2.0000
1.4950,1.6755,2.0000
1.4960,1.6762,2.0000
1.4970,1.6768,2.0000
1.4980,1.6775,2.0000
1.4990,1.6782,2.0000
1.5000,1.6788,2.0000
1.5010,1.6795,2.0000
1.5020,1.6801,2.0000
1.5030,1.6808,2.0000
1.5040,1.6815,2.0000
1.5050,1.6821,2.0000
1.5060,1.6828,2.0000
1.5070,1.6834,2.0000
1.5080,1.6841,2.0000
1.5090,1.6847,2.0000
1.5100,1.6854,2.0000
1.5110,1.6860,2.0000
1.5120,1.6867,2.0000
1.5130,1.6873,2.0000
1.5140,1.6879,2.0000
1.5150,1.6886,2.0000
1.5160,1.6892,2.0000
1.5170,1.6899,2.0000
1.5180,1.6905,2.0000
1.5190,1.6911,2.0000
1.5200,1.6918,2.0000
1.5210,1.6924,2.0000
1.5220,1.6930,2.0000
1.5230,1.6937,2.0000
1.5240,1.6943,2.0000
1.5250,1.6949,2.0000
1.5260,1.6955,2.0000
1.5270,1.6962,2.0000
1.5280,1.6968,2.0000
1.5290,1.6974,2.0000
1.5300,1.6980,2.0000
1.5310,1.6986,2.0000
1.5320,1.6993,2.0000
1.5330,1.6999,2.0000
1.5340,1.7005,2.0000
1.5350,1.7011,2.0000
1.5360,1.7017,2.0000
1.5370,1.7023,2.0000
1.5380,1.7029,2.0000
1.5390,1.7036,2.0000
1.5400,1.7042,2.0000
1.5410,1.7048,2.0000
1.5420,1.7054,2.0000
1.5430,1.7060,2.0000
1.5440,1.7066,2.0000
1.5450,1.7072,2.0000
1.5460,1.7078,2.0000
1.5470,1.7084,2.0000
1.5480,1.7090,2.0000
1.5490,1.7096,2.0000
1.5500,1.7102,2.0000
1.5510,1.7108,2.0000
1.5520,1.7113,2.0000
1.5530,1.7119,2.0000
1.5540,1.7125,2.0000
1.5550,1.7131,2.0000
1.5560,1.7137,2.0000
1.5570,1.7143,2.0000
1.5580,1.7149,2.0000
1.5590,1.7155,2.0000
1.5600,1.7160,2.0000
1.5610,1.7166,2.0000
1.5620,1.7172,2.0000
1.5630,1.7178,2.0000
1.5640,1.7183,2.0000
1.5650,1.7189,2.0000
1.5660,1.7195,2.0000
1.5670,1.7201,2.0000
1.5680,1.7206,2.0000
1.5690,1.7212,2.0000
1.5700,1.7218,2.0000
1.5710,1.7223,2.0000
1.5720,1.7229,2.0000
1.5730,1.7235,2.0000
1.5740,1.7240,2.0000
1.5750,1.7246,2.0000
1.5760,1.7252,2.0000
1.5770,1.7257,2.0000
1.5780,1.7263,2.0000
1.5790,1.7268,2.0000
1.5800,1.7274,2.0000
1.5810,1.7279,2.0000
1.5820,1.7285,2.0000
1.5830,1.7291,2.0000
1.5840,1.7296,2.0000
1.5850,1.7302,2.0000
1.5860,1.7307,2.0000
1.5870,1.7313,2.0000
1.5880,1.7318,2.0000
1.5890,1.7323,2.0000
1.5900,1.7329,2.0000
1.5910,1.7334,2.0000
1.5920,1.7340,2.0000
1.5930,1.7345,2.0000
1.5940,1.7350,2.0000
1.5950,1.7356,2.0000
1.5960,1.7361,2.0000
1.5970,1.7367,2.0000
1.5980,1.7372,2.0000
1.5990,1.7377,2.0000
1.6000,1.7383,2.0000
1.6010,1.7388,2.0000
1.6020,1.7393,2.0000
1.6030,1.7398,2.0000
1.6040,1.7404,2.0000
1.6050,1.7409,2.0000
1.6060,1.7414,2.0000
1.6070,1.7419,2.0000
1.6080,1.7425,2.0000
1.6090,1.7430,2.0000
1.6100,1.7435,2.0000
1.6110,1.7440,2.0000
1.6120,1.7445,2.0000
1.6130,1.7450,2.0000
1.6140,1.7456,2.0000
1.6150,1.7461,2.0000
1.6160,1.7466,2.0000
1.6170,1.7471,2.0000
1.6180,1.7476,2.0000
1.6190,1.7481,2.0000
1.6200,1.7486,2.0000
1.6210,1.7491,2.0000
1.6220,1.7496,2.0000
1.6230,1.7501,2.0000
1.6240,1.7506,2.0000
1.6250,1.7511,2.0000
1.6260,1.7516,2.0000
1.6270,1.7521,2.0000
1.6280,1.7526,2.0000
1.6290,1.7531,2.0000
1.6300,1.7536,2.0000
1.6310,1.7541,2.0000
1.6320,1.7546,2.0000
1.6330,1.7551,2.0000
1.6340,1.7556,2.0000
1.6350,1.7561,2.0000
1.6360,1.7565,2.0000
1.6370,1.7570,2.0000
1.6380,1.7575,2.0000
1.6390,1.7580,2.0000
1.6400,1.7585,2.0000
1.6410,1.7590,2.0000
1.6420,1.7594,2.0000
1.6430,1.7599,2.0000
1.6440,1.7604,2.0000
1.6450,1.7609,2.0000
1.6460,1.7614,2.0000
1.6470,1.7618,2.0000
1.6480,1.7623,2.0000
1.6490,1.7628,2.0000
1.6500,1.7632,2.0000
1.6510,1.7637,2.0000
1.6520,1.7642,2.0000
1.6530,1.7646,2.0000
1.6540,1.7651,2.0000
1.6550,1.7656,2.0000
1.6560,1.7660,2.0000
1.6570,1.7665,2.0000
1.6580,1.7670,2.0000
1.6590,1.7674,2.0000
1.6600,1.7679,2.0000
1.6610,1.7683,2.0000
1.6620,1.7688,2.0000
1.6630,1.7692,2.0000
1.6640,1.7697,2.0000
1.6650,1.7702,2.0000
1.6660,1.7706,2.0000
1.6670,1.7711,2.0000
1.6680,1.7715,2.0000
1.6690,1.7720,2.0000
1.6700,1.7724,2.0000
1.6710,1.7728,2.0000
1.6720,1.7733,2.0000
1.6730,1.7737,2.0000
1.6740,1.7742,2.0000
1.6750,1.7746,2.0000
1.6760,1.7751,2.0000
1.6770,1.7755,2.0000
1.6780,1.7759,2.0000
1.6790,1.7764,2.0000
1.6800,1.7768,2.0000
1.6810,1.7772,2.0000
1.6820,1.7777,2.0000
1.6830,1.7781,2.0000
1.6840,1.7785,2.0000
1.6850,1.7790,2.0000
1.6860,1.7794,2.0000
1.6870,1.7798,2.0000
1.6880,1.7802,2.0000
1.6890,1.7807,2.0000
1.6900,1.7811,2.0000
1.6910,1.7815,2.0000
1.6920,1.7819,2.0000
1.6930,1.7824,2.0000
1.6940,1.7828,2.0000
1.6950,1.7832,2.0000
1.6960,1.7836,2.0000
1.6970,1.7840,2.0000
1.6980,1.7844,2.0000
1.6990,1.7849,2.0000
1.7000,1.7853,2.0000
1.7010,1.7857,2.0000
1.7020,1.7861,2.0000
1.7030,1.7865,2.0000
1.7040,1.7869,2.0000
1.7050,1.7873,2.0000
1.7060,1.7877,2.0000
1.7070,1.7881,2.0000
1.7080,1.7885,2.0000
1.7090,1.7889,2.0000
1.7100,1.7893,2.0000
1.7110,1.7897,2.0000
1.7120,1.7901,2.0000
1.7130,1.7905,2.0000
1.7140,1.7909,2.0000
1.7150,1.7913,2.0000
1.7160,1.7917,2.0000
1.7170,1.7921,2.0000
1.7180,1.7925,2.0000
1.7190,1.7929,2.0000
1.7200,1.7933,2.0000
1.7210,1.7937,2.0000
1.7220,1.7941,2.0000
1.7230,1.7945,2.0000
1.7240,1.7948,2.0000
1.7250,1.7952,2.0000
1.7260,1.7956,2.0000
1.7270,1.7960,2.0000
1.7280,1.7964,2.0000
1.7290,1.7967,2.0000
1.7300,1.7971,2.0000
1.7310,1.7975,2.0000
1.7320,1.7979,2.0000
1.7330,1.7983,2.0000
1.7340,1.7986,2.0000
1.7350,1.7990,2.0000
1.7360,1.7994,2.0000
1.7370,1.7998,2.0000
1.7380,1.8001,2.0000
1.7390,1.8005,2.0000
1.7400,1.8009,2.0000
1.7410,1.8012,2.0000
1.7420,1.8016,2.0000
1.7430,1.8020,2.0000
1.7440,1.8023,2.0000
1.7450,1.8027,2.0000
1.7460,1.8030,2.0000
1.7470,1.8034,2.0000
1.7480,1.8038,2.0000
1.7490,1.8041,2.0000
1.7500,1.8045,2.0000
1.7510,1.8048,2.0000
1.7520,1.8052,2.0000
1.7530,1.8056,2.0000
1.7540,1.8059,2.0000
1.7550,1.8063,2.0000
1.7560,1.8066,2.0000
1.7570,1.8070,2.0000
1.7580,1.8073,2.0000
1.7590,1.8077,2.0000
1.7600,1.8080,2.0000
1.7610,1.8083,2.0000
1.7620,1.8087,2.0000
1.7630,1.8090,2.0000
1.7640,1.8094,2.0000
1.7650,1.8097,2.0000
1.7660,1.8101,2.0000
1.7670,1.8104,2.0000
1.7680,1.8107,2.0000
1.7690,1.8111,2.0000
1.7700,1.8114,2.0000
1.7710,1.8117,2.0000
1.7720,1.8121,2.0000
1.7730,1.8124,2.0000
1.7740,1.8127,2.0000
1.7750,1.8131,2.0000
1.7760,1.8134,2.0000
1.7770,1.8137,2.0000
1.7780,1.8141,2.0000
1.7790,1.8144,2.0000
1.7800,1.8147,2.0000
1.7810,1.8150,2.0000
1.7820,1.8154,2.0000
1.7830,1.8157,2.0000
1.7840,1.8160,2.0000
1.7850,1.8163,2.0000
1.7860,1.8167,2.0000
1.7870,1.8170,2.0000
1.7880,1.8173,2.0000
1.7890,1.8176,2.0000
1.7900,1.8179,2.0000
1.7910,1.8182,2.0000
1.7920,1.8185,2.0000
1.7930,1.8189,2.0000
1.7940,1.8192,2.0000
1.7950,1.8195,2.0000
1.7960,1.8198,2.0000
1.7970,1.8201,2.0000
1.7980,1.8204,2.0000
1.7990,1.8207,2.0000
1.8000,1.8210,2.0000
1.8010,1.8213,2.0000
1.8020,1.8216,2.0000
1.8030,1.8219,2.0000
1.8040,1.8222,2.0000
1.8050,1.8225,2.0000
1.8060,1.8228,2.0000
1.8070,1.8231,2.0000
1.8080,1.8234,2.0000
1.8090,1.8237,2.0000
1.8100,1.8240,2.0000
1.8110,1.8243,2.0000
1.8120,1.8246,2.0000
1.8130,1.8249,2.0000
1.8140,1.8252,2.0000
1.8150,1.8255,2.0000
1.8160,1.8258,2.0000
1.8170,1.8261,2.0000
1.8180,1.8263,2.0000
1.8190,1.8266,2.0000
1.8200,1.8269,2.0000
1.8210,1.8272,2.0000
1.8220,1.8275,2.0000
1.8230,1.8278,2.0000
1.8240,1.8280,2.0000
1.8250,1.8283,2.0000
1.8260,1.8286,2.0000
1.8270,1.8289,2.0000
1.8280,1.8292,2.0000
1.8290,1.8294,2.0000
1.8300,1.8297,2.0000
1.8310,1.8300,2.0000
1.8320,1.8303,2.0000
1.8330,1.8305,2.0000
1.8340,1.8308,2.0000
1.8350,1.8311,2.0000
1.8360,1.8313,2.0000
1.8370,1.8316,2.0000
1.8380,1.8319,2.0000
1.8390,1.8322,2.0000
1.8400,1.8324,2.0000
1.8410,1.8327,2.0000
1.8420,1.8329,2.0000
1.8430,1.8332,2.0000
1.8440,1.8335,2.0000
1.8450,1.8337,2.0000
1.8460,1.8340,2.0000
1.8470,1.8342,2.0000
1.8480,1.8345,2.0000
1.8490,1.8348,2.0000
1.8500,1.8350,2.0000
1.8510,1.8353,2.0000
1.8520,1.8355,2.0000
1.8530,1.8358,2.0000
1.8540,1.8360,2.0000
1.8550,1.8363,2.0000
1.8560,1.8365,2.0000
1.8570,1.8368,2.0000
1.8580,1.8370,2.0000
1.8590,1.8373,2.0000
1.8600,1.8375,2.0000
1.8610,1.8378,2.0000
1.8620,1.8380,2.0000
1.8630,1.8383,2.0000
1.8640,1.8385,2.0000
1.8650,1.8387,2.0000
1.8660,1.8390,2.0000
1.8670,1.8392,2.0000
1.8680,1.8395,2.0000
1.8690,1.8397,2.0000
1.8700,1.8399,2.0000
1.8710,1.8402,2.0000
1.8720,1.8404,2.0000
1.8730,1.8406,2.0000
1.8740,1.8409,2.0000
1.8750,1.8411,2.0000
1.8760,1.8413,2.0000
1.8770,1.8416,2.0000
1.8780,1.8418,2.0000
1.8790,1.8420,2.0000
1.8800,1.8423,2.0000
1.8810,1.8425,2.0000
1.8820,1.8427,2.0000
1.8830,1.8429,2.0000
1.8840,1.8432,2.0000
1.8850,1.8434,2.0000
1.8860,1.8436,2.0000
1.8870,1.8438,2.0000
1.8880,1.8440,2.0000
1.8890,1.8443,2.0000
1.8900,1.8445,2.0000
1.8910,1.8447,2.0000
1.8920,1.8449,2.0000
1.8930,1.8451,2.0000
1.8940,1.8454,2.0000
1.8950,1.8456,2.0000
1.8960,1.8458,2.0000
1.8970,1.8460,2.0000
1.8980,1.8462,2.0000
1.8990,1.8464,2.0000
1.9000,1.8466,2.0000
1.9010,1.8468,2.0000
1.9020,1.8470,2.0000
1.9030,1.8472,2.0000
1.9040,1.8475,2.0000
1.9050,1.8477,2.0000
1.9060,1.8479,2.0000
1.9070,1.8481,2.0000
1.9080,1.8483,2.0000
1.9090,1.8485,2.0000
1.9100,1.8487,2.0000
1.9110,1.8489,2.0000
1.9120,1.8491,2.0000
1.9130,1.8493,2.0000
1.9140,1.8495,2.0000
1.9150,1.8497,2.0000
1.9160,1.8499,2.0000
1.9170,1.8500,2.0000
1.9180,1.8502,2.0000
1.9190,1.8504,2.0000
1.9200,1.8506,2.0000
1.9210,1.8508,2.0000
1.9220,1.8510,2.0000
1.9230,1.8512,2.0000
1.9240,1.8514,2.0000
1.9250,1.8516,2.0000
1.9260,1.8518,2.0000
1.9270,1.8519,2.0000
1.9280,1.8521,2.0000
1.9290,1.8523,2.0000
1.9300,1.8525,2.0000
1.9310,1.8527,2.0000
1.9320,1.8529,2.0000
1.9330,1.8530,2.0000
1.9340,1.8532,2.0000
1.9350,1.8534,2.0000
1.9360,1.8536,2.0000
1.9370,1.8537,2.0000
1.9380,1.8539,2.0000
1.9390,1.8541,2.0000
1.9400,1.8543,2.0000
1.9410,1.8544,2.0000
1.9420,1.8546,2.0000
1.9430,1.8548,2.0000
1.9440,1.8550,2.0000
1.9450,1.8551,2.0000
1.9460,1.8553,2.0000
1.9470,1.8555,2.0000
1.9480,1.8556,2.0000
1.9490,1.8558,2.0000
1.9500,1.8560,2.0000
1.9510,1.8561,2.0000
1.9520,1.8563,2.0000
1.9530,1.8565,2.0000
1.9540,1.8566,2.0000
1.9550,1.8568,2.0000
1.9560,1.8569,2.0000
1.9570,1.8571,2.0000
1.9580,1.8573,2.0000
1.9590,1.8574,2.0000
1.9600,1.8576,2.0000
1.9610,1.8577,2.0000
1.9620,1.8579,2.0000
1.9630,1.8580,2.0000
1.9640,1.8582,2.0000
1.9650,1.8583,2.0000
1.9660,1.8585,2.0000
1.9670,1.8586,2.0000
1.9680,1.8588,2.0000
1.9690,1.8589,2.0000
1.9700,1.8591,2.0000
1.9710,1.8592,2.0000
1.9720,1.8594,2.0000
1.9730,1.8595,2.0000
1.9740,1.8597,2.0000
1.9750,1.8598,2.0000
1.9760,1.8600,2.0000
1.9770,1.8601,2.0000
1.9780,1.8603,2.0000
1.9790,1.8604,2.0000
1.9800,1.8605,2.0000
1.9810,1.8607,2.0000
1.9820,1.8608,2.0000
1.9830,1.8610,2.0000
1.9840,1.8611,2.0000
1.9850,1.8612,2.0000
1.9860,1.8614,2.0000
1.9870,1.8615,2.0000
1.9880,1.8616,2.0000
1.9890,1.8618,2.0000
1.9900,1.8619,2.0000
1.9910,1.8620,2.0000
1.9920,1.8622,2.0000
1.9930,1.8623,2.0000
1.9940,1.8624,2.0000
1.9950,1.8625,2.0000
1.9960,1.8627,2.0000
1.9970,1.8628,2.0000
1.9980,1.8629,2.0000
1.9990,1.8631,2.0000
2.0000,1.8632,2.0000
2.0010,1.8633,2.0000
2.0020,1.8634,2.0000
2.0030,1.8635,2.0000
2.0040,1.8637,2.0000
2.0050,1.8638,2.0000
2.0060,1.8639,2.0000
2.0070,1.8640,2.0000
2.0080,1.8641,2.0000
2.0090,1.8643,2.0000
2.0100,1.8644,2.0000
2.0110,1.8645,2.0000
2.0120,1.8646,2.0000
2.0130,1.8647,2.0000
2.0140,1.8648,2.0000
2.0150,1.8649,2.0000
2.0160,1.8651,2.0000
2.0170,1.8652,2.0000
2.0180,1.8653,2.0000
2.0190,1.8654,2.0000
2.0200,1.8655,2.0000
2.0210,1.8656,2.0000
2.0220,1.8657,2.0000
2.0230,1.8658,2.0000
2.0240,1.8659,2.0000
2.0250,1.8660,2.0000
2.0260,1.8661,2.0000
2.0270,1.8662,2.0000
2.0280,1.8663,2.0000
2.0290,1.8664,2.0000
2.0300,1.8665,2.0000
2.0310,1.8666,2.0000
2.0320,1.8667,2.0000
2.0330,1.8668,2.0000
2.0340,1.8669,2.0000
2.0350,1.8670,2.0000
2.0360,1.8671,2.0000
2.0370,1.8672,2.0000
2.0380,1.8673,2.0000
2.0390,1.8674,2.0000
2.0400,1.8675,2.0000
2.0410,1.8676,2.0000
2.0420,1.8677,2.0000
2.0430,1.8678,2.0000
2.0440,1.8679,2.0000
2.0450,1.8680,2.0000
2.0460,1.8681,2.0000
2.0470,1.8681,2.0000
2.0480,1.8682,2.0000
2.0490,1.8683,2.0000
2.0500,1.8684,2.0000
2.0510,1.8685,2.0000
2.0520,1.8686,2.0000
2.0530,1.8687,2.0000
2.0540,1.8687,2.0000
2.0550,1.8688,2.0000
2.0560,1.8689,2.0000
2.0570,1.8690,2.0000
2.0580,1.8691,2.0000
2.0590,1.8691,2.0000
2.0600,1.8692,2.0000
2.0610,1.8693,2.0000
2.0620,1.8694,2.0000
2.0630,1.8695,2.0000
2.0640,1.8695,2.0000
2.0650,1.8696,2.0000
2.0660,1.8697,2.0000
2.0670,1.8698,2.0000
2.0680,1.8698,2.0000
2.0690,1.8699,2.0000
2.0700,1.8700,2.0000
2.0710,1.8700,2.0000
2.0720,1.8701,2.0000
2.0730,1.8702,2.0000
2.0740,1.8703,2.0000
2.0750,1.8703,2.0000
2.0760,1.8704,2.0000
2.0770,1.8705,2.0000
2.0780,1.8705,2.0000
2.0790,1.8706,2.0000
2.0800,1.8707,2.0000
2.0810,1.8707,2.0000
2.0820,1.8708,2.0000
2.0830,1.8708,2.0000
2.0840,1.8709,2.0000
2.0850,1.8710,2.0000
2.0860,1.8710,2.0000
2.0870,1.8711,2.0000
2.0880,1.8711,2.0000
2.0890,1.8712,2.0000
2.0900,1.8713,2.0000
2.0910,1.8713,2.0000
2.0920,1.8714,2.0000
2.0930,1.8714,2.0000
2.0940,1.8715,2.0000
2.0950,1.8715,2.0000
2.0960,1.8716,2.0000
2.0970,1.8717,2.0000
2.0980,1.8717,2.0000
2.0990,1.8718,2.0000
2.1000,1.8718,2.0000
2.1010,1.8719,2.0000
2.1020,1.8719,2.0000
2.1030,1.8720,2.0000
2.1040,1.8720,2.0000
2.1050,1.8721,2.0000
2.1060,1.8721,2.0000
2.1070,1.8722,2.0000
2.1080,1.8722,2.0000
2.1090,1.8722,2.0000
2.1100,1.8723,2.0000
2.1110,1.8723,2.0000
2.1120,1.8724,2.0000
2.1130,1.8724,2.0000
2.1140,1.8725,2.0000
2.1150,1.8725,2.0000
2.1160,1.8725,2.0000
2.1170,1.8726,2.0000
2.1180,1.8726,2.0000
2.1190,1.8727,2.0000
2.1200,1.8727,2.0000
2.1210,1.8727,2.0000
2.1220,1.8728,2.0000
2.1230,1.8728,2.0000
2.1240,1.8729,2.0000
2.1250,1.8729,2.0000
2.1260,1.8729,2.0000
2.1270,1.8730,2.0000
2.1280,1.8730,2.0000
2.1290,1.8730,2.0000
2.1300,1.8731,2.0000
2.1310,1.8731,2.0000
2.1320,1.8731,2.0000
2.1330,1.8732,2.0000
2.1340,1.8732,2.0000
2.1350,1.8732,2.0000
2.1360,1.8732,2.0000
2.1370,1.8733,2.0000
2.1380,1.8733,2.0000
2.1390,1.8733,2.0000
2.1400,1.8734,2.0000
2.1410,1.8734,2.0000
2.1420,1.8734,2.0000
2.1430,1.8734,2.0000
2.1440,1.8735,2.0000
2.1450,1.8735,2.0000
2.1460,1.8735,2.0000
2.1470,1.8735,2.0000
2.1480,1.8735,2.0000
2.1490,1.8736,2.0000
2.1500,1.8736,2.0000
2.1510,1.8736,2.0000
2.1520,1.8736,2.0000
2.1530,1.8736,2.0000
2.1540,1.8737,2.0000
2.1550,1.8737,2.0000
2.1560,1.8737,2.0000
2.1570,1.8737,2.0000
2.1580,1.8737,2.0000
2.1590,1.8738,2.0000
2.1600,1.8738,2.0000
2.1610,1.8738,2.0000
2.1620,1.8738,2.0000
2.1630,1.8738,2.0000
2.1640,1.8738,2.0000
2.1650,1.8738,2.0000
2.1660,1.8739,2.0000
2.1670,1.8739,2.0000
2.1680,1.8739,2.0000
2.1690,1.8739,2.0000
2.1700,1.8739,2.0000
2.1710,1.8739,2.0000
2.1720,1.8739,2.0000
2.1730,1.8739,2.0000
2.1740,1.8739,2.0000
2.1750,1.8739,2.0000
2.1760,1.8739,2.0000
2.1770,1.8740,2.0000
2.1780,1.8740,2.0000
2.1790,1.8740,2.0000
2.1800,1.8740,2.0000
2.1810,1.8740,2.0000
2.1820,1.8740,2.0000
2.1830,1.8740,2.0000
2.1840,1.8740,2.0000
2.1850,1.8740,2.0000
2.1860,1.8740,2.0000
2.1870,1.8740,2.0000
2.1880,1.8740,2.0000
2.1890,1.8740,2.0000
2.1900,1.8740,2.0000
2.1910,1.8740,2.0000
2.1920,1.8740,2.0000
2.1930,1.8740,2.0000
2.1940,1.8740,2.0000
2.1950,1.8740,2.0000
2.1960,1.8740,2.0000
2.1970,1.8740,2.0000
2.1980,1.8740,2.0000
2.1990,1.8740,2.0000
2.2000,1.8740,2.0000
2.2010,1.8740,2.0000
2.2020,1.8740,2.0000
2.2030,1.8740,2.0000
2.2040,1.8739,2.0000
2.2050,1.8739,2.0000
2.2060,1.8739,2.0000
2.2070,1.8739,2.0000
2.2080,1.8739,2.0000
2.2090,1.8739,2.0000
2.2100,1.8739,2.0000
2.2110,1.8739,2.0000
2.2120,1.8739,2.0000
2.2130,1.8739,2.0000
2.2140,1.8739,2.0000
2.2150,1.8738,2.0000
2.2160,1.8738,2.0000
2.2170,1.8738,2.0000
2.2180,1.8738,2.0000
2.2190,1.8738,2.0000
2.2200,1.8738,2.0000
2.2210,1.8738,2.0000
2.2220,1.8738,2.0000
2.2230,1.8737,2.0000
2.2240,1.8737,2.0000
2.2250,1.8737,2.0000
2.2260,1.8737,2.0000
2.2270,1.8737,2.0000
2.2280,1.8737,2.0000
2.2290,1.8736,2.0000
2.2300,1.8736,2.0000
2.2310,1.8736,2.0000
2.2320,1.8736,2.0000
2.2330,1.8736,2.0000
2.2340,1.8736,2.0000
2.2350,1.8735,2.0000
2.2360,1.8735,2.0000
2.2370,1.8735,2.0000
2.2380,1.8735,2.0000
2.2390,1.8735,2.0000
2.2400,1.8734,2.0000
2.2410,1.8734,2.0000
2.2420,1.8734,2.0000
2.2430,1.8734,2.0000
2.2440,1.8733,2.0000
2.2450,1.8733,2.0000
2.2460,1.8733,2.0000
2.2470,1.8733,2.0000
2.2480,1.8732,2.0000
2.2490,1.8732,2.0000
2.2500,1.8732,2.0000
2.2510,1.8732,2.0000
2.2520,1.8731,2.0000
2.2530,1.8731,2.0000
2.2540,1.8731,2.0000
2.2550,1.8731,2.0000
2.2560,1.8730,2.0000
2.2570,1.8730,2.0000
2.2580,1.8730,2.0000
2.2590,1.8730,2.0000
2.2600,1.8729,2.0000
2.2610,1.8729,2.0000
2.2620,1.8729,2.0000
2.2630,1.8728,2.0000
2.2640,1.8728,2.0000
2.2650,1.8728,2.0000
2.2660,1.8727,2.0000
2.2670,1.8727,2.0000
2.2680,1.8727,2.0000
2.2690,1.8727,2.0000
2.2700,1.8726,2.0000
2.2710,1.8726,2.0000
2.2720,1.8726,2.0000
2.2730,1.8725,2.0000
2.2740,1.8725,2.0000
2.2750,1.8725,2.0000
2.2760,1.8724,2.0000
2.2770,1.8724,2.0000
2.2780,1.8724,2.0000
2.2790,1.8723,2.0000
2.2800,1.8723,2.0000
2.2810,1.8723,2.0000
2.2820,1.8722,2.0000
2.2830,1.8722,2.0000
2.2840,1.8721,2.0000
2.2850,1.8721,2.0000
2.2860,1.8721,2.0000
2.2870,1.8720,2.0000
2.2880,1.8720,2.0000
2.2890,1.8720,2.0000
2.2900,1.8719,2.0000
2.2910,1.8719,2.0000
2.2920,1.8718,2.0000
2.2930,1.8718,2.0000
2.2940,1.8718,2.0000
2.2950,1.8717,2.0000
2.2960,1.8717,2.0000
2.2970,1.8717,2.0000
2.2980,1.8716,2.0000
2.2990,1.8716,2.0000
2.3000,1.8715,2.0000
2.3010,1.8715,2.0000
2.3020,1.8714,2.0000
2.3030,1.8714,2.0000
2.3040,1.8714,2.0000
2.3050,1.8713,2.0000
2.3060,1.8713,2.0000
2.3070,1.8712,2.0000
2.3080,1.8712,2.0000
2.3090,1.8712,2.0000
2.3100,1.8711,2.0000
2.3110,1.8711,2.0000
2.3120,1.8710,2.0000
2.3130,1.8710,2.0000
2.3140,1.8709,2.0000
2.3150,1.8709,2.0000
2.3160,1.8709,2.0000
2.3170,1.8708,2.0000
2.3180,1.8708,2.0000
2.3190,1.8707,2.0000
2.3200,1.8707,2.0000
2.3210,1.8706,2.0000
2.3220,1.8706,2.0000
2.3230,1.8705,2.0000
2.3240,1.8705,2.0000
2.3250,1.8704,2.0000
2.3260,1.8704,2.0000
2.3270,1.8704,2.0000
2.3280,1.8703,2.0000
2.3290,1.8703,2.0000
2.3300,1.8702,2.0000
2.3310,1.8702,2.0000
2.3320,1.8701,2.0000
2.3330,1.8701,2.0000
2.3340,1.8700,2.0000
2.3350,1.8700,2.0000
2.3360,1.8699,2.0000
2.3370,1.8699,2.0000
2.3380,1.8698,2.0000
2.3390,1.8698,2.0000
2.3400,1.8697,2.0000
2.3410,1.8697,2.0000
2.3420,1.8696,2.0000
2.3430,1.8696,2.0000
2.3440,1.8695,2.0000
2.3450,1.8695,2.0000
2.3460,1.8694,2.0000
2.3470,1.8694,2.0000
2.3480,1.8693,2.0000
2.3490,1.8693,2.0000
2.3500,1.8692,2.0000
2.3510,1.8692,2.0000
2.3520,1.8691,2.0000
2.3530,1.8691,2.0000
2.3540,1.8690,2.0000
2.3550,1.8690,2.0000
2.3560,1.8689,2.0000
2.3570,1.8689,2.0000
2.3580,1.8688,2.0000
2.3590,1.8688,2.0000
2.3600,1.8687,2.0000
2.3610,1.8687,2.0000
2.3620,1.8686,2.0000
2.3630,1.8686,2.0000
2.3640,1.8685,2.0000
2.3650,1.8685,2.0000
2.3660,1.8684,2.0000
2.3670,1.8684,2.0000
2.3680,1.8683,2.0000
2.3690,1.8683,2.0000
2.3700,1.8682,2.0000
2.3710,1.8681,2.0000
2.3720,1.8681,2.0000
2.3730,1.8680,2.0000
2.3740,1.8680,2.0000
2.3750,1.8679,2.0000
2.3760,1.8679,2.0000
2.3770,1.8678,2.0000
2.3780,1.8678,2.0000
2.3790,1.8677,2.0000
2.3800,1.8677,2.0000
2.3810,1.8676,2.0000
2.3820,1.8676,2.0000
2.3830,1.8675,2.0000
2.3840,1.8674,2.0000
2.3850,1.8674,2.0000
2.3860,1.8673,2.0000
2.3870,1.8673,2.0000
2.3880,1.8672,2.0000
2.3890,1.8672,2.0000
2.3900,1.8671,2.0000
2.3910,1.8671,2.0000
2.3920,1.8670,2.0000
2.3930,1.8670,2.0000
2.3940,1.8669,2.0000
2.3950,1.8668,2.0000
2.3960,1.8668,2.0000
2.3970,1.8667,2.0000
2.3980,1.8667,2.0000
2.3990,1.8666,2.0000
2.4000,1.8666,2.0000
2.4010,1.8665,2.0000
2.4020,1.8665,2.0000
2.4030,1.8664,2.0000
2.4040,1.8664,2.0000
2.4050,1.8663,2.0000
2.4060,1.8662,2.0000
2.4070,1.8662,2.0000
2.4080,1.8661,2.0000
2.4090,1.8661,2.0000
2.4100,1.8660,2.0000
2.4110,1.8660,2.0000
2.4120,1.8659,2.0000
2.4130,1.8659,2.0000
2.4140,1.8658,2.0000
2.4150,1.8657,2.0000
2.4160,1.8657,2.0000
2.4170,1.8656,2.0000
2.4180,1.8656,2.0000
2.4190,1.8655,2.0000
2.4200,1.8655,2.0000
2.4210,1.8654,2.0000
2.4220,1.8654,2.0000
2.4230,1.8653,2.0000
2.4240,1.8652,2.0000
2.4250,1.8652,2.0000
2.4260,1.8651,2.0000
2.4270,1.8651,2.0000
2.4280,1.8650,2.0000
2.4290,1.8650,2.0000
2.4300,1.8649,2.0000
2.4310,1.8649,2.0000
2.4320,1.8648,2.0000
2.4330,1.8647,2.0000
2.4340,1.8647,2.0000
2.4350,1.8646,2.0000
2.4360,1.8646,2.0000
2.4370,1.8645,2.0000
2.4380,1.8645,2.0000
2.4390,1.8644,2.0000
2.4400,1.8644,2.0000
2.4410,1.8643,2.0000
2.4420,1.8643,2.0000
2.4430,1.8642,2.0000
2.4440,1.8641,2.0000
2.4450,1.8641,2.0000
2.4460,1.8640,2.0000
2.4470,1.8640,2.0000
2.4480,1.8639,2.0000
2.4490,1.8639,2.0000
2.4500,1.8638,2.0000
2.4510,1.8638,2.0000
2.4520,1.8637,2.0000
2.4530,1.8636,2.0000
2.4540,1.8636,2.0000
2.4550,1.8635,2.0000
2.4560,1.8635,2.0000
2.4570,1.8634,2.0000
2.4580,1.8634,2.0000
2.4590,1.8633,2.0000
2.4600,1.8633,2.0000
2.4610,1.8632,2.0000
2.4620,1.8632,2.0000
2.4630,1.8631,2.0000
2.4640,1.8631,2.0000
2.4650,1.8630,2.0000
2.4660,1.8629,2.0000
2.4670,1.8629,2.0000
2.4680,1.8628,2.0000
2.4690,1.8628,2.0000
2.4700,1.8627,2.0000
2.4710,1.8627,2.0000
2.4720,1.8626,2.0000
2.4730,1.8626,2.0000
2.4740,1.8625,2.0000
2.4750,1.8625,2.0000
2.4760,1.8624,2.0000
2.4770,1.8624,2.0000
2.4780,1.8623,2.0000
2.4790,1.8623,2.0000
2.4800,1.8622,2.0000
2.4810,1.8622,2.0000
2.4820,1.8621,2.0000
2.4830,1.8621,2.0000
2.4840,1.8620,2.0000
2.4850,1.8619,2.0000
2.4860,1.8619,2.0000
2.4870,1.8618,2.0000
2.4880,1.8618,2.0000
2.4890,1.8617,2.0000
2.4900,1.8617,2.0000
2.4910,1.8616,2.0000
2.4920,1.8616,2.0000
2.4930,1.8615,2.0000
2.4940,1.8615,2.0000
2.4950,1.8614,2.0000
2.4960,1.8614,2.0000
2.4970,1.8613,2.0000
2.4980,1.8613,2.0000
2.4990,1.8612,2.0000
2.5000,1.8612,2.0000
2.5010,1.8611,2.0000
2.5020,1.8611,2.0000
2.5030,1.8610,2.0000
2.5040,1.8610,2.0000
2.5050,1.8609,2.0000
2.5060,1.8609,2.0000
2.5070,1.8608,2.0000
2.5080,1.8608,2.0000
2.5090,1.8608,2.0000
2.5100,1.8607,2.0000
2.5110,1.8607,2.0000
2.5120,1.8606,2.0000
2.5130,1.8606,2.0000
2.5140,1.8605,2.0000
2.5150,1.8605,2.0000
2.5160,1.8604,2.0000
2.5170,1.8604,2.0000
2.5180,1.8603,2.0000
2.5190,1.8603,2.0000
2.5200,1.8602,2.0000
2.5210,1.8602,2.0000
2.5220,1.8601,2.0000
2.5230,1.8601,2.0000
2.5240,1.8601,2.0000
2.5250,1.8600,2.0000
2.5260,1.8600,2.0000
2.5270,1.8599,2.0000
2.5280,1.8599,2.0000
2.5290,1.8598,2.0000
2.5300,1.8598,2.0000
2.5310,1.8597,2.0000
2.5320,1.8597,2.0000
2.5330,1.8597,2.0000
2.5340,1.8596,2.0000
2.5350,1.8596,2.0000
2.5360,1.8595,2.0000
2.5370,1.8595,2.0000
2.5380,1.8594,2.0000
2.5390,1.8594,2.0000
2.5400,1.8594,2.0000
2.5410,1.8593,2.0000
2.5420,1.8593,2.0000
2.5430,1.8592,2.0000
2.5440,1.8592,2.0000
2.5450,1.8591,2.0000
2.5460,1.8591,2.0000
2.5470,1.8591,2.0000
2.5480,1.8590,2.0000
2.5490,1.8590,2.0000
2.5500,1.8589,2.0000
2.5510,1.8589,2.0000
2.5520,1.8589,2.0000
2.5530,1.8588,2.0000
2.5540,1.8588,2.0000
2.5550,1.8587,2.0000
2.5560,1.8587,2.0000
2.5570,1.8587,2.0000
2.5580,1.8586,2.0000
2.5590,1.8586,2.0000
2.5600,1.8586,2.0000
2.5610,1.8585,2.0000
2.5620,1.8585,2.0000
2.5630,1.8584,2.0000
2.5640,1.8584,2.0000
2.5650,1.8584,2.0000
2.5660,1.8583,2.0000
2.5670,1.8583,2.0000
2.5680,1.8583,2.0000
2.5690,1.8582,2.0000
2.5700,1.8582,2.0000
2.5710,1.8582,2.0000
2.5720,1.8581,2.0000
2.5730,1.8581,2.0000
2.5740,1.8581,2.0000
2.5750,1.8580,2.0000
2.5760,1.8580,2.0000
2.5770,1.8580,2.0000
2.5780,1.8579,2.0000
2.5790,1.8579,2.0000
2.5800,1.8579,2.0000
2.5810,1.8578,2.0000
2.5820,1.8578,2.0000
2.5830,1.8578,2.0000
2.5840,1.8577,2.0000
2.5850,1.8577,2.0000
2.5860,1.8577,2.0000
2.5870,1.8576,2.0000
2.5880,1.8576,2.0000
2.5890,1.8576,2.0000
2.5900,1.8575,2.0000
2.5910,1.8575,2.0000
2.5920,1.8575,2.0000
2.5930,1.8575,2.0000
2.5940,1.8574,2.0000
2.5950,1.8574,2.0000
2.5960,1.8574,2.0000
2.5970,1.8573,2.0000
2.5980,1.8573,2.0000
2.5990,1.8573,2.0000
2.6000,1.8573,2.0000
2.6010,1.8572,2.0000
2.6020,1.8572,2.0000
2.6030,1.8572,2.0000
2.6040,1.8572,2.0000
2.6050,1.8571,2.0000
2.6060,1.8571,2.0000
2.6070,1.8571,2.0000
2.6080,1.8571,2.0000
2.6090,1.8570,2.0000
2.6100,1.8570,2.0000
2.6110,1.8570,2.0000
2.6120,1.8570,2.0000
2.6130,1.8569,2.0000
2.6140,1.8569,2.0000
2.6150,1.8569,2.0000
2.6160,1.8569,2.0000
2.6170,1.8569,2.0000
2.6180,1.8568,2.0000
2.6190,1.8568,2.0000
2.6200,1.8568,2.0000
2.6210,1.8568,2.0000
2.6220,1.8567,2.0000
2.6230,1.8567,2.0000
2.6240,1.8567,2.0000
2.6250,1.8567,2.0000
2.6260,1.8567,2.0000
2.6270,1.8567,2.0000
2.6280,1.8566,2.0000
2.6290,1.8566,2.0000
2.6300,1.8566,2.0000
2.6310,1.8566,2.0000
2.6320,1.8566,2.0000
2.6330,1.8566,2.0000
2.6340,1.8565,2.0000
2.6350,1.8565,2.0000
2.6360,1.8565,2.0000
2.6370,1.8565,2.0000
2.6380,1.8565,2.0000
2.6390,1.8565,2.0000
2.6400,1.8564,2.0000
2.6410,1.8564,2.0000
2.6420,1.8564,2.0000
2.6430,1.8564,2.0000
2.6440,1.8564,2.0000
2.6450,1.8564,2.0000
2.6460,1.8564,2.0000
2.6470,1.8564,2.0000
2.6480,1.8563,2.0000
2.6490,1.8563,2.0000
2.6500,1.8563,2.0000
2.6510,1.8563,2.0000
2.6520,1.8563,2.0000
2.6530,1.8563,2.0000
2.6540,1.8563,2.0000
2.6550,1.8563,2.0000
2.6560,1.8563,2.0000
2.6570,1.8563,2.0000
2.6580,1.8563,2.0000
2.6590,1.8563,2.0000
2.6600,1.8562,2.0000
2.6610,1.8562,2.0000
2.6620,1.8562,2.0000
2.6630,1.8562,2.0000
2.6640,1.8562,2.0000
2.6650,1.8562,2.0000
2.6660,1.8562,2.0000
2.6670,1.8562,2.0000
2.6680,1.8562,2.0000
2.6690,1.8562,2.0000
2.6700,1.8562,2.0000
2.6710,1.8562,2.0000
2.6720,1.8562,2.0000
2.6730,1.8562,2.0000
2.6740,1.8562,2.0000
2.6750,1.8562,2.0000
2.6760,1.8562,2.0000
2.6770,1.8562,2.0000
2.6780,1.8562,2.0000
2.6790,1.8562,2.0000
2.6800,1.8562,2.0000
2.6810,1.8562,2.0000
2.6820,1.8562,2.0000
2.6830,1.8562,2.0000
2.6840,1.8562,2.0000
2.6850,1.8562,2.0000
2.6860,1.8562,2.0000
2.6870,1.8562,2.0000
2.6880,1.8562,2.0000
2.6890,1.8562,2.0000
2.6900,1.8562,2.0000
2.6910,1.8562,2.0000
2.6920,1.8562,2.0000
2.6930,1.8562,2.0000
2.6940,1.8562,2.0000
2.6950,1.8562,2.0000
2.6960,1.8563,2.0000
2.6970,1.8563,2.0000
2.6980,1.8563,2.0000
2.6990,1.8563,2.0000
2.7000,1.8563,2.0000
2.7010,1.8563,2.0000
2.7020,1.8563,2.0000
2.7030,1.8563,2.0000
2.7040,1.8563,2.0000
2.7050,1.8563,2.0000
2.7060,1.8563,2.0000
2.7070,1.8564,2.0000
2.7080,1.8564,2.0000
2.7090,1.8564,2.0000
2.7100,1.8564,2.0000
2.7110,1.8564,2.0000
2.7120,1.8564,2.0000
2.7130,1.8564,2.0000
2.7140,1.8564,2.0000
2.7150,1.8565,2.0000
2.7160,1.8565,2.0000
2.7170,1.8565,2.0000
2.7180,1.8565,2.0000
2.7190,1.8565,2.0000
2.7200,1.8565,2.0000
2.7210,1.8566,2.0000
2.7220,1.8566,2.0000
2.7230,1.8566,2.0000
2.7240,1.8566,2.0000
2.7250,1.8566,2.0000
2.7260,1.8566,2.0000
2.7270,1.8567,2.0000
2.7280,1.8567,2.0000
2.7290,1.8567,2.0000
2.7300,1.8567,2.0000
2.7310,1.8567,2.0000
2.7320,1.8568,2.0000
2.7330,1.8568,2.0000
2.7340,1.8568,2.0000
2.7350,1.8568,2.0000
2.7360,1.8569,2.0000
2.7370,1.8569,2.0000
2.7380,1.8569,2.0000
2.7390,1.8569,2.0000
2.7400,1.8570,2.0000
2.7410,1.8570,2.0000
2.7420,1.8570,2.0000
2.7430,1.8570,2.0000
2.7440,1.8571,2.0000
2.7450,1.8571,2.0000
2.7460,1.8571,2.0000
2.7470,1.8571,2.0000
2.7480,1.8572,2.0000
2.7490,1.8572,2.0000
2.7500,1.8572,2.0000
2.7510,1.8573,2.0000
2.7520,1.8573,2.0000
2.7530,1.8573,2.0000
2.7540,1.8574,2.0000
2.7550,1.8574,2.0000
2.7560,1.8574,2.0000
2.7570,1.8575,2.0000
2.7580,1.8575,2.0000
2.7590,1.8575,2.0000
2.7600,1.8575,2.0000
2.7610,1.8576,2.0000
2.7620,1.8576,2.0000
2.7630,1.8577,2.0000
2.7640,1.8577,2.0000
2.7650,1.8577,2.0000
2.7660,1.8578,2.0000
2.7670,1.8578,2.0000
2.7680,1.8578,2.0000
2.7690,1.8579,2.0000
2.7700,1.8579,2.0000
2.7710,1.8579,2.0000
2.7720,1.8580,2.0000
2.7730,1.8580,2.0000
2.7740,1.8581,2.0000
2.7750,1.8581,2.0000
2.7760,1.8581,2.0000
2.7770,1.8582,2.0000
2.7780,1.8582,2.0000
2.7790,1.8583,2.0000
2.7800,1.8583,2.0000
2.7810,1.8584,2.0000
2.7820,1.8584,2.0000
2.7830,1.8584,2.0000
2.7840,1.8585,2.0000
2.7850,1.8585,2.0000
2.7860,1.8586,2.0000
2.7870,1.8586,2.0000
2.7880,1.8587,2.0000
2.7890,1.8587,2.0000
2.7900,1.8588,2.0000
2.7910,1.8588,2.0000
2.7920,1.8589,2.0000
2.7930,1.8589,2.0000
2.7940,1.8590,2.0000
2.7950,1.8590,2.0000
2.7960,1.8590,2.0000
2.7970,1.8591,2.0000
2.7980,1.8591,2.0000
2.7990,1.8592,2.0000
2.8000,1.8593,2.0000
2.8010,1.8593,2.0000
2.8020,1.8594,2.0000
2.8030,1.8594,2.0000
2.8040,1.8595,2.0000
2.8050,1.8595,2.0000
2.8060,1.8596,2.0000
2.8070,1.8596,2.0000
2.8080,1.8597,2.0000
2.8090,1.8597,2.0000
2.8100,1.8598,2.0000
2.8110,1.8598,2.0000
2.8120,1.8599,2.0000
2.8130,1.8600,2.0000
2.8140,1.8600,2.0000
2.8150,1.8601,2.0000
2.8160,1.8601,2.0000
2.8170,1.8602,2.0000
2.8180,1.8602,2.0000
2.8190,1.8603,2.0000
2.8200,1.8604,2.0000
2.8210,1.8604,2.0000
2.8220,1.8605,2.0000
2.8230,1.8605,2.0000
2.8240,1.8606,2.0000
2.8250,1.8607,2.0000
2.8260,1.8607,2.0000
2.8270,1.8608,2.0000
2.8280,1.8609,2.0000
2.8290,1.8609,2.0000
2.8300,1.8610,2.0000
2.8310,1.8611,2.0000
2.8320,1.8611,2.0000
2.8330,1.8612,2.0000
2.8340,1.8613,2.0000
2.8350,1.8613,2.0000
2.8360,1.8614,2.0000
2.8370,1.8615,2.0000
2.8380,1.8615,2.0000
2.8390,1.8616,2.0000
2.8400,1.8617,2.0000
2.8410,1.8617,2.0000
2.8420,1.8618,2.0000
2.8430,1.8619,2.0000
2.8440,1.8619,2.0000
2.8450,1.8620,2.0000
2.8460,1.8621,2.0000
2.8470,1.8622,2.0000
2.8480,1.8622,2.0000
2.8490,1.8623,2.0000
2.8500,1.8624,2.0000
2.8510,1.8624,2.0000
2.8520,1.8625,2.0000
2.8530,1.8626,2.0000
2.8540,1.8627,2.0000
2.8550,1.8627,2.0000
2.8560,1.8628,2.0000
2.8570,1.8629,2.0000
2.8580,1.8630,2.0000
2.8590,1.8631,2.0000
2.8600,1.8631,2.0000
2.8610,1.8632,2.0000
2.8620,1.8633,2.0000
2.8630,1.8634,2.0000
2.8640,1.8634,2.0000
2.8650,1.8635,2.0000
2.8660,1.8636,2.0000
2.8670,1.8637,2.0000
2.8680,1.8638,2.0000
2.8690,1.8638,2.0000
2.8700,1.8639,2.0000
2.8710,1.8640,2.0000
2.8720,1.8641,2.0000
2.8730,1.8642,2.0000
2.8740,1.8643,2.0000
2.8750,1.8643,2.0000
2.8760,1.8644,2.0000
2.8770,1.8645,2.0000
2.8780,1.8646,2.0000
2.8790,1.8647,2.0000
2.8800,1.8648,2.0000
2.8810,1.8649,2.0000
2.8820,1.8649,2.0000
2.8830,1.8650,2.0000
2.8840,1.8651,2.0000
2.8850,1.8652,2.0000
2.8860,1.8653,2.0000
2.8870,1.8654,2.0000
2.8880,1.8655,2.0000
2.8890,1.8656,2.0000
2.8900,1.8657,2.0000
2.8910,1.8658,2.0000
2.8920,1.8658,2.0000
2.8930,1.8659,2.0000
2.8940,1.8660,2.0000
2.8950,1.8661,2.0000
2.8960,1.8662,2.0000
2.8970,1.8663,2.0000
2.8980,1.8664,2.0000
2.8990,1.8665,2.0000
2.9000,1.8666,2.0000
2.9010,1.8667,2.0000
2.9020,1.8668,2.0000
2.9030,1.8669,2.0000
2.9040,1.8670,2.0000
2.9050,1.8671,2.0000
2.9060,1.8672,2.0000
2.9070,1.8673,2.0000
2.9080,1.8674,2.0000
2.9090,1.8675,2.0000
2.9100,1.8676,2.0000
2.9110,1.8677,2.0000
2.9120,1.8678,2.0000
2.9130,1.8679,2.0000
2.9140,1.8680,2.0000
2.9150,1.8681,2.0000
2.9160,1.8682,2.0000
2.9170,1.8683,2.0000
2.9180,1.8684,2.0000
2.9190,1.8685,2.0000
2.9200,1.8686,2.0000
2.9210,1.8687,2.0000
2.9220,1.8688,2.0000
2.9230,1.8689,2.0000
2.9240,1.8690,2.0000
2.9250,1.8691,2.0000
2.9260,1.8692,2.0000
2.9270,1.8693,2.0000
2.9280,1.8694,2.0000
2.9290,1.8695,2.0000
2.9300,1.8696,2.0000
2.9310,1.8697,2.0000
2.9320,1.8699,2.0000
2.9330,1.8700,2.0000
2.9340,1.8701,2.0000
2.9350,1.8702,2.0000
2.9360,1.8703,2.0000
2.9370,1.8704,2.0000
2.9380,1.8705,2.0000
2.9390,1.8706,2.0000
2.9400,1.8707,2.0000
2.9410,1.8709,2.0000
2.9420,1.8710,2.0000
2.9430,1.8711,2.0000
2.9440,1.8712,2.0000
2.9450,1.8713,2.0000
2.9460,1.8714,2.0000
2.9470,1.8715,2.0000
2.9480,1.8716,2.0000
2.9490,1.8718,2.0000
2.9500,1.8719,2.0000
2.9510,1.8720,2.0000
2.9520,1.8721,2.0000
2.9530,1.8722,2.0000
2.9540,1.8723,2.0000
2.9550,1.8725,2.0000
2.9560,1.8726,2.0000
2.9570,1.8727,2.0000
2.9580,1.8728,2.0000
2.9590,1.8729,2.0000
2.9600,1.8731,2.0000
2.9610,1.8732,2.0000
2.9620,1.8733,2.0000
2.9630,1.8734,2.0000
2.9640,1.8735,2.0000
2.9650,1.8737,2.0000
2.9660,1.8738,2.0000
2.9670,1.8739,2.0000
2.9680,1.8740,2.0000
2.9690,1.8742,2.0000
2.9700,1.8743,2.0000
2.9710,1.8744,2.0000
2.9720,1.8745,2.0000
2.9730,1.8746,2.0000
2.9740,1.8748,2.0000
2.9750,1.8749,2.0000
2.9760,1.8750,2.0000
2.9770,1.8752,2.0000
2.9780,1.8753,2.0000
2.9790,1.8754,2.0000
2.9800,1.8755,2.0000
2.9810,1.8757,2.0000
2.9820,1.8758,2.0000
2.9830,1.8759,2.0000
2.9840,1.8760,2.0000
2.9850,1.8762,2.0000
2.9860,1.8763,2.0000
2.9870,1.8764,2.0000
2.9880,1.8766,2.0000
2.9890,1.8767,2.0000
2.9900,1.8768,2.0000
2.9910,1.8770,2.0000
2.9920,1.8771,2.0000
2.9930,1.8772,2.0000
2.9940,1.8774,2.0000
2.9950,1.8775,2.0000
2.9960,1.8776,2.0000
2.9970,1.8778,2.0000
2.9980,1.8779,2.0000
2.9990,1.8780,2.0000
3.0000,1.8782,2.0000
3.0010,1.8783,2.0000
3.0020,1.8784,2.0000
3.0030,1.8786,2.0000
3.0040,1.8787,2.0000
3.0050,1.8788,2.0000
3.0060,1.8790,2.0000
3.0070,1.8791,2.0000
3.0080,1.8793,2.0000
3.0090,1.8794,2.0000
3.0100,1.8795,2.0000
3.0110,1.8797,2.0000
3.0120,1.8798,2.0000
3.0130,1.8799,2.0000
3.0140,1.8801,2.0000
3.0150,1.8802,2.0000
3.0160,1.8804,2.0000
3.0170,1.8805,2.0000
3.0180,1.8806,2.0000
3.0190,1.8808,2.0000
3.0200,1.8809,2.0000
3.0210,1.8811,2.0000
3.0220,1.8812,2.0000
3.0230,1.8814,2.0000
3.0240,1.8815,2.0000
3.0250,1.8816,2.0000
3.0260,1.8818,2.0000
3.0270,1.8819,2.0000
3.0280,1.8821,2.0000
3.0290,1.8822,2.0000
3.0300,1.8824,2.0000
3.0310,1.8825,2.0000
3.0320,1.8827,2.0000
3.0330,1.8828,2.0000
3.0340,1.8830,2.0000
3.0350,1.8831,2.0000
3.0360,1.8832,2.0000
3.0370,1.8834,2.0000
3.0380,1.8835,2.0000
3.0390,1.8837,2.0000
3.0400,1.8838,2.0000
3.0410,1.8840,2.0000
3.0420,1.8841,2.0000
3.0430,1.8843,2.0000
3.0440,1.8844,2.0000
3.0450,1.8846,2.0000
3.0460,1.8847,2.0000
3.0470,1.8849,2.0000
3.0480,1.8850,2.0000
3.0490,1.8852,2.0000
3.0500,1.8853,2.0000
3.0510,1.8855,2.0000
3.0520,1.8856,2.0000
3.0530,1.8858,2.0000
3.0540,1.8860,2.0000
3.0550,1.8861,2.0000
3.0560,1.8863,2.0000
3.0570,1.8864,2.0000
3.0580,1.8866,2.0000
3.0590,1.8867,2.0000
3.0600,1.8869,2.0000
3.0610,1.8870,2.0000
3.0620,1.8872,2.0000
3.0630,1.8873,2.0000
3.0640,1.8875,2.0000
3.0650,1.8877,2.0000
3.0660,1.8878,2.0000
3.0670,1.8880,2.0000
3.0680,1.8881,2.0000
3.0690,1.8883,2.0000
3.0700,1.8884,2.0000
3.0710,1.8886,2.0000
3.0720,1.8888,2.0000
3.0730,1.8889,2.0000
3.0740,1.8891,2.0000
3.0750,1.8892,2.0000
3.0760,1.8894,2.0000
3.0770,1.8895,2.0000
3.0780,1.8897,2.0000
3.0790,1.8899,2.0000
3.0800,1.8900,2.0000
3.0810,1.8902,2.0000
3.0820,1.8904,2.0000
3.0830,1.8905,2.0000
3.0840,1.8907,2.0000
3.0850,1.8908,2.0000
3.0860,1.8910,2.0000
3.0870,1.8912,2.0000
3.0880,1.8913,2.0000
3.0890,1.8915,2.0000
3.0900,1.8916,2.0000
3.0910,1.8918,2.0000
3.0920,1.8920,2.0000
3.0930,1.8921,2.0000
3.0940,1.8923,2.0000
3.0950,1.8925,2.0000
3.0960,1.8926,2.0000
3.0970,1.8928,2.0000
3.0980,1.8930,2.0000
3.0990,1.8931,2.0000
3.1000,1.8933,2.0000
3.1010,1.8935,2.0000
3.1020,1.8936,2.0000
3.1030,1.8938,2.0000
3.1040,1.8940,2.0000
3.1050,1.8941,2.0000
3.1060,1.8943,2.0000
3.1070,1.8945,2.0000
3.1080,1.8946,2.0000
3.1090,1.8948,2.0000
3.1100,1.8950,2.0000
3.1110,1.8951,2.0000
3.1120,1.8953,2.0000
3.1130,1.8955,2.0000
3.1140,1.8956,2.0000
3.1150,1.8958,2.0000
3.1160,1.8960,2.0000
3.1170,1.8962,2.0000
3.1180,1.8963,2.0000
3.1190,1.8965,2.0000
3.1200,1.8967,2.0000
3.1210,1.8968,2.0000
3.1220,1.8970,2.0000
3.1230,1.8972,2.0000
3.1240,1.8973,2.0000
3.1250,1.8975,2.0000
3.1260,1.8977,2.0000
3.1270,1.8979,2.0000
3.1280,1.8980,2.0000
3.1290,1.8982,2.0000
3.1300,1.8984,2.0000
3.1310,1.8986,2.0000
3.1320,1.8987,2.0000
3.1330,1.8989,2.0000
3.1340,1.8991,2.0000
3.1350,1.8992,2.0000
3.1360,1.8994,2.0000
3.1370,1.8996,2.0000
3.1380,1.8998,2.0000
3.1390,1.8999,2.0000
3.1400,1.9001,2.0000
3.1410,1.9003,2.0000
3.1420,1.9005,2.0000
3.1430,1.9006,2.0000
3.1440,1.9008,2.0000
3.1450,1.9010,2.0000
3.1460,1.9012,2.0000
3.1470,1.9014,2.0000
3.1480,1.9015,2.0000
3.1490,1.9017,2.0000
3.1500,1.9019,2.0000
3.1510,1.9021,2.0000
3.1520,1.9022,2.0000
3.1530,1.9024,2.0000
3.1540,1.9026,2.0000
3.1550,1.9028,2.0000
3.1560,1.9029,2.0000
3.1570,1.9031,2.0000
3.1580,1.9033,2.0000
3.1590,1.9035,2.0000
3.1600,1.9037,2.0000
3.1610,1.9038,2.0000
3.1620,1.9040,2.0000
3.1630,1.9042,2.0000
3.1640,1.9044,2.0000
3.1650,1.9046,2.0000
3.1660,1.9047,2.0000
3.1670,1.9049,2.0000
3.1680,1.9051,2.0000
3.1690,1.9053,2.0000
3.1700,1.9055,2.0000
3.1710,1.9056,2.0000
3.1720,1.9058,2.0000
3.1730,1.9060,2.0000
3.1740,1.9062,2.0000
3.1750,1.9064,2.0000
3.1760,1.9065,2.0000
3.1770,1.9067,2.0000
3.1780,1.9069,2.0000
3.1790,1.9071,2.0000
3.1800,1.9073,2.0000
3.1810,1.9075,2.0000
3.1820,1.9076,2.0000
3.1830,1.9078,2.0000
3.1840,1.9080,2.0000
3.1850,1.9082,2.0000
3.1860,1.9084,2.0000
3.1870,1.9085,2.0000
3.1880,1.9087,2.0000
3.1890,1.9089,2.0000
3.1900,1.9091,2.0000
3.1910,1.9093,2.0000
3.1920,1.9095,2.0000
3.1930,1.9096,2.0000
3.1940,1.9098,2.0000
3.1950,1.9100,2.0000
3.1960,1.9102,2.0000
3.1970,1.9104,2.0000
3.1980,1.9106,2.0000
3.1990,1.9108,2.0000
3.2000,1.9109,2.0000
3.2010,1.9111,2.0000
3.2020,1.9113,2.0000
3.2030,1.9115,2.0000
3.2040,1.9117,2.0000
3.2050,1.9119,2.0000
3.2060,1.9120,2.0000
3.2070,1.9122,2.0000
3.2080,1.9124,2.0000
3.2090,1.9126,2.0000
3.2100,1.9128,2.0000
3.2110,1.9130,2.0000
3.2120,1.9132,2.0000
3.2130,1.9133,2.0000
3.2140,1.9135,2.0000
3.2150,1.9137,2.0000
3.2160,1.9139,2.0000
3.2170,1.9141,2.0000
3.2180,1.9143,2.0000
3.2190,1.9145,2.0000
3.2200,1.9147,2.0000
3.2210,1.9148,2.0000
3.2220,1.9150,2.0000
3.2230,1.9152,2.0000
3.2240,1.9154,2.0000
3.2250,1.9156,2.0000
3.2260,1.9158,2.0000
3.2270,1.9160,2.0000
3.2280,1.9162,2.0000
3.2290,1.9163,2.0000
3.2300,1.9165,2.0000
3.2310,1.9167,2.0000
3.2320,1.9169,2.0000
3.2330,1.9171,2.0000
3.2340,1.9173,2.0000
3.2350,1.9175,2.0000
3.2360,1.9177,2.0000
3.2370,1.9178,2.0000
3.2380,1.9180,2.0000
3.2390,1.9182,2.0000
3.2400,1.9184,2.0000
3.2410,1.9186,2.0000
3.2420,1.9188,2.0000
3.2430,1.9190,2.0000
3.2440,1.9192,2.0000
3.2450,1.9193,2.0000
3.2460,1.9195,2.0000
3.2470,1.9197,2.0000
3.2480,1.9199,2.0000
3.2490,1.9201,2.0000
3.2500,1.9203,2.0000
3.2510,1.9205,2.0000
3.2520,1.9207,2.0000
3.2530,1.9209,2.0000
3.2540,1.9210,2.0000
3.2550,1.9212,2.0000
3.2560,1.9214,2.0000
3.2570,1.9216,2.0000
3.2580,1.9218,2.0000
3.2590,1.9220,2.0000
3.2600,1.9222,2.0000
3.2610,1.9224,2.0000
3.2620,1.9226,2.0000
3.2630,1.9227,2.0000
3.2640,1.9229,2.0000
3.2650,1.9231,2.0000
3.2660,1.9233,2.0000
3.2670,1.9235,2.0000
3.2680,1.9237,2.0000
3.2690,1.9239,2.0000
3.2700,1.9241,2.0000
3.2710,1.9243,2.0000
3.2720,1.9245,2.0000
3.2730,1.9246,2.0000
3.2740,1.9248,2.0000
3.2750,1.9250,2.0000
3.2760,1.9252,2.0000
3.2770,1.9254,2.0000
3.2780,1.9256,2.0000
3.2790,1.9258,2.0000
3.2800,1.9260,2.0000
3.2810,1.9262,2.0000
3.2820,1.9263,2.0000
3.2830,1.9265,2.0000
3.2840,1.9267,2.0000
3.2850,1.9269,2.0000
3.2860,1.9271,2.0000
3.2870,1.9273,2.0000
3.2880,1.9275,2.0000
3.2890,1.9277,2.0000
3.2900,1.9279,2.0000
3.2910,1.9281,2.0000
3.2920,1.9282,2.0000
3.2930,1.9284,2.0000
3.2940,1.9286,2.0000
3.2950,1.9288,2.0000
3.2960,1.9290,2.0000
3.2970,1.9292,2.0000
3.2980,1.9294,2.0000
3.2990,1.9296,2.0000
3.3000,1.9298,2.0000
3.3010,1.9299,2.0000
3.3020,1.9301,2.0000
3.3030,1.9303,2.0000
3.3040,1.9305,2.0000
3.3050,1.9307,2.0000
3.3060,1.9309,2.0000
3.3070,1.9311,2.0000
3.3080,1.9313,2.0000
3.3090,1.9315,2.0000
3.3100,1.9317,2.0000
3.3110,1.9318,2.0000
3.3120,1.9320,2.0000
3.3130,1.9322,2.0000
3.3140,1.9324,2.0000
3.3150,1.9326,2.0000
3.3160,1.9328,2.0000
3.3170,1.9330,2.0000
3.3180,1.9332,2.0000
3.3190,1.9334,2.0000
3.3200,1.9335,2.0000
3.3210,1.9337,2.0000
3.3220,1.9339,2.0000
3.3230,1.9341,2.0000
3.3240,1.9343,2.0000
3.3250,1.9345,2.0000
3.3260,1.9347,2.0000
3.3270,1.9349,2.0000
3.3280,1.9350,2.0000
3.3290,1.9352,2.0000
3.3300,1.9354,2.0000
3.3310,1.9356,2.0000
3.3320,1.9358,2.0000
3.3330,1.9360,2.0000
3.3340,1.9362,2.0000
3.3350,1.9364,2.0000
3.3360,1.9365,2.0000
3.3370,1.9367,2.0000
3.3380,1.9369,2.0000
3.3390,1.9371,2.0000
3.3400,1.9373,2.0000
3.3410,1.9375,2.0000
3.3420,1.9377,2.0000
3.3430,1.9379,2.0000
3.3440,1.9380,2.0000
3.3450,1.9382,2.0000
3.3460,1.9384,2.0000
3.3470,1.9386,2.0000
3.3480,1.9388,2.0000
3.3490,1.9390,2.0000
3.3500,1.9392,2.0000
3.3510,1.9394,2.0000
3.3520,1.9395,2.0000
3.3530,1.9397,2.0000
3.3540,1.9399,2.0000
3.3550,1.9401,2.0000
3.3560,1.9403,2.0000
3.3570,1.9405,2.0000
3.3580,1.9407,2.0000
3.3590,1.9408,2.0000
3.3600,1.9410,2.0000
3.3610,1.9412,2.0000
3.3620,1.9414,2.0000
3.3630,1.9416,2.0000
3.3640,1.9418,2.0000
3.3650,1.9419,2.0000
3.3660,1.9421,2.0000
3.3670,1.9423,2.0000
3.3680,1.9425,2.0000
3.3690,1.9427,2.0000
3.3700,1.9429,2.0000
3.3710,1.9431,2.0000
3.3720,1.9432,2.0000
3.3730,1.9434,2.0000
3.3740,1.9436,2.0000
3.3750,1.9438,2.0000
3.3760,1.9440,2.0000
3.3770,1.9442,2.0000
3.3780,1.9443,2.0000
3.3790,1.9445,2.0000
3.3800,1.9447,2.0000
3.3810,1.9449,2.0000
3.3820,1.9451,2.0000
3.3830,1.9453,2.0000
3.3840,1.9454,2.0000
3.3850,1.9456,2.0000
3.3860,1.9458,2.0000
3.3870,1.9460,2.0000
3.3880,1.9462,2.0000
3.3890,1.9463,2.0000
3.3900,1.9465,2.0000
3.3910,1.9467,2.0000
3.3920,1.9469,2.0000
3.3930,1.9471,2.0000
3.3940,1.9473,2.0000
3.3950,1.9474,2.0000
3.3960,1.9476,2.0000
3.3970,1.9478,2.0000
3.3980,1.9480,2.0000
3.3990,1.9482,2.0000
3.4000,1.9483,2.0000
3.4010,1.9485,2.0000
3.4020,1.9487,2.0000
3.4030,1.9489,2.0000
3.4040,1.9491,2.0000
3.4050,1.9492,2.0000
3.4060,1.9494,2.0000
3.4070,1.9496,2.0000
3.4080,1.9498,2.0000
3.4090,1.9499,2.0000
3.4100,1.9501,2.0000
3.4110,1.9503,2.0000
3.4120,1.9505,2.0000
3.4130,1.9507,2.0000
3.4140,1.9508,2.0000
3.4150,1.9510,2.0000
3.4160,1.9512,2.0000
3.4170,1.9514,2.0000
3.4180,1.9515,2.0000
3.4190,1.9517,2.0000
3.4200,1.9519,2.0000
3.4210,1.9521,2.0000
3.4220,1.9522,2.0000
3.4230,1.9524,2.0000
3.4240,1.9526,2.0000
3.4250,1.9528,2.0000
3.4260,1.9529,2.0000
3.4270,1.9531,2.0000
3.4280,1.9533,2.0000
3.4290,1.9535,2.0000
3.4300,1.9536,2.0000
3.4310,1.9538,2.0000
3.4320,1.9540,2.0000
3.4330,1.9542,2.0000
3.4340,1.9543,2.0000
3.4350,1.9545,2.0000
3.4360,1.9547,2.0000
3.4370,1.9549,2.0000
3.4380,1.9550,2.0000
3.4390,1.9552,2.0000
3.4400,1.9554,2.0000
3.4410,1.9556,2.0000
3.4420,1.9557,2.0000
3.4430,1.9559,2.0000
3.4440,1.9561,2.0000
3.4450,1.9562,2.0000
3.4460,1.9564,2.0000
3.4470,1.9566,2.0000
3.4480,1.9568,2.0000
3.4490,1.9569,2.0000
3.4500,1.9571,2.0000
3.4510,1.9573,2.0000
3.4520,1.9574,2.0000
3.4530,1.9576,2.0000
3.4540,1.9578,2.0000
3.4550,1.9579,2.0000
3.4560,1.9581,2.0000
3.4570,1.9583,2.0000
3.4580,1.9584,2.0000
3.4590,1.9586,2.0000
3.4600,1.9588,2.0000
3.4610,1.9589,2.0000
3.4620,1.9591,2.0000
3.4630,1.9593,2.0000
3.4640,1.9595,2.0000
3.4650,1.9596,2.0000
3.4660,1.9598,2.0000
3.4670,1.9599,2.0000
3.4680,1.9601,2.0000
3.4690,1.9603,2.0000
3.4700,1.9604,2.0000
3.4710,1.9606,2.0000
3.4720,1.9608,2.0000
3.4730,1.9609,2.0000
3.4740,1.9611,2.0000
3.4750,1.9613,2.0000
3.4760,1.9614,2.0000
3.4770,1.9616,2.0000
3.4780,1.9618,2.0000
3.4790,1.9619,2.0000
3.4800,1.9621,2.0000
3.4810,1.9623,2.0000
3.4820,1.9624,2.0000
3.4830,1.9626,2.0000
3.4840,1.9627,2.0000
3.4850,1.9629,2.0000
3.4860,1.9631,2.0000
3.4870,1.9632,2.0000
3.4880,1.9634,2.0000
3.4890,1.9635,2.0000
3.4900,1.9637,2.0000
3.4910,1.9639,2.0000
3.4920,1.9640,2.0000
3.4930,1.9642,2.0000
3.4940,1.9643,2.0000
3.4950,1.9645,2.0000
3.4960,1.9647,2.0000
3.4970,1.9648,2.0000
3.4980,1.9650,2.0000
3.4990,1.9651,2.0000
3.5000,1.9653,2.0000
3.5010,1.9654,2.0000
3.5020,1.9656,2.0000
3.5030,1.9658,2.0000
3.5040,1.9659,2.0000
3.5050,1.9661,2.0000
3.5060,1.9662,2.0000
3.5070,1.9664,2.0000
3.5080,1.9665,2.0000
3.5090,1.9667,2.0000
3.5100,1.9668,2.0000
3.5110,1.9670,2.0000
3.5120,1.9672,2.0000
3.5130,1.9673,2.0000
3.5140,1.9675,2.0000
3.5150,1.9676,2.0000
3.5160,1.9678,2.0000
3.5170,1.9679,2.0000
3.5180,1.9681,2.0000
3.5190,1.9682,2.0000
3.5200,1.9684,2.0000
3.5210,1.9685,2.0000
3.5220,1.9687,2.0000
3.5230,1.9688,2.0000
3.5240,1.9690,2.0000
3.5250,1.9691,2.0000
3.5260,1.9693,2.0000
3.5270,1.9694,2.0000
3.5280,1.9696,2.0000
3.5290,1.9697,2.0000
3.5300,1.9699,2.0000
3.5310,1.9700,2.0000
3.5320,1.9702,2.0000
3.5330,1.9703,2.0000
3.5340,1.9705,2.0000
3.5350,1.9706,2.0000
3.5360,1.9708,2.0000
3.5370,1.9709,2.0000
3.5380,1.9711,2.0000
3.5390,1.9712,2.0000
3.5400,1.9713,2.0000
3.5410,1.9715,2.0000
3.5420,1.9716,2.0000
3.5430,1.9718,2.0000
3.5440,1.9719,2.0000
3.5450,1.9721,2.0000
3.5460,1.9722,2.0000
3.5470,1.9724,2.0000
3.5480,1.9725,2.0000
3.5490,1.9726,2.0000
3.5500,1.9728,2.0000
3.5510,1.9729,2.0000
3.5520,1.9731,2.0000
3.5530,1.9732,2.0000
3.5540,1.9734,2.0000
3.5550,1.9735,2.0000
3.5560,1.9736,2.0000
3.5570,1.9738,2.0000
3.5580,1.9739,2.0000
3.5590,1.9741,2.0000
3.5600,1.9742,2.0000
3.5610,1.9743,2.0000
3.5620,1.9745,2.0000
3.5630,1.9746,2.0000
3.5640,1.9747,2.0000
3.5650,1.9749,2.0000
3.5660,1.9750,2.0000
3.5670,1.9752,2.0000
3.5680,1.9753,2.0000
3.5690,1.9754,2.0000
3.5700,1.9756,2.0000
3.5710,1.9757,2.0000
3.5720,1.9758,2.0000
3.5730,1.9760,2.0000
3.5740,1.9761,2.0000
3.5750,1.9762,2.0000
3.5760,1.9764,2.0000
3.5770,1.9765,2.0000
3.5780,1.9766,2.0000
3.5790,1.9768,2.0000
3.5800,1.9769,2.0000
3.5810,1.9770,2.0000
3.5820,1.9772,2.0000
3.5830,1.9773,2.0000
3.5840,1.9774,2.0000
3.5850,1.9776,2.0000
3.5860,1.9777,2.0000
3.5870,1.9778,2.0000
3.5880,1.9779,2.0000
3.5890,1.9781,2.0000
3.5900,1.9782,2.0000
3.5910,1.9783,2.0000
3.5920,1.9785,2.0000
3.5930,1.9786,2.0000
3.5940,1.9787,2.0000
3.5950,1.9788,2.0000
3.5960,1.9790,2.0000
3.5970,1.9791,2.0000
3.5980,1.9792,2.0000
3.5990,1.9793,2.0000
3.6000,1.9795,2.0000
3.6010,1.9796,2.0000
3.6020,1.9797,2.0000
3.6030,1.9798,2.0000
3.6040,1.9800,2.0000
3.6050,1.9801,2.0000
3.6060,1.9802,2.0000
3.6070,1.9803,2.0000
3.6080,1.9805,2.0000
3.6090,1.9806,2.0000
3.6100,1.9807,2.0000
3.6110,1.9808,2.0000
3.6120,1.9809,2.0000
3.6130,1.9811,2.0000
3.6140,1.9812,2.0000
3.6150,1.9813,2.0000
3.6160,1.9814,2.0000
3.6170,1.9815,2.0000
3.6180,1.9817,2.0000
3.6190,1.9818,2.0000
3.6200,1.9819,2.0000
3.6210,1.9820,2.0000
3.6220,1.9821,2.0000
3.6230,1.9822,2.0000
3.6240,1.9824,2.0000
3.6250,1.9825,2.0000
3.6260,1.9826,2.0000
3.6270,1.9827,2.0000
3.6280,1.9828,2.0000
3.6290,1.9829,2.0000
3.6300,1.9830,2.0000
3.6310,1.9832,2.0000
3.6320,1.9833,2.0000
3.6330,1.9834,2.0000
3.6340,1.9835,2.0000
3.6350,1.9836,2.0000
3.6360,1.9837,2.0000
3.6370,1.9838,2.0000
3.6380,1.9839,2.0000
3.6390,1.9840,2.0000
3.6400,1.9842,2.0000
3.6410,1.9843,2.0000
3.6420,1.9844,2.0000
3.6430,1.9845,2.0000
3.6440,1.9846,2.0000
3.6450,1.9847,2.0000
3.6460,1.9848,2.0000
3.6470,1.9849,2.0000
3.6480,1.9850,2.0000
3.6490,1.9851,2.0000
3.6500,1.9852,2.0000
3.6510,1.9853,2.0000
3.6520,1.9854,2.0000
3.6530,1.9855,2.0000
3.6540,1.9857,2.0000
3.6550,1.9858,2.0000
3.6560,1.9859,2.0000
3.6570,1.9860,2.0000
3.6580,1.9861,2.0000
3.6590,1.9862,2.0000
3.6600,1.9863,2.0000
3.6610,1.9864,2.0000
3.6620,1.9865,2.0000
3.6630,1.9866,2.0000
3.6640,1.9867,2.0000
3.6650,1.9868,2.0000
3.6660,1.9869,2.0000
3.6670,1.9870,2.0000
3.6680,1.9871,2.0000
3.6690,1.9872,2.0000
3.6700,1.9873,2.0000
3.6710,1.9874,2.0000
3.6720,1.9875,2.0000
3.6730,1.9876,2.0000
3.6740,1.9877,2.0000
3.6750,1.9878,2.0000
3.6760,1.9878,2.0000
3.6770,1.9879,2.0000
3.6780,1.9880,2.0000
3.6790,1.9881,2.0000
3.6800,1.9882,2.0000
3.6810,1.9883,2.0000
3.6820,1.9884,2.0000
3.6830,1.9885,2.0000
3.6840,1.9886,2.0000
3.6850,1.9887,2.0000
3.6860,1.9888,2.0000
3.6870,1.9889,2.0000
3.6880,1.9890,2.0000
3.6890,1.9891,2.0000
3.6900,1.9891,2.0000
3.6910,1.9892,2.0000
3.6920,1.9893,2.0000
3.6930,1.9894,2.0000
3.6940,1.9895,2.0000
3.6950,1.9896,2.0000
3.6960,1.9897,2.0000
3.6970,1.9898,2.0000
3.6980,1.9898,2.0000
3.6990,1.9899,2.0000
3.7000,1.9900,2.0000
3.7010,1.9901,2.0000
3.7020,1.9902,2.0000
3.7030,1.9903,2.0000
3.7040,1.9904,2.0000
3.7050,1.9904,2.0000
3.7060,1.9905,2.0000
3.7070,1.9906,2.0000
3.7080,1.9907,2.0000
3.7090,1.9908,2.0000
3.7100,1.9909,2.0000
3.7110,1.9909,2.0000
3.7120,1.9910,2.0000
3.7130,1.9911,2.0000
3.7140,1.9912,2.0000
3.7150,1.9913,2.0000
3.7160,1.9913,2.0000
3.7170,1.9914,2.0000
3.7180,1.9915,2.0000
3.7190,1.9916,2.0000
3.7200,1.9916,2.0000
3.7210,1.9917,2.0000
3.7220,1.9918,2.0000
3.7230,1.9919,2.0000
3.7240,1.9920,2.0000
3.7250,1.9920,2.0000
3.7260,1.9921,2.0000
3.7270,1.9922,2.0000
3.7280,1.9922,2.0000
3.7290,1.9923,2.0000
3.7300,1.9924,2.0000
3.7310,1.9925,2.0000
3.7320,1.9925,2.0000
3.7330,1.9926,2.0000
3.7340,1.9927,2.0000
3.7350,1.9928,2.0000
3.7360,1.9928,2.0000
3.7370,1.9929,2.0000
3.7380,1.9930,2.0000
3.7390,1.9930,2.0000
3.7400,1.9931,2.0000
3.7410,1.9932,2.0000
3.7420,1.9932,2.0000
3.7430,1.9933,2.0000
3.7440,1.9934,2.0000
3.7450,1.9934,2.0000
3.7460,1.9935,2.0000
3.7470,1.9936,2.0000
3.7480,1.9936,2.0000
3.7490,1.9937,2.0000
3.7500,1.9938,2.0000
3.7510,1.9938,2.0000
3.7520,1.9939,2.0000
3.7530,1.9940,2.0000
3.7540,1.9940,2.0000
3.7550,1.9941,2.0000
3.7560,1.9942,2.0000
3.7570,1.9942,2.0000
3.7580,1.9943,2.0000
3.7590,1.9943,2.0000
3.7600,1.9944,2.0000
3.7610,1.9945,2.0000
3.7620,1.9945,2.0000
3.7630,1.9946,2.0000
3.7640,1.9946,2.0000
3.7650,1.9947,2.0000
3.7660,1.9948,2.0000
3.7670,1.9948,2.0000
3.7680,1.9949,2.0000
3.7690,1.9949,2.0000
3.7700,1.9950,2.0000
3.7710,1.9950,2.0000
3.7720,1.9951,2.0000
3.7730,1.9952,2.0000
3.7740,1.9952,2.0000
3.7750,1.9953,2.0000
3.7760,1.9953,2.0000
3.7770,1.9954,2.0000
3.7780,1.9954,2.0000
3.7790,1.9955,2.0000
3.7800,1.9955,2.0000
3.7810,1.9956,2.0000
3.7820,1.9956,2.0000
3.7830,1.9957,2.0000
3.7840,1.9957,2.0000
3.7850,1.9958,2.0000
3.7860,1.9958,2.0000
3.7870,1.9959,2.0000
3.7880,1.9959,2.0000
3.7890,1.9960,2.0000
3.7900,1.9960,2.0000
3.7910,1.9961,2.0000
3.7920,1.9961,2.0000
3.7930,1.9962,2.0000
3.7940,1.9962,2.0000
3.7950,1.9963,2.0000
3.7960,1.9963,2.0000
3.7970,1.9964,2.0000
3.7980,1.9964,2.0000
3.7990,1.9964,2.0000
3.8000,1.9965,2.0000
3.8010,1.9965,2.0000
3.8020,1.9966,2.0000
3.8030,1.9966,2.0000
3.8040,1.9967,2.0000
3.8050,1.9967,2.0000
3.8060,1.9967,2.0000
3.8070,1.9968,2.0000
3.8080,1.9968,2.0000
3.8090,1.9969,2.0000
3.8100,1.9969,2.0000
3.8110,1.9969,2.0000
3.8120,1.9970,2.0000
3.8130,1.9970,2.0000
3.8140,1.9971,2.0000
3.8150,1.9971,2.0000
3.8160,1.9971,2.0000
3.8170,1.9972,2.0000
3.8180,1.9972,2.0000
3.8190,1.9972,2.0000
3.8200,1.9973,2.0000
3.8210,1.9973,2.0000
3.8220,1.9974,2.0000
3.8230,1.9974,2.0000
3.8240,1.9974,2.0000
3.8250,1.9975,2.0000
3.8260,1.9975,2.0000
3.8270,1.9975,2.0000
3.8280,1.9976,2.0000
3.8290,1.9976,2.0000
3.8300,1.9976,2.0000
3.8310,1.9976,2.0000
3.8320,1.9977,2.0000
3.8330,1.9977,2.0000
3.8340,1.9977,2.0000
3.8350,1.9978,2.0000
3.8360,1.9978,2.0000
3.8370,1.9978,2.0000
3.8380,1.9979,2.0000
3.8390,1.9979,2.0000
3.8400,1.9979,2.0000
3.8410,1.9979,2.0000
3.8420,1.9980,2.0000
3.8430,1.9980,2.0000
3.8440,1.9980,2.0000
3.8450,1.9980,2.0000
3.8460,1.9981,2.0000
3.8470,1.9981,2.0000
3.8480,1.9981,2.0000
3.8490,1.9981,2.0000
3.8500,1.9982,2.0000
3.8510,1.9982,2.0000
3.8520,1.9982,2.0000
3.8530,1.9982,2.0000
3.8540,1.9983,2.0000
3.8550,1.9983,2.0000
3.8560,1.9983,2.0000
3.8570,1.9983,2.0000
3.8580,1.9983,2.0000
3.8590,1.9984,2.0000
3.8600,1.9984,2.0000
3.8610,1.9984,2.0000
3.8620,1.9984,2.0000
3.8630,1.9984,2.0000
3.8640,1.9985,2.0000
3.8650,1.9985,2.0000
3.8660,1.9985,2.0000
3.8670,1.9985,2.0000
3.8680,1.9985,2.0000
3.8690,1.9985,2.0000
3.8700,1.9986,2.0000
3.8710,1.9986,2.0000
3.8720,1.9986,2.0000
3.8730,1.9986,2.0000
3.8740,1.9986,2.0000
3.8750,1.9986,2.0000
3.8760,1.9986,2.0000
3.8770,1.9987,2.0000
3.8780,1.9987,2.0000
3.8790,1.9987,2.0000
3.8800,1.9987,2.0000
3.8810,1.9987,2.0000
3.8820,1.9987,2.0000
3.8830,1.9987,2.0000
3.8840,1.9987,2.0000
3.8850,1.9987,2.0000
3.8860,1.9988,2.0000
3.8870,1.9988,2.0000
3.8880,1.9988,2.0000
3.8890,1.9988,2.0000
3.8900,1.9988,2.0000
3.8910,1.9988,2.0000
3.8920,1.9988,2.0000
3.8930,1.9988,2.0000
3.8940,1.9988,2.0000
3.8950,1.9988,2.0000
3.8960,1.9988,2.0000
3.8970,1.9988,2.0000
3.8980,1.9988,2.0000
3.8990,1.9988,2.0000
3.9000,1.9988,2.0000
3.9010,1.9988,2.0000
3.9020,1.9988,2.0000
3.9030,1.9989,2.0000
3.9040,1.9989,2.0000
3.9050,1.9989,2.0000
3.9060,1.9989,2.0000
3.9070,1.9989,2.0000
3.9080,1.9989,2.0000
3.9090,1.9989,2.0000
3.9100,1.9989,2.0000
3.9110,1.9989,2.0000
3.9120,1.9989,2.0000
3.9130,1.9989,2.0000
3.9140,1.9989,2.0000
3.9150,1.9989,2.0000
3.9160,1.9989,2.0000
3.9170,1.9989,2.0000
3.9180,1.9989,2.0000
3.9190,1.9988,2.0000
3.9200,1.9988,2.0000
3.9210,1.9988,2.0000
3.9220,1.9988,2.0000
3.9230,1.9988,2.0000
3.9240,1.9988,2.0000
3.9250,1.9988,2.0000
3.9260,1.9988,2.0000
3.9270,1.9988,2.0000
3.9280,1.9988,2.0000
3.9290,1.9988,2.0000
3.9300,1.9988,2.0000
3.9310,1.9988,2.0000
3.9320,1.9988,2.0000
3.9330,1.9988,2.0000
3.9340,1.9988,2.0000
3.9350,1.9987,2.0000
3.9360,1.9987,2.0000
3.9370,1.9987,2.0000
3.9380,1.9987,2.0000
3.9390,1.9987,2.0000
3.9400,1.9987,2.0000
3.9410,1.9987,2.0000
3.9420,1.9987,2.0000
3.9430,1.9987,2.0000
3.9440,1.9987,2.0000
3.9450,1.9986,2.0000
3.9460,1.9986,2.0000
3.9470,1.9986,2.0000
3.9480,1.9986,2.0000
3.9490,1.9986,2.0000
3.9500,1.9986,2.0000
3.9510,1.9986,2.0000
3.9520,1.9985,2.0000
3.9530,1.9985,2.0000
3.9540,1.9985,2.0000
3.9550,1.9985,2.0000
3.9560,1.9985,2.0000
3.9570,1.9985,2.0000
3.9580,1.9984,2.0000
3.9590,1.9984,2.0000
3.9600,1.9984,2.0000
3.9610,1.9984,2.0000
3.9620,1.9984,2.0000
3.9630,1.9984,2.0000
3.9640,1.9983,2.0000
3.9650,1.9983,2.0000
3.9660,1.9983,2.0000
3.9670,1.9983,2.0000
3.9680,1.9983,2.0000
3.9690,1.9982,2.0000
3.9700,1.9982,2.0000
3.9710,1.9982,2.0000
3.9720,1.9982,2.0000
3.9730,1.9982,2.0000
3.9740,1.9981,2.0000
3.9750,1.9981,2.0000
3.9760,1.9981,2.0000
3.9770,1.9981,2.0000
3.9780,1.9980,2.0000
3.9790,1.9980,2.0000
3.9800,1.9980,2.0000
3.9810,1.9980,2.0000
3.9820,1.9979,2.0000
3.9830,1.9979,2.0000
3.9840,1.9979,2.0000
3.9850,1.9979,2.0000
3.9860,1.9978,2.0000
3.9870,1.9978,2.0000
3.9880,1.9978,2.0000
3.9890,1.9978,2.0000
3.9900,1.9977,2.0000
3.9910,1.9977,2.0000
3.9920,1.9977,2.0000
3.9930,1.9977,2.0000
3.9940,1.9976,2.0000
3.9950,1.9976,2.0000
3.9960,1.9976,2.0000
3.9970,1.9975,2.0000
3.9980,1.9975,2.0000
3.9990,1.9975,2.0000
4.0000,1.9974,2.0000
4.0010,1.9974,2.0000
4.0020,1.9974,2.0000
4.0030,1.9974,2.0000
4.0040,1.9973,2.0000
4.0050,1.9973,2.0000
4.0060,1.9973,2.0000
4.0070,1.9972,2.0000
4.0080,1.9972,2.0000
4.0090,1.9972,2.0000
4.0100,1.9971,2.0000
4.0110,1.9971,2.0000
4.0120,1.9971,2.0000
4.0130,1.9970,2.0000
4.0140,1.9970,2.0000
4.0150,1.9969,2.0000
4.0160,1.9969,2.0000
4.0170,1.9969,2.0000
4.0180,1.9968,2.0000
4.0190,1.9968,2.0000
4.0200,1.9968,2.0000
4.0210,1.9967,2.0000
4.0220,1.9967,2.0000
4.0230,1.9967,2.0000
4.0240,1.9966,2.0000
4.0250,1.9966,2.0000
4.0260,1.9965,2.0000
4.0270,1.9965,2.0000
4.0280,1.9965,2.0000
4.0290,1.9964,2.0000
4.0300,1.9964,2.0000
4.0310,1.9964,2.0000
4.0320,1.9963,2.0000
4.0330,1.9963,2.0000
4.0340,1.9962,2.0000
4.0350,1.9962,2.0000
4.0360,1.9961,2.0000
4.0370,1.9961,2.0000
4.0380,1.9961,2.0000
4.0390,1.9960,2.0000
4.0400,1.9960,2.0000
4.0410,1.9959,2.0000
4.0420,1.9959,2.0000
4.0430,1.9959,2.0000
4.0440,1.9958,2.0000
4.0450,1.9958,2.0000
4.0460,1.9957,2.0000
4.0470,1.9957,2.0000
4.0480,1.9956,2.0000
4.0490,1.9956,2.0000
4.0500,1.9955,2.0000
4.0510,1.9955,2.0000
4.0520,1.9955,2.0000
4.0530,1.9954,2.0000
4.0540,1.9954,2.0000
4.0550,1.9953,2.0000
4.0560,1.9953,2.0000
4.0570,1.9952,2.0000
4.0580,1.9952,2.0000
4.0590,1.9951,2.0000
4.0600,1.9951,2.0000
4.0610,1.9950,2.0000
4.0620,1.9950,2.0000
4.0630,1.9949,2.0000
4.0640,1.9949,2.0000
4.0650,1.9948,2.0000
4.0660,1.9948,2.0000
4.0670,1.9947,2.0000
4.0680,1.9947,2.0000
4.0690,1.9946,2.0000
4.0700,1.9946,2.0000
4.0710,1.9945,2.0000
4.0720,1.9945,2.0000
4.0730,1.9944,2.0000
4.0740,1.9944,2.0000
4.0750,1.9943,2.0000
4.0760,1.9943,2.0000
4.0770,1.9942,2.0000
4.0780,1.9942,2.0000
4.0790,1.9941,2.0000
4.0800,1.9941,2.0000
4.0810,1.9940,2.0000
4.0820,1.9940,2.0000
4.0830,1.9939,2.0000
4.0840,1.9939,2.0000
4.0850,1.9938,2.0000
4.0860,1.9938,2.0000
4.0870,1.9937,2.0000
4.0880,1.9937,2.0000
4.0890,1.9936,2.0000
4.0900,1.9936,2.0000
4.0910,1.9935,2.0000
4.0920,1.9934,2.0000
4.0930,1.9934,2.0000
4.0940,1.9933,2.0000
4.0950,1.9933,2.0000
4.0960,1.9932,2.0000
4.0970,1.9932,2.0000
4.0980,1.9931,2.0000
4.0990,1.9931,2.0000
4.1000,1.9930,2.0000
4.1010,1.9929,2.0000
4.1020,1.9929,2.0000
4.1030,1.9928,2.0000
4.1040,1.9928,2.0000
4.1050,1.9927,2.0000
4.1060,1.9927,2.0000
4.1070,1.9926,2.0000
4.1080,1.9925,2.0000
4.1090,1.9925,2.0000
4.1100,1.9924,2.0000
4.1110,1.9924,2.0000
4.1120,1.9923,2.0000
4.1130,1.9922,2.0000
4.1140,1.9922,2.0000
4.1150,1.9921,2.0000
4.1160,1.9921,2.0000
4.1170,1.9920,2.0000
4.1180,1.9919,2.0000
4.1190,1.9919,2.0000
4.1200,1.9918,2.0000
4.1210,1.9918,2.0000
4.1220,1.9917,2.0000
4.1230,1.9916,2.0000
4.1240,1.9916,2.0000
4.1250,1.9915,2.0000
4.1260,1.9915,2.0000
4.1270,1.9914,2.0000
4.1280,1.9913,2.0000
4.1290,1.9913,2.0000
4.1300,1.9912,2.0000
4.1310,1.9911,2.0000
4.1320,1.9911,2.0000
4.1330,1.9910,2.0000
4.1340,1.9910,2.0000
4.1350,1.9909,2.0000
4.1360,1.9908,2.0000
4.1370,1.9908,2.0000
4.1380,1.9907,2.0000
4.1390,1.9906,2.0000
4.1400,1.9906,2.0000
4.1410,1.9905,2.0000
4.1420,1.9904,2.0000
4.1430,1.9904,2.0000
4.1440,1.9903,2.0000
4.1450,1.9902,2.0000
4.1460,1.9902,2.0000
4.1470,1.9901,2.0000
4.1480,1.9901,2.0000
4.1490,1.9900,2.0000
4.1500,1.9899,2.0000
4.1510,1.9899,2.0000
4.1520,1.9898,2.0000
4.1530,1.9897,2.0000
4.1540,1.9897,2.0000
4.1550,1.9896,2.0000
4.1560,1.9895,2.0000
4.1570,1.9895,2.0000
4.1580,1.9894,2.0000
4.1590,1.9893,2.0000
4.1600,1.9893,2.0000
4.1610,1.9892,2.0000
4.1620,1.9891,2.0000
4.1630,1.9891,2.0000
4.1640,1.9890,2.0000
4.1650,1.9889,2.0000
4.1660,1.9888,2.0000
4.1670,1.9888,2.0000
4.1680,1.9887,2.0000
4.1690,1.9886,2.0000
4.1700,1.9886,2.0000
4.1710,1.9885,2.0000
4.1720,1.9884,2.0000
4.1730,1.9884,2.0000
4.1740,1.9883,2.0000
4.1750,1.9882,2.0000
4.1760,1.9882,2.0000
4.1770,1.9881,2.0000
4.1780,1.9880,2.0000
4.1790,1.9879,2.0000
4.1800,1.9879,2.0000
4.1810,1.9878,2.0000
4.1820,1.9877,2.0000
4.1830,1.9877,2.0000
4.1840,1.9876,2.0000
4.1850,1.9875,2.0000
4.1860,1.9875,2.0000
4.1870,1.9874,2.0000
4.1880,1.9873,2.0000
4.1890,1.9872,2.0000
4.1900,1.9872,2.0000
4.1910,1.9871,2.0000
4.1920,1.9870,2.0000
4.1930,1.9870,2.0000
4.1940,1.9869,2.0000
4.1950,1.9868,2.0000
4.1960,1.9867,2.0000
4.1970,1.9867,2.0000
4.1980,1.9866,2.0000
4.1990,1.9865,2.0000
4.2000,1.9865,2.0000
4.2010,1.9864,2.0000
4.2020,1.9863,2.0000
4.2030,1.9862,2.0000
4.2040,1.9862,2.0000
4.2050,1.9861,2.0000
4.2060,1.9860,2.0000
4.2070,1.9859,2.0000
4.2080,1.9859,2.0000
4.2090,1.9858,2.0000
4.2100,1.9857,2.0000
4.2110,1.9857,2.0000
4.2120,1.9856,2.0000
4.2130,1.9855,2.0000
4.2140,1.9854,2.0000
4.2150,1.9854,2.0000
4.2160,1.9853,2.0000
4.2170,1.9852,2.0000
4.2180,1.9851,2.0000
4.2190,1.9851,2.0000
4.2200,1.9850,2.0000
4.2210,1.9849,2.0000
4.2220,1.9848,2.0000
4.2230,1.9848,2.0000
4.2240,1.9847,2.0000
4.2250,1.9846,2.0000
4.2260,1.9845,2.0000
4.2270,1.9845,2.0000
4.2280,1.9844,2.0000
4.2290,1.9843,2.0000
4.2300,1.9842,2.0000
4.2310,1.9842,2.0000
4.2320,1.9841,2.0000
4.2330,1.9840,2.0000
4.2340,1.9839,2.0000
4.2350,1.9839,2.0000
4.2360,1.9838,2.0000
4.2370,1.9837,2.0000
4.2380,1.9836,2.0000
4.2390,1.9836,2.0000
4.2400,1.9835,2.0000
4.2410,1.9834,2.0000
4.2420,1.9833,2.0000
4.2430,1.9833,2.0000
4.2440,1.9832,2.0000
4.2450,1.9831,2.0000
4.2460,1.9830,2.0000
4.2470,1.9830,2.0000
4.2480,1.9829,2.0000
4.2490,1.9828,2.0000
4.2500,1.9827,2.0000
4.2510,1.9827,2.0000
4.2520,1.9826,2.0000
4.2530,1.9825,2.0000
4.2540,1.9824,2.0000
4.2550,1.9824,2.0000
4.2560,1.9823,2.0000
4.2570,1.9822,2.0000
4.2580,1.9821,2.0000
4.2590,1.9820,2.0000
4.2600,1.9820,2.0000
4.2610,1.9819,2.0000
4.2620,1.9818,2.0000
4.2630,1.9817,2.0000
4.2640,1.9817,2.0000
4.2650,1.9816,2.0000
4.2660,1.9815,2.0000
4.2670,1.9814,2.0000
4.2680,1.9814,2.0000
4.2690,1.9813,2.0000
4.2700,1.9812,2.0000
4.2710,1.9811,2.0000
4.2720,1.9811,2.0000
4.2730,1.9810,2.0000
4.2740,1.9809,2.0000
4.2750,1.9808,2.0000
4.2760,1.9807,2.0000
4.2770,1.9807,2.0000
4.2780,1.9806,2.0000
4.2790,1.9805,2.0000
4.2800,1.9804,2.0000
4.2810,1.9804,2.0000
4.2820,1.9803,2.0000
4.2830,1.9802,2.0000
4.2840,1.9801,2.0000
4.2850,1.9801,2.0000
4.2860,1.9800,2.0000
4.2870,1.9799,2.0000
4.2880,1.9798,2.0000
4.2890,1.9797,2.0000
4.2900,1.9797,2.0000
4.2910,1.9796,2.0000
4.2920,1.9795,2.0000
4.2930,1.9794,2.0000
4.2940,1.9794,2.0000
4.2950,1.9793,2.0000
4.2960,1.9792,2.0000
4.2970,1.9791,2.0000
4.2980,1.9791,2.0000
4.2990,1.9790,2.0000
4.3000,1.9789,2.0000
4.3010,1.9788,2.0000
4.3020,1.9787,2.0000
4.3030,1.9787,2.0000
4.3040,1.9786,2.0000
4.3050,1.9785,2.0000
4.3060,1.9784,2.0000
4.3070,1.9784,2.0000
4.3080,1.9783,2.0000
4.3090,1.9782,2.0000
4.3100,1.9781,2.0000
4.3110,1.9781,2.0000
4.3120,1.9780,2.0000
4.3130,1.9779,2.0000
4.3140,1.9778,2.0000
4.3150,1.9777,2.0000
4.3160,1.9777,2.0000
4.3170,1.9776,2.0000
4.3180,1.9775,2.0000
4.3190,1.9774,2.0000
4.3200,1.9774,2.0000
4.3210,1.9773,2.0000
4.3220,1.9772,2.0000
4.3230,1.9771,2.0000
4.3240,1.9771,2.0000
4.3250,1.9770,2.0000
4.3260,1.9769,2.0000
4.3270,1.9768,2.0000
4.3280,1.9768,2.0000
4.3290,1.9767,2.0000
4.3300,1.9766,2.0000
4.3310,1.9765,2.0000
4.3320,1.9765,2.0000
4.3330,1.9764,2.0000
4.3340,1.9763,2.0000
4.3350,1.9762,2.0000
4.3360,1.9761,2.0000
4.3370,1.9761,2.0000
4.3380,1.9760,2.0000
4.3390,1.9759,2.0000
4.3400,1.9758,2.0000
4.3410,1.9758,2.0000
4.3420,1.9757,2.0000
4.3430,1.9756,2.0000
4.3440,1.9755,2.0000
4.3450,1.9755,2.0000
4.3460,1.9754,2.0000
4.3470,1.9753,2.0000
4.3480,1.9752,2.0000
4.3490,1.9752,2.0000
4.3500,1.9751,2.0000
4.3510,1.9750,2.0000
4.3520,1.9749,2.0000
4.3530,1.9749,2.0000
4.3540,1.9748,2.0000
4.3550,1.9747,2.0000
4.3560,1.9746,2.0000
4.3570,1.9746,2.0000
4.3580,1.9745,2.0000
4.3590,1.9744,2.0000
4.3600,1.9743,2.0000
4.3610,1.9743,2.0000
4.3620,1.9742,2.0000
4.3630,1.9741,2.0000
4.3640,1.9740,2.0000
4.3650,1.9740,2.0000
4.3660,1.9739,2.0000
4.3670,1.9738,2.0000
4.3680,1.9738,2.0000
4.3690,1.9737,2.0000
4.3700,1.9736,2.0000
4.3710,1.9735,2.0000
4.3720,1.9735,2.0000
4.3730,1.9734,2.0000
4.3740,1.9733,2.0000
4.3750,1.9732,2.0000
4.3760,1.9732,2.0000
4.3770,1.9731,2.0000
4.3780,1.9730,2.0000
4.3790,1.9729,2.0000
4.3800,1.9729,2.0000
4.3810,1.9728,2.0000
4.3820,1.9727,2.0000
4.3830,1.9727,2.0000
4.3840,1.9726,2.0000
4.3850,1.9725,2.0000
4.3860,1.9724,2.0000
4.3870,1.9724,2.0000
4.3880,1.9723,2.0000
4.3890,1.9722,2.0000
4.3900,1.9722,2.0000
4.3910,1.9721,2.0000
4.3920,1.9720,2.0000
4.3930,1.9719,2.0000
4.3940,1.9719,2.0000
4.3950,1.9718,2.0000
4.3960,1.9717,2.0000
4.3970,1.9717,2.0000
4.3980,1.9716,2.0000
4.3990,1.9715,2.0000
4.4000,1.9714,2.0000
4.4010,1.9714,2.0000
4.4020,1.9713,2.0000
4.4030,1.9712,2.0000
4.4040,1.9712,2.0000
4.4050,1.9711,2.0000
4.4060,1.9710,2.0000
4.4070,1.9709,2.0000
4.4080,1.9709,2.0000
4.4090,1.9708,2.0000
4.4100,1.9707,2.0000
4.4110,1.9707,2.0000
4.4120,1.9706,2.0000
4.4130,1.9705,2.0000
4.4140,1.9705,2.0000
4.4150,1.9704,2.0000
4.4160,1.9703,2.0000
4.4170,1.9703,2.0000
4.4180,1.9702,2.0000
4.4190,1.9701,2.0000
4.4200,1.9701,2.0000
4.4210,1.9700,2.0000
4.4220,1.9699,2.0000
4.4230,1.9698,2.0000
4.4240,1.9698,2.0000
4.4250,1.9697,2.0000
4.4260,1.9696,2.0000
4.4270,1.9696,2.0000
4.4280,1.9695,2.0000
4.4290,1.9694,2.0000
4.4300,1.9694,2.0000
4.4310,1.9693,2.0000
4.4320,1.9692,2.0000
4.4330,1.9692,2.0000
4.4340,1.9691,2.0000
4.4350,1.9690,2.0000
4.4360,1.9690,2.0000
4.4370,1.9689,2.0000
4.4380,1.9688,2.0000
4.4390,1.9688,2.0000
4.4400,1.9687,2.0000
4.4410,1.9686,2.0000
4.4420,1.9686,2.0000
4.4430,1.9685,2.0000
4.4440,1.9685,2.0000
4.4450,1.9684,2.0000
4.4460,1.9683,2.0000
4.4470,1.9683,2.0000
4.4480,1.9682,2.0000
4.4490,1.9681,2.0000
4.4500,1.9681,2.0000
4.4510,1.9680,2.0000
4.4520,1.9679,2.0000
4.4530,1.9679,2.0000
4.4540,1.9678,2.0000
4.4550,1.9677,2.0000
4.4560,1.9677,2.0000
4.4570,1.9676,2.0000
4.4580,1.9676,2.0000
4.4590,1.9675,2.0000
4.4600,1.9674,2.0000
4.4610,1.9674,2.0000
4.4620,1.9673,2.0000
4.4630,1.9672,2.0000
4.4640,1.9672,2.0000
4.4650,1.9671,2.0000
4.4660,1.9671,2.0000
4.4670,1.9670,2.0000
4.4680,1.9669,2.0000
4.4690,1.9669,2.0000
4.4700,1.9668,2.0000
4.4710,1.9668,2.0000
4.4720,1.9667,2.0000
4.4730,1.9666,2.0000
4.4740,1.9666,2.0000
4.4750,1.9665,2.0000
4.4760,1.9665,2.0000
4.4770,1.9664,2.0000
4.4780,1.9663,2.0000
4.4790,1.9663,2.0000
4.4800,1.9662,2.0000
4.4810,1.9662,2.0000
4.4820,1.9661,2.0000
4.4830,1.9660,2.0000
4.4840,1.9660,2.0000
4.4850,1.9659,2.0000
4.4860,1.9659,2.0000
4.4870,1.9658,2.0000
4.4880,1.9658,2.0000
4.4890,1.9657,2.0000
4.4900,1.9656,2.0000
4.4910,1.9656,2.0000
4.4920,1.9655,2.0000
4.4930,1.9655,2.0000
4.4940,1.9654,2.0000
4.4950,1.9654,2.0000
4.4960,1.9653,2.0000
4.4970,1.9652,2.0000
4.4980,1.9652,2.0000
4.4990,1.9651,2.0000
4.5000,1.9651,2.0000
4.5010,1.9650,2.0000
4.5020,1.9650,2.0000
4.5030,1.9649,2.0000
4.5040,1.9649,2.0000
4.5050,1.9648,2.0000
4.5060,1.9647,2.0000
4.5070,1.9647,2.0000
4.5080,1.9646,2.0000
4.5090,1.9646,2.0000
4.5100,1.9645,2.0000
4.5110,1.9645,2.0000
4.5120,1.9644,2.0000
4.5130,1.9644,2.0000
4.5140,1.9643,2.0000
4.5150,1.9643,2.0000
4.5160,1.9642,2.0000
4.5170,1.9642,2.0000
4.5180,1.9641,2.0000
4.5190,1.9641,2.0000
4.5200,1.9640,2.0000
4.5210,1.9640,2.0000
4.5220,1.9639,2.0000
4.5230,1.9639,2.0000
4.5240,1.9638,2.0000
4.5250,1.9638,2.0000
4.5260,1.9637,2.0000
4.5270,1.9637,2.0000
4.5280,1.9636,2.0000
4.5290,1.9636,2.0000
4.5300,1.9635,2.0000
4.5310,1.9635,2.0000
4.5320,1.9634,2.0000
4.5330,1.9634,2.0000
4.5340,1.9633,2.0000
4.5350,1.9633,2.0000
4.5360,1.9632,2.0000
4.5370,1.9632,2.0000
4.5380,1.9631,2.0000
4.5390,1.9631,2.0000
4.5400,1.9630,2.0000
4.5410,1.9630,2.0000
4.5420,1.9629,2.0000
4.5430,1.9629,2.0000
4.5440,1.9628,2.0000
4.5450,1.9628,2.0000
4.5460,1.9627,2.0000
4.5470,1.9627,2.0000
4.5480,1.9627,2.0000
4.5490,1.9626,2.0000
4.5500,1.9626,2.0000
4.5510,1.9625,2.0000
4.5520,1.9625,2.0000
4.5530,1.9624,2.0000
4.5540,1.9624,2.0000
4.5550,1.9623,2.0000
4.5560,1.9623,2.0000
4.5570,1.9623,2.0000
4.5580,1.9622,2.0000
4.5590,1.9622,2.0000
4.5600,1.9621,2.0000
4.5610,1.9621,2.0000
4.5620,1.9620,2.0000
4.5630,1.9620,2.0000
4.5640,1.9620,2.0000
4.5650,1.9619,2.0000
4.5660,1.9619,2.0000
4.5670,1.9618,2.0000
4.5680,1.9618,2.0000
4.5690,1.9618,2.0000
4.5700,1.9617,2.0000
4.5710,1.9617,2.0000
4.5720,1.9616,2.0000
4.5730,1.9616,2.0000
4.5740,1.9616,2.0000
4.5750,1.9615,2.0000
4.5760,1.9615,2.0000
4.5770,1.9614,2.0000
4.5780,1.9614,2.0000
4.5790,1.9614,2.0000
4.5800,1.9613,2.0000
4.5810,1.9613,2.0000
4.5820,1.9612,2.0000
4.5830,1.9612,2.0000
4.5840,1.9612,2.0000
4.5850,1.9611,2.0000
4.5860,1.9611,2.0000
4.5870,1.9611,2.0000
4.5880,1.9610,2.0000
4.5890,1.9610,2.0000
4.5900,1.9610,2.0000
4.5910,1.9609,2.0000
4.5920,1.9609,2.0000
4.5930,1.9609,2.0000
4.5940,1.9608,2.0000
4.5950,1.9608,2.0000
4.5960,1.9607,2.0000
4.5970,1.9607,2.0000
4.5980,1.9607,2.0000
4.5990,1.9606,2.0000
4.6000,1.9606,2.0000
4.6010,1.9606,2.0000
4.6020,1.9605,2.0000
4.6030,1.9605,2.0000
4.6040,1.9605,2.0000
4.6050,1.9605,2.0000
4.6060,1.9604,2.0000
4.6070,1.9604,2.0000
4.6080,1.9604,2.0000
4.6090,1.9603,2.0000
4.6100,1.9603,2.0000
4.6110,1.9603,2.0000
4.6120,1.9602,2.0000
4.6130,1.9602,2.0000
4.6140,1.9602,2.0000
4.6150,1.9601,2.0000
4.6160,1.9601,2.0000
4.6170,1.9601,2.0000
4.6180,1.9601,2.0000
4.6190,1.9600,2.0000
4.6200,1.9600,2.0000
4.6210,1.9600,2.0000
4.6220,1.9599,2.0000
4.6230,1.9599,2.0000
4.6240,1.9599,2.0000
4.6250,1.9599,2.0000
4.6260,1.9598,2.0000
4.6270,1.9598,2.0000
4.6280,1.9598,2.0000
4.6290,1.9598,2.0000
4.6300,1.9597,2.0000
4.6310,1.9597,2.0000
4.6320,1.9597,2.0000
4.6330,1.9597,2.0000
4.6340,1.9596,2.0000
4.6350,1.9596,2.0000
4.6360,1.9596,2.0000
4.6370,1.9596,2.0000
4.6380,1.9595,2.0000
4.6390,1.9595,2.0000
4.6400,1.9595,2.0000
4.6410,1.9595,2.0000
4.6420,1.9594,2.0000
4.6430,1.9594,2.0000
4.6440,1.9594,2.0000
4.6450,1.9594,2.0000
4.6460,1.9594,2.0000
4.6470,1.9593,2.0000
4.6480,1.9593,2.0000
4.6490,1.9593,2.0000
4.6500,1.9593,2.0000
4.6510,1.9593,2.0000
4.6520,1.9592,2.0000
4.6530,1.9592,2.0000
4.6540,1.9592,2.0000
4.6550,1.9592,2.0000
4.6560,1.9592,2.0000
4.6570,1.9591,2.0000
4.6580,1.9591,2.0000
4.6590,1.9591,2.0000
4.6600,1.9591,2.0000
4.6610,1.9591,2.0000
4.6620,1.9591,2.0000
4.6630,1.9590,2.0000
4.6640,1.9590,2.0000
4.6650,1.9590,2.0000
4.6660,1.9590,2.0000
4.6670,1.9590,2.0000
4.6680,1.9590,2.0000
4.6690,1.9589,2.0000
4.6700,1.9589,2.0000
4.6710,1.9589,2.0000
4.6720,1.9589,2.0000
4.6730,1.9589,2.0000
4.6740,1.9589,2.0000
4.6750,1.9589,2.0000
4.6760,1.9588,2.0000
4.6770,1.9588,2.0000
4.6780,1.9588,2.0000
4.6790,1.9588,2.0000
4.6800,1.9588,2.0000
4.6810,1.9588,2.0000
4.6820,1.9588,2.0000
4.6830,1.9588,2.0000
4.6840,1.9587,2.0000
4.6850,1.9587,2.0000
4.6860,1.9587,2.0000
4.6870,1.9587,2.0000
4.6880,1.9587,2.0000
4.6890,1.9587,2.0000
4.6900,1.9587,2.0000
4.6910,1.9587,2.0000
4.6920,1.9587,2.0000
4.6930,1.9587,2.0000
4.6940,1.9586,2.0000
4.6950,1.9586,2.0000
4.6960,1.9586,2.0000
4.6970,1.9586,2.0000
4.6980,1.9586,2.0000
4.6990,1.9586,2.0000
4.7000,1.9586,2.0000
4.7010,1.9586,2.0000
4.7020,1.9586,2.0000
4.7030,1.9586,2.0000
4.7040,1.9586,2.0000
4.7050,1.9586,2.0000
4.7060,1.9586,2.0000
4.7070,1.9586,2.0000
4.7080,1.9585,2.0000
4.7090,1.9585,2.0000
4.7100,1.9585,2.0000
4.7110,1.9585,2.0000
4.7120,1.9585,2.0000
4.7130,1.9585,2.0000
4.7140,1.9585,2.0000
4.7150,1.9585,2.0000
4.7160,1.9585,2.0000
4.7170,1.9585,2.0000
4.7180,1.9585,2.0000
4.7190,1.9585,2.0000
4.7200,1.9585,2.0000
4.7210,1.9585,2.0000
4.7220,1.9585,2.0000
4.7230,1.9585,2.0000
4.7240,1.9585,2.0000
4.7250,1.9585,2.0000
4.7260,1.9585,2.0000
4.7270,1.9585,2.0000
4.7280,1.9585,2.0000
4.7290,1.9585,2.0000
4.7300,1.9585,2.0000
4.7310,1.9585,2.0000
4.7320,1.9585,2.0000
4.7330,1.9585,2.0000
4.7340,1.9585,2.0000
4.7350,1.9585,2.0000
4.7360,1.9585,2.0000
4.7370,1.9585,2.0000
4.7380,1.9585,2.0000
4.7390,1.9585,2.0000
4.7400,1.9585,2.0000
4.7410,1.9585,2.0000
4.7420,1.9585,2.0000
4.7430,1.9585,2.0000
4.7440,1.9586,2.0000
4.7450,1.9586,2.0000
4.7460,1.9586,2.0000
4.7470,1.9586,2.0000
4.7480,1.9586,2.0000
4.7490,1.9586,2.0000
4.7500,1.9586,2.0000
4.7510,1.9586,2.0000
4.7520,1.9586,2.0000
4.7530,1.9586,2.0000
4.7540,1.9586,2.0000
4.7550,1.9586,2.0000
4.7560,1.9586,2.0000
4.7570,1.9586,2.0000
4.7580,1.9586,2.0000
4.7590,1.9587,2.0000
4.7600,1.9587,2.0000
4.7610,1.9587,2.0000
4.7620,1.9587,2.0000
4.7630,1.9587,2.0000
4.7640,1.9587,2.0000
4.7650,1.9587,2.0000
4.7660,1.9587,2.0000
4.7670,1.9587,2.0000
4.7680,1.9588,2.0000
4.7690,1.9588,2.0000
4.7700,1.9588,2.0000
4.7710,1.9588,2.0000
4.7720,1.9588,2.0000
4.7730,1.9588,2.0000
4.7740,1.9588,2.0000
4.7750,1.9588,2.0000
4.7760,1.9589,2.0000
4.7770,1.9589,2.0000
4.7780,1.9589,2.0000
4.7790,1.9589,2.0000
4.7800,1.9589,2.0000
4.7810,1.9589,2.0000
4.7820,1.9589,2.0000
4.7830,1.9590,2.0000
4.7840,1.9590,2.0000
4.7850,1.9590,2.0000
4.7860,1.9590,2.0000
4.7870,1.9590,2.0000
4.7880,1.9590,2.0000
4.7890,1.9591,2.0000
4.7900,1.9591,2.0000
4.7910,1.9591,2.0000
4.7920,1.9591,2.0000
4.7930,1.9591,2.0000
4.7940,1.9591,2.0000
4.7950,1.9592,2.0000
4.7960,1.9592,2.0000
4.7970,1.9592,2.0000
4.7980,1.9592,2.0000
4.7990,1.9592,2.0000
4.8000,1.9593,2.0000
4.8010,1.9593,2.0000
4.8020,1.9593,2.0000
4.8030,1.9593,2.0000
4.8040,1.9593,2.0000
4.8050,1.9594,2.0000
4.8060,1.9594,2.0000
4.8070,1.9594,2.0000
4.8080,1.9594,2.0000
4.8090,1.9594,2.0000
4.8100,1.9595,2.0000
4.8110,1.9595,2.0000
4.8120,1.9595,2.0000
4.8130,1.9595,2.0000
4.8140,1.9596,2.0000
4.8150,1.9596,2.0000
4.8160,1.9596,2.0000
4.8170,1.9596,2.0000
4.8180,1.9597,2.0000
4.8190,1.9597,2.0000
4.8200,1.9597,2.0000
4.8210,1.9597,2.0000
4.8220,1.9598,2.0000
4.8230,1.9598,2.0000
4.8240,1.9598,2.0000
4.8250,1.9598,2.0000
4.8260,1.9599,2.0000
4.8270,1.9599,2.0000
4.8280,1.9599,2.0000
4.8290,1.9599,2.0000
4.8300,1.9600,2.0000
4.8310,1.9600,2.0000
4.8320,1.9600,2.0000
4.8330,1.9601,2.0000
4.8340,1.9601,2.0000
4.8350,1.9601,2.0000
4.8360,1.9601,2.0000
4.8370,1.9602,2.0000
4.8380,1.9602,2.0000
4.8390,1.9602,2.0000
4.8400,1.9603,2.0000
4.8410,1.9603,2.0000
4.8420,1.9603,2.0000
4.8430,1.9604,2.0000
4.8440,1.9604,2.0000
4.8450,1.9604,2.0000
4.8460,1.9604,2.0000
4.8470,1.9605,2.0000
4.8480,1.9605,2.0000
4.8490,1.9605,2.0000
4.8500,1.9606,2.0000
4.8510,1.9606,2.0000
4.8520,1.9606,2.0000
4.8530,1.9607,2.0000
4.8540,1.9607,2.0000
4.8550,1.9607,2.0000
4.8560,1.9608,2.0000
4.8570,1.9608,2.0000
4.8580,1.9608,2.0000
4.8590,1.9609,2.0000
4.8600,1.9609,2.0000
4.8610,1.9609,2.0000
4.8620,1.9610,2.0000
4.8630,1.9610,2.0000
4.8640,1.9611,2.0000
4.8650,1.9611,2.0000
4.8660,1.9611,2.0000
4.8670,1.9612,2.0000
4.8680,1.9612,2.0000
4.8690,1.9612,2.0000
4.8700,1.9613,2.0000
4.8710,1.9613,2.0000
4.8720,1.9614,2.0000
4.8730,1.9614,2.0000
4.8740,1.9614,2.0000
4.8750,1.9615,2.0000
4.8760,1.9615,2.0000
4.8770,1.9615,2.0000
4.8780,1.9616,2.0000
4.8790,1.9616,2.0000
4.8800,1.9617,2.0000
4.8810,1.9617,2.0000
4.8820,1.9617,2.0000
4.8830,1.9618,2.0000
4.8840,1.9618,2.0000
4.8850,1.9619,2.0000
4.8860,1.9619,2.0000
4.8870,1.9619,2.0000
4.8880,1.9620,2.0000
4.8890,1.9620,2.0000
4.8900,1.9621,2.0000
4.8910,1.9621,2.0000
4.8920,1.9622,2.0000
4.8930,1.9622,2.0000
4.8940,1.9622,2.0000
4.8950,1.9623,2.0000
4.8960,1.9623,2.0000
4.8970,1.9624,2.0000
4.8980,1.9624,2.0000
4.8990,1.9625,2.0000
4.9000,1.9625,2.0000
4.9010,1.9626,2.0000
4.9020,1.9626,2.0000
4.9030,1.9626,2.0000
4.9040,1.9627,2.0000
4.9050,1.9627,2.0000
4.9060,1.9628,2.0000
4.9070,1.9628,2.0000
4.9080,1.9629,2.0000
4.9090,1.9629,2.0000
4.9100,1.9630,2.0000
4.9110,1.9630,2.0000
4.9120,1.9631,2.0000
4.9130,1.9631,2.0000
4.9140,1.9632,2.0000
4.9150,1.9632,2.0000
4.9160,1.9633,2.0000
4.9170,1.9633,2.0000
4.9180,1.9633,2.0000
4.9190,1.9634,2.0000
4.9200,1.9634,2.0000
4.9210,1.9635,2.0000
4.9220,1.9635,2.0000
4.9230,1.9636,2.0000
4.9240,1.9636,2.0000
4.9250,1.9637,2.0000
4.9260,1.9637,2.0000
4.9270,1.9638,2.0000
4.9280,1.9638,2.0000
4.9290,1.9639,2.0000
4.9300,1.9639,2.0000
4.9310,1.9640,2.0000
4.9320,1.9640,2.0000
4.9330,1.9641,2.0000
4.9340,1.9642,2.0000
4.9350,1.9642,2.0000
4.9360,1.9643,2.0000
4.9370,1.9643,2.0000
4.9380,1.9644,2.0000
4.9390,1.9644,2.0000
4.9400,1.9645,2.0000
4.9410,1.9645,2.0000
4.9420,1.9646,2.0000
4.9430,1.9646,2.0000
4.9440,1.9647,2.0000
4.9450,1.9647,2.0000
4.9460,1.9648,2.0000
4.9470,1.9648,2.0000
4.9480,1.9649,2.0000
4.9490,1.9650,2.0000
4.9500,1.9650,2.0000
4.9510,1.9651,2.0000
4.9520,1.9651,2.0000
4.9530,1.9652,2.0000
4.9540,1.9652,2.0000
4.9550,1.9653,2.0000
4.9560,1.9653,2.0000
4.9570,1.9654,2.0000
4.9580,1.9655,2.0000
4.9590,1.9655,2.0000
4.9600,1.9656,2.0000
4.9610,1.9656,2.0000
4.9620,1.9657,2.0000
4.9630,1.9657,2.0000
4.9640,1.9658,2.0000
4.9650,1.9659,2.0000
4.9660,1.9659,2.0000
4.9670,1.9660,2.0000
4.9680,1.9660,2.0000
4.9690,1.9661,2.0000
4.9700,1.9662,2.0000
4.9710,1.9662,2.0000
4.9720,1.9663,2.0000
4.9730,1.9663,2.0000
4.9740,1.9664,2.0000
4.9750,1.9665,2.0000
4.9760,1.9665,2.0000
4.9770,1.9666,2.0000
4.9780,1.9666,2.0000
4.9790,1.9667,2.0000
4.9800,1.9668,2.0000
4.9810,1.9668,2.0000
4.9820,1.9669,2.0000
4.9830,1.9669,2.0000
4.9840,1.9670,2.0000
4.9850,1.9671,2.0000
4.9860,1.9671,2.0000
4.9870,1.9672,2.0000
4.9880,1.9672,2.0000
4.9890,1.9673,2.0000
4.9900,1.9674,2.0000
4.9910,1.9674,2.0000
4.9920,1.9675,2.0000
4.9930,1.9676,2.0000
4.9940,1.9676,2.0000
4.9950,1.9677,2.0000
4.9960,1.9678,2.0000
4.9970,1.9678,2.0000
4.9980,1.9679,2.0000
4.9990,1.9679,2.0000
5.0000,1.9680,2.0000
5.0010,1.9681,2.0000
5.0020,1.9681,2.0000
5.0030,1.9682,2.0000
5.0040,1.9683,2.0000
5.0050,1.9683,2.0000
5.0060,1.9684,2.0000
5.0070,1.9685,2.0000
5.0080,1.9685,2.0000
5.0090,1.9686,2.0000
5.0100,1.9687,2.0000
5.0110,1.9687,2.0000
5.0120,1.9688,2.0000
5.0130,1.9689,2.0000
5.0140,1.9689,2.0000
5.0150,1.9690,2.0000
5.0160,1.9691,2.0000
5.0170,1.9691,2.0000
5.0180,1.9692,2.0000
5.0190,1.9693,2.0000
5.0200,1.9693,2.0000
5.0210,1.9694,2.0000
5.0220,1.9695,2.0000
5.0230,1.9695,2.0000
5.0240,1.9696,2.0000
5.0250,1.9697,2.0000
5.0260,1.9697,2.0000
5.0270,1.9698,2.0000
5.0280,1.9699,2.0000
5.0290,1.9699,2.0000
5.0300,1.9700,2.0000
5.0310,1.9701,2.0000
5.0320,1.9701,2.0000
5.0330,1.9702,2.0000
5.0340,1.9703,2.0000
5.0350,1.9704,2.0000
5.0360,1.9704,2.0000
5.0370,1.9705,2.0000
5.0380,1.9706,2.0000
5.0390,1.9706,2.0000
5.0400,1.9707,2.0000
5.0410,1.9708,2.0000
5.0420,1.9709,2.0000
5.0430,1.9709,2.0000
5.0440,1.9710,2.0000
5.0450,1.9711,2.0000
5.0460,1.9711,2.0000
5.0470,1.9712,2.0000
5.0480,1.9713,2.0000
5.0490,1.9713,2.0000
5.0500,1.9714,2.0000
5.0510,1.9715,2.0000
5.0520,1.9716,2.0000
5.0530,1.9716,2.0000
5.0540,1.9717,2.0000
5.0550,1.9718,2.0000
5.0560,1.9719,2.0000
5.0570,1.9719,2.0000
5.0580,1.9720,2.0000
5.0590,1.9721,2.0000
5.0600,1.9721,2.0000
5.0610,1.9722,2.0000
5.0620,1.9723,2.0000
5.0630,1.9724,2.0000
5.0640,1.9724,2.0000
5.0650,1.9725,2.0000
5.0660,1.9726,2.0000
5.0670,1.9727,2.0000
5.0680,1.9727,2.0000
5.0690,1.9728,2.0000
5.0700,1.9729,2.0000
5.0710,1.9730,2.0000
5.0720,1.9730,2.0000
5.0730,1.9731,2.0000
5.0740,1.9732,2.0000
5.0750,1.9733,2.0000
5.0760,1.9733,2.0000
5.0770,1.9734,2.0000
5.0780,1.9735,2.0000
5.0790,1.9736,2.0000
5.0800,1.9736,2.0000
5.0810,1.9737,2.0000
5.0820,1.9738,2.0000
5.0830,1.9739,2.0000
5.0840,1.9739,2.0000
5.0850,1.9740,2.0000
5.0860,1.9741,2.0000
5.0870,1.9742,2.0000
5.0880,1.9742,2.0000
5.0890,1.9743,2.0000
5.0900,1.9744,2.0000
5.0910,1.9745,2.0000
5.0920,1.9745,2.0000
5.0930,1.9746,2.0000
5.0940,1.9747,2.0000
5.0950,1.9748,2.0000
5.0960,1.9749,2.0000
5.0970,1.9749,2.0000
5.0980,1.9750,2.0000
5.0990,1.9751,2.0000
5.1000,1.9752,2.0000
5.1010,1.9752,2.0000
5.1020,1.9753,2.0000
5.1030,1.9754,2.0000
5.1040,1.9755,2.0000
5.1050,1.9756,2.0000
5.1060,1.9756,2.0000
5.1070,1.9757,2.0000
5.1080,1.9758,2.0000
5.1090,1.9759,2.0000
5.1100,1.9759,2.0000
5.1110,1.9760,2.0000
5.1120,1.9761,2.0000
5.1130,1.9762,2.0000
5.1140,1.9763,2.0000
5.1150,1.9763,2.0000
5.1160,1.9764,2.0000
5.1170,1.9765,2.0000
5.1180,1.9766,2.0000
5.1190,1.9766,2.0000
5.1200,1.9767,2.0000
5.1210,1.9768,2.0000
5.1220,1.9769,2.0000
5.1230,1.9770,2.0000
5.1240,1.9770,2.0000
5.1250,1.9771,2.0000
5.1260,1.9772,2.0000
5.1270,1.9773,2.0000
5.1280,1.9774,2.0000
5.1290,1.9774,2.0000
5.1300,1.9775,2.0000
5.1310,1.9776,2.0000
5.1320,1.9777,2.0000
5.1330,1.9778,2.0000
5.1340,1.9778,2.0000
5.1350,1.9779,2.0000
5.1360,1.9780,2.0000
5.1370,1.9781,2.0000
5.1380,1.9782,2.0000
5.1390,1.9782,2.0000
5.1400,1.9783,2.0000
5.1410,1.9784,2.0000
5.1420,1.9785,2.0000
5.1430,1.9786,2.0000
5.1440,1.9786,2.0000
5.1450,1.9787,2.0000
5.1460,1.9788,2.0000
5.1470,1.9789,2.0000
5.1480,1.9790,2.0000
5.1490,1.9791,2.0000
5.1500,1.9791,2.0000
5.1510,1.9792,2.0000
5.1520,1.9793,2.0000
5.1530,1.9794,2.0000
5.1540,1.9795,2.0000
5.1550,1.9795,2.0000
5.1560,1.9796,2.0000
5.1570,1.9797,2.0000
5.1580,1.9798,2.0000
5.1590,1.9799,2.0000
5.1600,1.9799,2.0000
5.1610,1.9800,2.0000
5.1620,1.9801,2.0000
5.1630,1.9802,2.0000
5.1640,1.9803,2.0000
5.1650,1.9804,2.0000
5.1660,1.9804,2.0000
5.1670,1.9805,2.0000
5.1680,1.9806,2.0000
5.1690,1.9807,2.0000
5.1700,1.9808,2.0000
5.1710,1.9808,2.0000
5.1720,1.9809,2.0000
5.1730,1.9810,2.0000
5.1740,1.9811,2.0000
5.1750,1.9812,2.0000
5.1760,1.9813,2.0000
5.1770,1.9813,2.0000
5.1780,1.9814,2.0000
5.1790,1.9815,2.0000
5.1800,1.9816,2.0000
5.1810,1.9817,2.0000
5.1820,1.9818,2.0000
5.1830,1.9818,2.0000
5.1840,1.9819,2.0000
5.1850,1.9820,2.0000
5.1860,1.9821,2.0000
5.1870,1.9822,2.0000
5.1880,1.9822,2.0000
5.1890,1.9823,2.0000
5.1900,1.9824,2.0000
5.1910,1.9825,2.0000
5.1920,1.9826,2.0000
5.1930,1.9827,2.0000
5.1940,1.9827,2.0000
5.1950,1.9828,2.0000
5.1960,1.9829,2.0000
5.1970,1.9830,2.0000
5.1980,1.9831,2.0000
5.1990,1.9832,2.0000
5.2000,1.9832,2.0000
5.2010,1.9833,2.0000
5.2020,1.9834,2.0000
5.2030,1.9835,2.0000
5.2040,1.9836,2.0000
5.2050,1.9837,2.0000
5.2060,1.9837,2.0000
5.2070,1.9838,2.0000
5.2080,1.9839,2.0000
5.2090,1.9840,2.0000
5.2100,1.9841,2.0000
5.2110,1.9842,2.0000
5.2120,1.9842,2.0000
5.2130,1.9843,2.0000
5.2140,1.9844,2.0000
5.2150,1.9845,2.0000
5.2160,1.9846,2.0000
5.2170,1.9846,2.0000
5.2180,1.9847,2.0000
5.2190,1.9848,2.0000
5.2200,1.9849,2.0000
5.2210,1.9850,2.0000
5.2220,1.9851,2.0000
5.2230,1.9851,2.0000
5.2240,1.9852,2.0000
5.2250,1.9853,2.0000
5.2260,1.9854,2.0000
5.2270,1.9855,2.0000
5.2280,1.9856,2.0000
5.2290,1.9856,2.0000
5.2300,1.9857,2.0000
5.2310,1.9858,2.0000
5.2320,1.9859,2.0000
5.2330,1.9860,2.0000
5.2340,1.9861,2.0000
5.2350,1.9861,2.0000
5.2360,1.9862,2.0000
5.2370,1.9863,2.0000
5.2380,1.9864,2.0000
5.2390,1.9865,2.0000
5.2400,1.9866,2.0000
5.2410,1.9866,2.0000
5.2420,1.9867,2.0000
5.2430,1.9868,2.0000
5.2440,1.9869,2.0000
5.2450,1.9870,2.0000
5.2460,1.9870,2.0000
5.2470,1.9871,2.0000
5.2480,1.9872,2.0000
5.2490,1.9873,2.0000
5.2500,1.9874,2.0000
5.2510,1.9875,2.0000
5.2520,1.9875,2.0000
5.2530,1.9876,2.0000
5.2540,1.9877,2.0000
5.2550,1.9878,2.0000
5.2560,1.9879,2.0000
5.2570,1.9880,2.0000
5.2580,1.9880,2.0000
5.2590,1.9881,2.0000
5.2600,1.9882,2.0000
5.2610,1.9883,2.0000
5.2620,1.9884,2.0000
5.2630,1.9884,2.0000
5.2640,1.9885,2.0000
5.2650,1.9886,2.0000
5.2660,1.9887,2.0000
5.2670,1.9888,2.0000
5.2680,1.9889,2.0000
5.2690,1.9889,2.0000
5.2700,1.9890,2.0000
5.2710,1.9891,2.0000
5.2720,1.9892,2.0000
5.2730,1.9893,2.0000
5.2740,1.9893,2.0000
5.2750,1.9894,2.0000
5.2760,1.9895,2.0000
5.2770,1.9896,2.0000
5.2780,1.9897,2.0000
5.2790,1.9898,2.0000
5.2800,1.9898,2.0000
5.2810,1.9899,2.0000
5.2820,1.9900,2.0000
5.2830,1.9901,2.0000
5.2840,1.9902,2.0000
5.2850,1.9902,2.0000
5.2860,1.9903,2.0000
5.2870,1.9904,2.0000
5.2880,1.9905,2.0000
5.2890,1.9906,2.0000
5.2900,1.9906,2.0000
5.2910,1.9907,2.0000
5.2920,1.9908,2.0000
5.2930,1.9909,2.0000
5.2940,1.9910,2.0000
5.2950,1.9910,2.0000
5.2960,1.9911,2.0000
5.2970,1.9912,2.0000
5.2980,1.9913,2.0000
5.2990,1.9914,2.0000
5.3000,1.9914,2.0000
5.3010,1.9915,2.0000
5.3020,1.9916,2.0000
5.3030,1.9917,2.0000
5.3040,1.9918,2.0000
5.3050,1.9918,2.0000
5.3060,1.9919,2.0000
5.3070,1.9920,2.0000
5.3080,1.9921,2.0000
5.3090,1.9922,2.0000
5.3100,1.9922,2.0000
5.3110,1.9923,2.0000
5.3120,1.9924,2.0000
5.3130,1.9925,2.0000
5.3140,1.9926,2.0000
5.3150,1.9926,2.0000
5.3160,1.9927,2.0000
5.3170,1.9928,2.0000
5.3180,1.9929,2.0000
5.3190,1.9930,2.0000
5.3200,1.9930,2.0000
5.3210,1.9931,2.0000
5.3220,1.9932,2.0000
5.3230,1.9933,2.0000
5.3240,1.9933,2.0000
5.3250,1.9934,2.0000
5.3260,1.9935,2.0000
5.3270,1.9936,2.0000
5.3280,1.9937,2.0000
5.3290,1.9937,2.0000
5.3300,1.9938,2.0000
5.3310,1.9939,2.0000
5.3320,1.9940,2.0000
5.3330,1.9940,2.0000
5.3340,1.9941,2.0000
5.3350,1.9942,2.0000
5.3360,1.9943,2.0000
5.3370,1.9944,2.0000
5.3380,1.9944,2.0000
5.3390,1.9945,2.0000
5.3400,1.9946,2.0000
5.3410,1.9947,2.0000
5.3420,1.9947,2.0000
5.3430,1.9948,2.0000
5.3440,1.9949,2.0000
5.3450,1.9950,2.0000
5.3460,1.9950,2.0000
5.3470,1.9951,2.0000
5.3480,1.9952,2.0000
5.3490,1.9953,2.0000
5.3500,1.9954,2.0000
5.3510,1.9954,2.0000
5.3520,1.9955,2.0000
5.3530,1.9956,2.0000
5.3540,1.9957,2.0000
5.3550,1.9957,2.0000
5.3560,1.9958,2.0000
5.3570,1.9959,2.0000
5.3580,1.9960,2.0000
5.3590,1.9960,2.0000
5.3600,1.9961,2.0000
5.3610,1.9962,2.0000
5.3620,1.9963,2.0000
5.3630,1.9963,2.0000
5.3640,1.9964,2.0000
5.3650,1.9965,2.0000
5.3660,1.9966,2.0000
5.3670,1.9966,2.0000
5.3680,1.9967,2.0000
5.3690,1.9968,2.0000
5.3700,1.9969,2.0000
5.3710,1.9969,2.0000
5.3720,1.9970,2.0000
5.3730,1.9971,2.0000
5.3740,1.9971,2.0000
5.3750,1.9972,2.0000
5.3760,1.9973,2.0000
5.3770,1.9974,2.0000
5.3780,1.9974,2.0000
5.3790,1.9975,2.0000
5.3800,1.9976,2.0000
5.3810,1.9977,2.0000
5.3820,1.9977,2.0000
5.3830,1.9978,2.0000
5.3840,1.9979,2.0000
5.3850,1.9979,2.0000
5.3860,1.9980,2.0000
5.3870,1.9981,2.0000
5.3880,1.9982,2.0000
5.3890,1.9982,2.0000
5.3900,1.9983,2.0000
5.3910,1.9984,2.0000
5.3920,1.9984,2.0000
5.3930,1.9985,2.0000
5.3940,1.9986,2.0000
5.3950,1.9987,2.0000
5.3960,1.9987,2.0000
5.3970,1.9988,2.0000
5.3980,1.9989,2.0000
5.3990,1.9989,2.0000
5.4000,1.9990,2.0000
5.4010,1.9991,2.0000
5.4020,1.9992,2.0000
5.4030,1.9992,2.0000
5.4040,1.9993,2.0000
5.4050,1.9994,2.0000
5.4060,1.9994,2.0000
5.4070,1.9995,2.0000
5.4080,1.9996,2.0000
5.4090,1.9996,2.0000
5.4100,1.9997,2.0000
5.4110,1.9998,2.0000
5.4120,1.9998,2.0000
5.4130,1.9999,2.0000
5.4140,2.0000,2.0000
5.4150,2.0000,2.0000
5.4160,2.0001,2.0000
5.4170,2.0002,2.0000
5.4180,2.0003,2.0000
5.4190,2.0003,2.0000
5.4200,2.0004,2.0000
5.4210,2.0005,2.0000
5.4220,2.0005,2.0000
5.4230,2.0006,2.0000
5.4240,2.0007,2.0000
5.4250,2.0007,2.0000
5.4260,2.0008,2.0000
5.4270,2.0009,2.0000
5.4280,2.0009,2.0000
5.4290,2.0010,2.0000
5.4300,2.0011,2.0000
5.4310,2.0011,2.0000
5.4320,2.0012,2.0000
5.4330,2.0012,2.0000
5.4340,2.0013,2.0000
5.4350,2.0014,2.0000
5.4360,2.0014,2.0000
5.4370,2.0015,2.0000
5.4380,2.0016,2.0000
5.4390,2.0016,2.0000
5.4400,2.0017,2.0000
5.4410,2.0018,2.0000
5.4420,2.0018,2.0000
5.4430,2.0019,2.0000
5.4440,2.0020,2.0000
5.4450,2.0020,2.0000
5.4460,2.0021,2.0000
5.4470,2.0022,2.0000
5.4480,2.0022,2.0000
5.4490,2.0023,2.0000
5.4500,2.0023,2.0000
5.4510,2.0024,2.0000
5.4520,2.0025,2.0000
5.4530,2.0025,2.0000
5.4540,2.0026,2.0000
5.4550,2.0027,2.0000
5.4560,2.0027,2.0000
5.4570,2.0028,2.0000
5.4580,2.0028,2.0000
5.4590,2.0029,2.0000
5.4600,2.0030,2.0000
5.4610,2.0030,2.0000
5.4620,2.0031,2.0000
5.4630,2.0031,2.0000
5.4640,2.0032,2.0000
5.4650,2.0033,2.0000
5.4660,2.0033,2.0000
5.4670,2.0034,2.0000
5.4680,2.0034,2.0000
5.4690,2.0035,2.0000
5.4700,2.0036,2.0000
5.4710,2.0036,2.0000
5.4720,2.0037,2.0000
5.4730,2.0037,2.0000
5.4740,2.0038,2.0000
5.4750,2.0039,2.0000
5.4760,2.0039,2.0000
5.4770,2.0040,2.0000
5.4780,2.0040,2.0000
5.4790,2.0041,2.0000
5.4800,2.0041,2.0000
5.4810,2.0042,2.0000
5.4820,2.0043,2.0000
5.4830,2.0043,2.0000
5.4840,2.0044,2.0000
5.4850,2.0044,2.0000
5.4860,2.0045,2.0000
5.4870,2.0045,2.0000
5.4880,2.0046,2.0000
5.4890,2.0047,2.0000
5.4900,2.0047,2.0000
5.4910,2.0048,2.0000
5.4920,2.0048,2.0000
5.4930,2.0049,2.0000
5.4940,2.0049,2.0000
5.4950,2.0050,2.0000
5.4960,2.0051,2.0000
5.4970,2.0051,2.0000
5.4980,2.0052,2.0000
5.4990,2.0052,2.0000
5.5000,2.0053,2.0000
5.5010,2.0053,2.0000
5.5020,2.0054,2.0000
5.5030,2.0054,2.0000
5.5040,2.0055,2.0000
5.5050,2.0055,2.0000
5.5060,2.0056,2.0000
5.5070,2.0056,2.0000
5.5080,2.0057,2.0000
5.5090,2.0058,2.0000
5.5100,2.0058,2.0000
5.5110,2.0059,2.0000
5.5120,2.0059,2.0000
5.5130,2.0060,2.0000
5.5140,2.0060,2.0000
5.5150,2.0061,2.0000
5.5160,2.0061,2.0000
5.5170,2.0062,2.0000
5.5180,2.0062,2.0000
5.5190,2.0063,2.0000
5.5200,2.0063,2.0000
5.5210,2.0064,2.0000
5.5220,2.0064,2.0000
5.5230,2.0065,2.0000
5.5240,2.0065,2.0000
5.5250,2.0066,2.0000
5.5260,2.0066,2.0000
5.5270,2.0067,2.0000
5.5280,2.0067,2.0000
5.5290,2.0068,2.0000
5.5300,2.0068,2.0000
5.5310,2.0069,2.0000
5.5320,2.0069,2.0000
5.5330,2.0070,2.0000
5.5340,2.0070,2.0000
5.5350,2.0071,2.0000
5.5360,2.0071,2.0000
5.5370,2.0071,2.0000
5.5380,2.0072,2.0000
5.5390,2.0072,2.0000
5.5400,2.0073,2.0000
5.5410,2.0073,2.0000
5.5420,2.0074,2.0000
5.5430,2.0074,2.0000
5.5440,2.0075,2.0000
5.5450,2.0075,2.0000
5.5460,2.0076,2.0000
5.5470,2.0076,2.0000
5.5480,2.0077,2.0000
5.5490,2.0077,2.0000
5.5500,2.0077,2.0000
5.5510,2.0078,2.0000
5.5520,2.0078,2.0000
5.5530,2.0079,2.0000
5.5540,2.0079,2.0000
5.5550,2.0080,2.0000
5.5560,2.0080,2.0000
5.5570,2.0081,2.0000
5.5580,2.0081,2.0000
5.5590,2.0081,2.0000
5.5600,2.0082,2.0000
5.5610,2.0082,2.0000
5.5620,2.0083,2.0000
5.5630,2.0083,2.0000
5.5640,2.0084,2.0000
5.5650,2.0084,2.0000
5.5660,2.0084,2.0000
5.5670,2.0085,2.0000
5.5680,2.0085,2.0000
5.5690,2.0086,2.0000
5.5700,2.0086,2.0000
5.5710,2.0086,2.0000
5.5720,2.0087,2.0000
5.5730,2.0087,2.0000
5.5740,2.0088,2.0000
5.5750,2.0088,2.0000
5.5760,2.0088,2.0000
5.5770,2.0089,2.0000
5.5780,2.0089,2.0000
5.5790,2.0090,2.0000
5.5800,2.0090,2.0000
5.5810,2.0090,2.0000
5.5820,2.0091,2.0000
5.5830,2.0091,2.0000
5.5840,2.0092,2.0000
5.5850,2.0092,2.0000
5.5860,2.0092,2.0000
5.5870,2.0093,2.0000
5.5880,2.0093,2.0000
5.5890,2.0093,2.0000
5.5900,2.0094,2.0000
5.5910,2.0094,2.0000
5.5920,2.0094,2.0000
5.5930,2.0095,2.0000
5.5940,2.0095,2.0000
5.5950,2.0096,2.0000
5.5960,2.0096,2.0000
5.5970,2.0096,2.0000
5.5980,2.0097,2.0000
5.5990,2.0097,2.0000
5.6000,2.0097,2.0000
5.6010,2.0098,2.0000
5.6020,2.0098,2.0000
5.6030,2.0098,2.0000
5.6040,2.0099,2.0000
5.6050,2.0099,2.0000
5.6060,2.0099,2.0000
5.6070,2.0100,2.0000
5.6080,2.0100,2.0000
5.6090,2.0100,2.0000
5.6100,2.0101,2.0000
5.6110,2.0101,2.0000
5.6120,2.0101,2.0000
5.6130,2.0102,2.0000
5.6140,2.0102,2.0000
5.6150,2.0102,2.0000
5.6160,2.0103,2.0000
5.6170,2.0103,2.0000
5.6180,2.0103,2.0000
5.6190,2.0103,2.0000
5.6200,2.0104,2.0000
5.6210,2.0104,2.0000
5.6220,2.0104,2.0000
5.6230,2.0105,2.0000
5.6240,2.0105,2.0000
5.6250,2.0105,2.0000
5.6260,2.0106,2.0000
5.6270,2.0106,2.0000
5.6280,2.0106,2.0000
5.6290,2.0106,2.0000
5.6300,2.0107,2.0000
5.6310,2.0107,2.0000
5.6320,2.0107,2.0000
5.6330,2.0108,2.0000
5.6340,2.0108,2.0000
5.6350,2.0108,2.0000
5.6360,2.0108,2.0000
5.6370,2.0109,2.0000
5.6380,2.0109,2.0000
5.6390,2.0109,2.0000
5.6400,2.0109,2.0000
5.6410,2.0110,2.0000
5.6420,2.0110,2.0000
5.6430,2.0110,2.0000
5.6440,2.0110,2.0000
5.6450,2.0111,2.0000
5.6460,2.0111,2.0000
5.6470,2.0111,2.0000
5.6480,2.0111,2.0000
5.6490,2.0112,2.0000
5.6500,2.0112,2.0000
5.6510,2.0112,2.0000
5.6520,2.0112,2.0000
5.6530,2.0113,2.0000
5.6540,2.0113,2.0000
5.6550,2.0113,2.0000
5.6560,2.0113,2.0000
5.6570,2.0114,2.0000
5.6580,2.0114,2.0000
5.6590,2.0114,2.0000
5.6600,2.0114,2.0000
5.6610,2.0114,2.0000
5.6620,2.0115,2.0000
5.6630,2.0115,2.0000
5.6640,2.0115,2.0000
5.6650,2.0115,2.0000
5.6660,2.0115,2.0000
5.6670,2.0116,2.0000
5.6680,2.0116,2.0000
5.6690,2.0116,2.0000
5.6700,2.0116,2.0000
5.6710,2.0116,2.0000
5.6720,2.0117,2.0000
5.6730,2.0117,2.0000
5.6740,2.0117,2.0000
5.6750,2.0117,2.0000
5.6760,2.0117,2.0000
5.6770,2.0118,2.0000
5.6780,2.0118,2.0000
5.6790,2.0118,2.0000
5.6800,2.0118,2.0000
5.6810,2.0118,2.0000
5.6820,2.0118,2.0000
5.6830,2.0119,2.0000
5.6840,2.0119,2.0000
5.6850,2.0119,2.0000
5.6860,2.0119,2.0000
5.6870,2.0119,2.0000
5.6880,2.0119,2.0000
5.6890,2.0120,2.0000
5.6900,2.0120,2.0000
5.6910,2.0120,2.0000
5.6920,2.0120,2.0000
5.6930,2.0120,2.0000
5.6940,2.0120,2.0000
5.6950,2.0120,2.0000
5.6960,2.0121,2.0000
5.6970,2.0121,2.0000
5.6980,2.0121,2.0000
5.6990,2.0121,2.0000
5.7000,2.0121,2.0000
5.7010,2.0121,2.0000
5.7020,2.0121,2.0000
5.7030,2.0121,2.0000
5.7040,2.0122,2.0000
5.7050,2.0122,2.0000
5.7060,2.0122,2.0000
5.7070,2.0122,2.0000
5.7080,2.0122,2.0000
5.7090,2.0122,2.0000
5.7100,2.0122,2.0000
5.7110,2.0122,2.0000
5.7120,2.0122,2.0000
5.7130,2.0123,2.0000
5.7140,2.0123,2.0000
5.7150,2.0123,2.0000
5.7160,2.0123,2.0000
5.7170,2.0123,2.0000
5.7180,2.0123,2.0000
5.7190,2.0123,2.0000
5.7200,2.0123,2.0000
5.7210,2.0123,2.0000
5.7220,2.0123,2.0000
5.7230,2.0124,2.0000
5.7240,2.0124,2.0000
5.7250,2.0124,2.0000
5.7260,2.0124,2.0000
5.7270,2.0124,2.0000
5.7280,2.0124,2.0000
5.7290,2.0124,2.0000
5.7300,2.0124,2.0000
5.7310,2.0124,2.0000
5.7320,2.0124,2.0000
5.7330,2.0124,2.0000
5.7340,2.0124,2.0000
5.7350,2.0124,2.0000
5.7360,2.0124,2.0000
5.7370,2.0124,2.0000
5.7380,2.0124,2.0000
5.7390,2.0125,2.0000
5.7400,2.0125,2.0000
5.7410,2.0125,2.0000
5.7420,2.0125,2.0000
5.7430,2.0125,2.0000
5.7440,2.0125,2.0000
5.7450,2.0125,2.0000
5.7460,2.0125,2.0000
5.7470,2.0125,2.0000
5.7480,2.0125,2.0000
5.7490,2.0125,2.0000
5.7500,2.0125,2.0000
5.7510,2.0125,2.0000
5.7520,2.0125,2.0000
5.7530,2.0125,2.0000
5.7540,2.0125,2.0000
5.7550,2.0125,2.0000
5.7560,2.0125,2.0000
5.7570,2.0125,2.0000
5.7580,2.0125,2.0000
5.7590,2.0125,2.0000
5.7600,2.0125,2.0000
5.7610,2.0125,2.0000
5.7620,2.0125,2.0000
5.7630,2.0125,2.0000
5.7640,2.0125,2.0000
5.7650,2.0125,2.0000
5.7660,2.0125,2.0000
5.7670,2.0125,2.0000
5.7680,2.0125,2.0000
5.7690,2.0125,2.0000
5.7700,2.0125,2.0000
5.7710,2.0125,2.0000
5.7720,2.0125,2.0000
5.7730,2.0125,2.0000
5.7740,2.0125,2.0000
5.7750,2.0125,2.0000
5.7760,2.0125,2.0000
5.7770,2.0125,2.0000
5.7780,2.0125,2.0000
5.7790,2.0125,2.0000
5.7800,2.0125,2.0000
5.7810,2.0125,2.0000
5.7820,2.0125,2.0000
5.7830,2.0125,2.0000
5.7840,2.0125,2.0000
5.7850,2.0124,2.0000
5.7860,2.0124,2.0000
5.7870,2.0124,2.0000
5.7880,2.0124,2.0000
5.7890,2.0124,2.0000
5.7900,2.0124,2.0000
5.7910,2.0124,2.0000
5.7920,2.0124,2.0000
5.7930,2.0124,2.0000
5.7940,2.0124,2.0000
5.7950,2.0124,2.0000
5.7960,2.0124,2.0000
5.7970,2.0124,2.0000
5.7980,2.0124,2.0000
5.7990,2.0124,2.0000
5.8000,2.0124,2.0000
5.8010,2.0123,2.0000
5.8020,2.0123,2.0000
5.8030,2.0123,2.0000
5.8040,2.0123,2.0000
5.8050,2.0123,2.0000
5.8060,2.0123,2.0000
5.8070,2.0123,2.0000
5.8080,2.0123,2.0000
5.8090,2.0123,2.0000
5.8100,2.0123,2.0000
5.8110,2.0123,2.0000
5.8120,2.0122,2.0000
5.8130,2.0122,2.0000
5.8140,2.0122,2.0000
5.8150,2.0122,2.0000
5.8160,2.0122,2.0000
5.8170,2.0122,2.0000
5.8180,2.0122,2.0000
5.8190,2.0122,2.0000
5.8200,2.0122,2.0000
5.8210,2.0121,2.0000
5.8220,2.0121,2.0000
5.8230,2.0121,2.0000
5.8240,2.0121,2.0000
5.8250,2.0121,2.0000
5.8260,2.0121,2.0000
5.8270,2.0121,2.0000
5.8280,2.0121,2.0000
5.8290,2.0120,2.0000
5.8300,2.0120,2.0000
5.8310,2.0120,2.0000
5.8320,2.0120,2.0000
5.8330,2.0120,2.0000
5.8340,2.0120,2.0000
5.8350,2.0120,2.0000
5.8360,2.0119,2.0000
5.8370,2.0119,2.0000
5.8380,2.0119,2.0000
5.8390,2.0119,2.0000
5.8400,2.0119,2.0000
5.8410,2.0119,2.0000
5.8420,2.0119,2.0000
5.8430,2.0118,2.0000
5.8440,2.0118,2.0000
5.8450,2.0118,2.0000
5.8460,2.0118,2.0000
5.8470,2.0118,2.0000
5.8480,2.0118,2.0000
5.8490,2.0117,2.0000
5.8500,2.0117,2.0000
5.8510,2.0117,2.0000
5.8520,2.0117,2.0000
5.8530,2.0117,2.0000
5.8540,2.0117,2.0000
5.8550,2.0116,2.0000
5.8560,2.0116,2.0000
5.8570,2.0116,2.0000
5.8580,2.0116,2.0000
5.8590,2.0116,2.0000
5.8600,2.0115,2.0000
5.8610,2.0115,2.0000
5.8620,2.0115,2.0000
5.8630,2.0115,2.0000
5.8640,2.0115,2.0000
5.8650,2.0114,2.0000
5.8660,2.0114,2.0000
5.8670,2.0114,2.0000
5.8680,2.0114,2.0000
5.8690,2.0114,2.0000
5.8700,2.0113,2.0000
5.8710,2.0113,2.0000
5.8720,2.0113,2.0000
5.8730,2.0113,2.0000
5.8740,2.0113,2.0000
5.8750,2.0112,2.0000
5.8760,2.0112,2.0000
5.8770,2.0112,2.0000
5.8780,2.0112,2.0000
5.8790,2.0111,2.0000
5.8800,2.0111,2.0000
5.8810,2.0111,2.0000
5.8820,2.0111,2.0000
5.8830,2.0111,2.0000
5.8840,2.0110,2.0000
5.8850,2.0110,2.0000
5.8860,2.0110,2.0000
5.8870,2.0110,2.0000
5.8880,2.0109,2.0000
5.8890,2.0109,2.0000
5.8900,2.0109,2.0000
5.8910,2.0109,2.0000
5.8920,2.0108,2.0000
5.8930,2.0108,2.0000
5.8940,2.0108,2.0000
5.8950,2.0108,2.0000
5.8960,2.0107,2.0000
5.8970,2.0107,2.0000
5.8980,2.0107,2.0000
5.8990,2.0107,2.0000
5.9000,2.0106,2.0000
5.9010,2.0106,2.0000
5.9020,2.0106,2.0000
5.9030,2.0106,2.0000
5.9040,2.0105,2.0000
5.9050,2.0105,2.0000
5.9060,2.0105,2.0000
5.9070,2.0104,2.0000
5.9080,2.0104,2.0000
5.9090,2.0104,2.0000
5.9100,2.0104,2.0000
5.9110,2.0103,2.0000
5.9120,2.0103,2.0000
5.9130,2.0103,2.0000
5.9140,2.0103,2.0000
5.9150,2.0102,2.0000
5.9160,2.0102,2.0000
5.9170,2.0102,2.0000
5.9180,2.0101,2.0000
5.9190,2.0101,2.0000
5.9200,2.0101,2.0000
5.9210,2.0101,2.0000
5.9220,2.0100,2.0000
5.9230,2.0100,2.0000
5.9240,2.0100,2.0000
5.9250,2.0099,2.0000
5.9260,2.0099,2.0000
5.9270,2.0099,2.0000
5.9280,2.0098,2.0000
5.9290,2.0098,2.0000
5.9300,2.0098,2.0000
5.9310,2.0098,2.0000
5.9320,2.0097,2.0000
5.9330,2.0097,2.0000
5.9340,2.0097,2.0000
5.9350,2.0096,2.0000
5.9360,2.0096,2.0000
5.9370,2.0096,2.0000
5.9380,2.0095,2.0000
5.9390,2.0095,2.0000
5.9400,2.0095,2.0000
5.9410,2.0094,2.0000
5.9420,2.0094,2.0000
5.9430,2.0094,2.0000
5.9440,2.0093,2.0000
5.9450,2.0093,2.0000
5.9460,2.0093,2.0000
5.9470,2.0092,2.0000
5.9480,2.0092,2.0000
5.9490,2.0092,2.0000
5.9500,2.0091,2.0000
5.9510,2.0091,2.0000
5.9520,2.0091,2.0000
5.9530,2.0090,2.0000
5.9540,2.0090,2.0000
5.9550,2.0090,2.0000
5.9560,2.0089,2.0000
5.9570,2.0089,2.0000
5.9580,2.0089,2.0000
5.9590,2.0088,2.0000
5.9600,2.0088,2.0000
5.9610,2.0088,2.0000
5.9620,2.0087,2.0000
5.9630,2.0087,2.0000
5.9640,2.0087,2.0000
5.9650,2.0086,2.0000
5.9660,2.0086,2.0000
5.9670,2.0086,2.0000
5.9680,2.0085,2.0000
5.9690,2.0085,2.0000
5.9700,2.0084,2.0000
5.9710,2.0084,2.0000
5.9720,2.0084,2.0000
5.9730,2.0083,2.0000
5.9740,2.0083,2.0000
5.9750,2.0083,2.0000
5.9760,2.0082,2.0000
5.9770,2.0082,2.0000
5.9780,2.0082,2.0000
5.9790,2.0081,2.0000
5.9800,2.0081,2.0000
5.9810,2.0080,2.0000
5.9820,2.0080,2.0000
5.9830,2.0080,2.0000
5.9840,2.0079,2.0000
5.9850,2.0079,2.0000
5.9860,2.0079,2.0000
5.9870,2.0078,2.0000
5.9880,2.0078,2.0000
5.9890,2.0077,2.0000
5.9900,2.0077,2.0000
5.9910,2.0077,2.0000
5.9920,2.0076,2.0000
5.9930,2.0076,2.0000
5.9940,2.0075,2.0000
5.9950,2.0075,2.0000
5.9960,2.0075,2.0000
5.9970,2.0074,2.0000
5.9980,2.0074,2.0000
5.9990,2.0073,2.0000
6.0000,2.0073,2.0000
6.0010,2.0073,2.0000
6.0020,2.0072,2.0000
6.0030,2.0072,2.0000
6.0040,2.0071,2.0000
6.0050,2.0071,2.0000
6.0060,2.0071,2.0000
6.0070,2.0070,2.0000
6.0080,2.0070,2.0000
6.0090,2.0069,2.0000
6.0100,2.0069,2.0000
6.0110,2.0069,2.0000
6.0120,2.0068,2.0000
6.0130,2.0068,2.0000
6.0140,2.0067,2.0000
6.0150,2.0067,2.0000
6.0160,2.0067,2.0000
6.0170,2.0066,2.0000
6.0180,2.0066,2.0000
6.0190,2.0065,2.0000
6.0200,2.0065,2.0000
6.0210,2.0064,2.0000
6.0220,2.0064,2.0000
6.0230,2.0064,2.0000
6.0240,2.0063,2.0000
6.0250,2.0063,2.0000
6.0260,2.0062,2.0000
6.0270,2.0062,2.0000
6.0280,2.0062,2.0000
6.0290,2.0061,2.0000
6.0300,2.0061,2.0000
6.0310,2.0060,2.0000
6.0320,2.0060,2.0000
6.0330,2.0059,2.0000
6.0340,2.0059,2.0000
6.0350,2.0059,2.0000
6.0360,2.0058,2.0000
6.0370,2.0058,2.0000
6.0380,2.0057,2.0000
6.0390,2.0057,2.0000
6.0400,2.0056,2.0000
6.0410,2.0056,2.0000
6.0420,2.0055,2.0000
6.0430,2.0055,2.0000
6.0440,2.0055,2.0000
6.0450,2.0054,2.0000
6.0460,2.0054,2.0000
6.0470,2.0053,2.0000
6.0480,2.0053,2.0000
6.0490,2.0052,2.0000
6.0500,2.0052,2.0000
6.0510,2.0051,2.0000
6.0520,2.0051,2.0000
6.0530,2.0051,2.0000
6.0540,2.0050,2.0000
6.0550,2.0050,2.0000
6.0560,2.0049,2.0000
6.0570,2.0049,2.0000
6.0580,2.0048,2.0000
6.0590,2.0048,2.0000
6.0600,2.0047,2.0000
6.0610,2.0047,2.0000
6.0620,2.0047,2.0000
6.0630,2.0046,2.0000
6.0640,2.0046,2.0000
6.0650,2.0045,2.0000
6.0660,2.0045,2.0000
6.0670,2.0044,2.0000
6.0680,2.0044,2.0000
6.0690,2.0043,2.0000
6.0700,2.0043,2.0000
6.0710,2.0042,2.0000
6.0720,2.0042,2.0000
6.0730,2.0041,2.0000
6.0740,2.0041,2.0000
6.0750,2.0041,2.0000
6.0760,2.0040,2.0000
6.0770,2.0040,2.0000
6.0780,2.0039,2.0000
6.0790,2.0039,2.0000
6.0800,2.0038,2.0000
6.0810,2.0038,2.0000
6.0820,2.0037,2.0000
6.0830,2.0037,2.0000
6.0840,2.0036,2.0000
6.0850,2.0036,2.0000
6.0860,2.0035,2.0000
6.0870,2.0035,2.0000
6.0880,2.0034,2.0000
6.0890,2.0034,2.0000
6.0900,2.0033,2.0000
6.0910,2.0033,2.0000
6.0920,2.0033,2.0000
6.0930,2.0032,2.0000
6.0940,2.0032,2.0000
6.0950,2.0031,2.0000
6.0960,2.0031,2.0000
6.0970,2.0030,2.0000
6.0980,2.0030,2.0000
6.0990,2.0029,2.0000
6.1000,2.0029,2.0000
6.1010,2.0028,2.0000
6.1020,2.0028,2.0000
6.1030,2.0027,2.0000
6.1040,2.0027,2.0000
6.1050,2.0026,2.0000
6.1060,2.0026,2.0000
6.1070,2.0025,2.0000
6.1080,2.0025,2.0000
6.1090,2.0024,2.0000
6.1100,2.0024,2.0000
6.1110,2.0023,2.0000
6.1120,2.0023,2.0000
6.1130,2.0022,2.0000
6.1140,2.0022,2.0000
6.1150,2.0021,2.0000
6.1160,2.0021,2.0000
6.1170,2.0020,2.0000
6.1180,2.0020,2.0000
6.1190,2.0020,2.0000
6.1200,2.0019,2.0000
6.1210,2.0019,2.0000
6.1220,2.0018,2.0000
6.1230,2.0018,2.0000
6.1240,2.0017,2.0000
6.1250,2.0017,2.0000
6.1260,2.0016,2.0000
6.1270,2.0016,2.0000
6.1280,2.0015,2.0000
6.1290,2.0015,2.0000
6.1300,2.0014,2.0000
6.1310,2.0014,2.0000
6.1320,2.0013,2.0000
6.1330,2.0013,2.0000
6.1340,2.0012,2.0000
6.1350,2.0012,2.0000
6.1360,2.0011,2.0000
6.1370,2.0011,2.0000
6.1380,2.0010,2.0000
6.1390,2.0010,2.0000
6.1400,2.0009,2.0000
6.1410,2.0009,2.0000
6.1420,2.0008,2.0000
6.1430,2.0008,2.0000
6.1440,2.0007,2.0000
6.1450,2.0007,2.0000
6.1460,2.0006,2.0000
6.1470,2.0006,2.0000
6.1480,2.0005,2.0000
6.1490,2.0005,2.0000
6.1500,2.0004,2.0000
6.1510,2.0004,2.0000
6.1520,2.0003,2.0000
6.1530,2.0003,2.0000
6.1540,2.0002,2.0000
6.1550,2.0002,2.0000
6.1560,2.0001,2.0000
6.1570,2.0001,2.0000
6.1580,2.0000,2.0000
6.1590,2.0000,2.0000
6.1600,1.9999,2.0000
6.1610,1.9999,2.0000
6.1620,1.9998,2.0000
6.1630,1.9998,2.0000
6.1640,1.9997,2.0000
6.1650,1.9997,2.0000
6.1660,1.9996,2.0000
6.1670,1.9996,2.0000
6.1680,1.9995,2.0000
6.1690,1.9995,2.0000
6.1700,1.9994,2.0000
6.1710,1.9994,2.0000
6.1720,1.9993,2.0000
6.1730,1.9993,2.0000
6.1740,1.9992,2.0000
6.1750,1.9992,2.0000
6.1760,1.9991,2.0000
6.1770,1.9991,2.0000
6.1780,1.9990,2.0000
6.1790,1.9990,2.0000
6.1800,1.9989,2.0000
6.1810,1.9989,2.0000
6.1820,1.9988,2.0000
6.1830,1.9988,2.0000
6.1840,1.9987,2.0000
6.1850,1.9987,2.0000
6.1860,1.9986,2.0000
6.1870,1.9986,2.0000
6.1880,1.9985,2.0000
6.1890,1.9985,2.0000
6.1900,1.9984,2.0000
6.1910,1.9984,2.0000
6.1920,1.9983,2.0000
6.1930,1.9983,2.0000
6.1940,1.9982,2.0000
6.1950,1.9982,2.0000
6.1960,1.9981,2.0000
6.1970,1.9981,2.0000
6.1980,1.9980,2.0000
6.1990,1.9980,2.0000
6.2000,1.9979,2.0000
6.2010,1.9979,2.0000
6.2020,1.9978,2.0000
6.2030,1.9978,2.0000
6.2040,1.9977,2.0000
6.2050,1.9977,2.0000
6.2060,1.9976,2.0000
6.2070,1.9976,2.0000
6.2080,1.9975,2.0000
6.2090,1.9975,2.0000
6.2100,1.9974,2.0000
6.2110,1.9974,2.0000
6.2120,1.9973,2.0000
6.2130,1.9973,2.0000
6.2140,1.9972,2.0000
6.2150,1.9972,2.0000
6.2160,1.9971,2.0000
6.2170,1.9971,2.0000
6.2180,1.9970,2.0000
6.2190,1.9970,2.0000
6.2200,1.9969,2.0000
6.2210,1.9969,2.0000
6.2220,1.9968,2.0000
6.2230,1.9968,2.0000
6.2240,1.9967,2.0000
6.2250,1.9967,2.0000
6.2260,1.9966,2.0000
6.2270,1.9966,2.0000
6.2280,1.9965,2.0000
6.2290,1.9965,2.0000
6.2300,1.9964,2.0000
6.2310,1.9964,2.0000
6.2320,1.9963,2.0000
6.2330,1.9963,2.0000
6.2340,1.9962,2.0000
6.2350,1.9962,2.0000
6.2360,1.9961,2.0000
6.2370,1.9961,2.0000
6.2380,1.9960,2.0000
6.2390,1.9960,2.0000
6.2400,1.9959,2.0000
6.2410,1.9959,2.0000
6.2420,1.9958,2.0000
6.2430,1.9958,2.0000
6.2440,1.9957,2.0000
6.2450,1.9957,2.0000
6.2460,1.9956,2.0000
6.2470,1.9956,2.0000
6.2480,1.9955,2.0000
6.2490,1.9955,2.0000
6.2500,1.9954,2.0000
6.2510,1.9954,2.0000
6.2520,1.9953,2.0000
6.2530,1.9953,2.0000
6.2540,1.9952,2.0000
6.2550,1.9952,2.0000
6.2560,1.9951,2.0000
6.2570,1.9951,2.0000
6.2580,1.9950,2.0000
6.2590,1.9950,2.0000
6.2600,1.9949,2.0000
6.2610,1.9949,2.0000
6.2620,1.9948,2.0000
6.2630,1.9948,2.0000
6.2640,1.9947,2.0000
6.2650,1.9947,2.0000
6.2660,1.9946,2.0000
6.2670,1.9946,2.0000
6.2680,1.9945,2.0000
6.2690,1.9945,2.0000
6.2700,1.9944,2.0000
6.2710,1.9944,2.0000
6.2720,1.9944,2.0000
6.2730,1.9943,2.0000
6.2740,1.9943,2.0000
6.2750,1.9942,2.0000
6.2760,1.9942,2.0000
6.2770,1.9941,2.0000
6.2780,1.9941,2.0000
6.2790,1.9940,2.0000
6.2800,1.9940,2.0000
6.2810,1.9939,2.0000
6.2820,1.9939,2.0000
6.2830,1.9938,2.0000
6.2840,1.9938,2.0000
6.2850,1.9937,2.0000
6.2860,1.9937,2.0000
6.2870,1.9936,2.0000
6.2880,1.9936,2.0000
6.2890,1.9935,2.0000
6.2900,1.9935,2.0000
6.2910,1.9934,2.0000
6.2920,1.9934,2.0000
6.2930,1.9934,2.0000
6.2940,1.9933,2.0000
6.2950,1.9933,2.0000
6.2960,1.9932,2.0000
6.2970,1.9932,2.0000
6.2980,1.9931,2.0000
6.2990,1.9931,2.0000
6.3000,1.9930,2.0000
6.3010,1.9930,2.0000
6.3020,1.9929,2.0000
6.3030,1.9929,2.0000
6.3040,1.9928,2.0000
6.3050,1.9928,2.0000
6.3060,1.9927,2.0000
6.3070,1.9927,2.0000
6.3080,1.9927,2.0000
6.3090,1.9926,2.0000
6.3100,1.9926,2.0000
6.3110,1.9925,2.0000
6.3120,1.9925,2.0000
6.3130,1.9924,2.0000
6.3140,1.9924,2.0000
6.3150,1.9923,2.0000
6.3160,1.9923,2.0000
6.3170,1.9922,2.0000
6.3180,1.9922,2.0000
6.3190,1.9921,2.0000
6.3200,1.9921,2.0000
6.3210,1.9921,2.0000
6.3220,1.9920,2.0000
6.3230,1.9920,2.0000
6.3240,1.9919,2.0000
6.3250,1.9919,2.0000
6.3260,1.9918,2.0000
6.3270,1.9918,2.0000
6.3280,1.9917,2.0000
6.3290,1.9917,2.0000
6.3300,1.9917,2.0000
6.3310,1.9916,2.0000
6.3320,1.9916,2.0000
6.3330,1.9915,2.0000
6.3340,1.9915,2.0000
6.3350,1.9914,2.0000
6.3360,1.9914,2.0000
6.3370,1.9913,2.0000
6.3380,1.9913,2.0000
6.3390,1.9913,2.0000
6.3400,1.9912,2.0000
6.3410,1.9912,2.0000
6.3420,1.9911,2.0000
6.3430,1.9911,2.0000
6.3440,1.9910,2.0000
6.3450,1.9910,2.0000
6.3460,1.9910,2.0000
6.3470,1.9909,2.0000
6.3480,1.9909,2.0000
6.3490,1.9908,2.0000
6.3500,1.9908,2.0000
6.3510,1.9907,2.0000
6.3520,1.9907,2.0000
6.3530,1.9907,2.0000
6.3540,1.9906,2.0000
6.3550,1.9906,2.0000
6.3560,1.9905,2.0000
6.3570,1.9905,2.0000
6.3580,1.9904,2.0000
6.3590,1.9904,2.0000
6.3600,1.9904,2.0000
6.3610,1.9903,2.0000
6.3620,1.9903,2.0000
6.3630,1.9902,2.0000
6.3640,1.9902,2.0000
6.3650,1.9901,2.0000
6.3660,1.9901,2.0000
6.3670,1.9901,2.0000
6.3680,1.9900,2.0000
6.3690,1.9900,2.0000
6.3700,1.9899,2.0000
6.3710,1.9899,2.0000
6.3720,1.9899,2.0000
6.3730,1.9898,2.0000
6.3740,1.9898,2.0000
6.3750,1.9897,2.0000
6.3760,1.9897,2.0000
6.3770,1.9897,2.0000
6.3780,1.9896,2.0000
6.3790,1.9896,2.0000
6.3800,1.9895,2.0000
6.3810,1.9895,2.0000
6.3820,1.9895,2.0000
6.3830,1.9894,2.0000
6.3840,1.9894,2.0000
6.3850,1.9893,2.0000
6.3860,1.9893,2.0000
6.3870,1.9893,2.0000
6.3880,1.9892,2.0000
6.3890,1.9892,2.0000
6.3900,1.9891,2.0000
6.3910,1.9891,2.0000
6.3920,1.9891,2.0000
6.3930,1.9890,2.0000
6.3940,1.9890,2.0000
6.3950,1.9889,2.0000
6.3960,1.9889,2.0000
6.3970,1.9889,2.0000
6.3980,1.9888,2.0000
6.3990,1.9888,2.0000
6.4000,1.9888,2.0000
6.4010,1.9887,2.0000
6.4020,1.9887,2.0000
6.4030,1.9886,2.0000
6.4040,1.9886,2.0000
6.4050,1.9886,2.0000
6.4060,1.9885,2.0000
6.4070,1.9885,2.0000
6.4080,1.9885,2.0000
6.4090,1.9884,2.0000
6.4100,1.9884,2.0000
6.4110,1.9883,2.0000
6.4120,1.9883,2.0000
6.4130,1.9883,2.0000
6.4140,1.9882,2.0000
6.4150,1.9882,2.0000
6.4160,1.9882,2.0000
6.4170,1.9881,2.0000
6.4180,1.9881,2.0000
6.4190,1.9880,2.0000
6.4200,1.9880,2.0000
6.4210,1.9880,2.0000
6.4220,1.9879,2.0000
6.4230,1.9879,2.0000
6.4240,1.9879,2.0000
6.4250,1.9878,2.0000
6.4260,1.9878,2.0000
6.4270,1.9878,2.0000
6.4280,1.9877,2.0000
6.4290,1.9877,2.0000
6.4300,1.9877,2.0000
6.4310,1.9876,2.0000
6.4320,1.9876,2.0000
6.4330,1.9876,2.0000
6.4340,1.9875,2.0000
6.4350,1.9875,2.0000
6.4360,1.9875,2.0000
6.4370,1.9874,2.0000
6.4380,1.9874,2.0000
6.4390,1.9874,2.0000
6.4400,1.9873,2.0000
6.4410,1.9873,2.0000
6.4420,1.9873,2.0000
6.4430,1.9872,2.0000
6.4440,1.9872,2.0000
6.4450,1.9872,2.0000
6.4460,1.9871,2.0000
6.4470,1.9871,2.0000
6.4480,1.9871,2.0000
6.4490,1.9870,2.0000
6.4500,1.9870,2.0000
6.4510,1.9870,2.0000
6.4520,1.9869,2.0000
6.4530,1.9869,2.0000
6.4540,1.9869,2.0000
6.4550,1.9868,2.0000
6.4560,1.9868,2.0000
6.4570,1.9868,2.0000
6.4580,1.9867,2.0000
6.4590,1.9867,2.0000
6.4600,1.9867,2.0000
6.4610,1.9866,2.0000
6.4620,1.9866,2.0000
6.4630,1.9866,2.0000
6.4640,1.9866,2.0000
6.4650,1.9865,2.0000
6.4660,1.9865,2.0000
6.4670,1.9865,2.0000
6.4680,1.9864,2.0000
6.4690,1.9864,2.0000
6.4700,1.9864,2.0000
6.4710,1.9863,2.0000
6.4720,1.9863,2.0000
6.4730,1.9863,2.0000
6.4740,1.9863,2.0000
6.4750,1.9862,2.0000
6.4760,1.9862,2.0000
6.4770,1.9862,2.0000
6.4780,1.9861,2.0000
6.4790,1.9861,2.0000
6.4800,1.9861,2.0000
6.4810,1.9861,2.0000
6.4820,1.9860,2.0000
6.4830,1.9860,2.0000
6.4840,1.9860,2.0000
6.4850,1.9859,2.0000
6.4860,1.9859,2.0000
6.4870,1.9859,2.0000
6.4880,1.9859,2.0000
6.4890,1.9858,2.0000
6.4900,1.9858,2.0000
6.4910,1.9858,2.0000
6.4920,1.9858,2.0000
6.4930,1.9857,2.0000
6.4940,1.9857,2.0000
6.4950,1.9857,2.0000
6.4960,1.9856,2.0000
6.4970,1.9856,2.0000
6.4980,1.9856,2.0000
6.4990,1.9856,2.0000
6.5000,1.9855,2.0000
6.5010,1.9855,2.0000
6.5020,1.9855,2.0000
6.5030,1.9855,2.0000
6.5040,1.9854,2.0000
6.5050,1.9854,2.0000
6.5060,1.9854,2.0000
6.5070,1.9854,2.0000
6.5080,1.9853,2.0000
6.5090,1.9853,2.0000
6.5100,1.9853,2.0000
6.5110,1.9853,2.0000
6.5120,1.9852,2.0000
6.5130,1.9852,2.0000
6.5140,1.9852,2.0000
6.5150,1.9852,2.0000
6.5160,1.9852,2.0000
6.5170,1.9851,2.0000
6.5180,1.9851,2.0000
6.5190,1.9851,2.0000
6.5200,1.9851,2.0000
6.5210,1.9850,2.0000
6.5220,1.9850,2.0000
6.5230,1.9850,2.0000
6.5240,1.9850,2.0000
6.5250,1.9850,2.0000
6.5260,1.9849,2.0000
6.5270,1.9849,2.0000
6.5280,1.9849,2.0000
6.5290,1.9849,2.0000
6.5300,1.9848,2.0000
6.5310,1.9848,2.0000
6.5320,1.9848,2.0000
6.5330,1.9848,2.0000
6.5340,1.9848,2.0000
6.5350,1.9847,2.0000
6.5360,1.9847,2.0000
6.5370,1.9847,2.0000
6.5380,1.9847,2.0000
6.5390,1.9847,2.0000
6.5400,1.9846,2.0000
6.5410,1.9846,2.0000
6.5420,1.9846,2.0000
6.5430,1.9846,2.0000
6.5440,1.9846,2.0000
6.5450,1.9845,2.0000
6.5460,1.9845,2.0000
6.5470,1.9845,2.0000
6.5480,1.9845,2.0000
6.5490,1.9845,2.0000
6.5500,1.9844,2.0000
6.5510,1.9844,2.0000
6.5520,1.9844,2.0000
6.5530,1.9844,2.0000
6.5540,1.9844,2.0000
6.5550,1.9844,2.0000
6.5560,1.9843,2.0000
6.5570,1.9843,2.0000
6.5580,1.9843,2.0000
6.5590,1.9843,2.0000
6.5600,1.9843,2.0000
6.5610,1.9843,2.0000
6.5620,1.9842,2.0000
6.5630,1.9842,2.0000
6.5640,1.9842,2.0000
6.5650,1.9842,2.0000
6.5660,1.9842,2.0000
6.5670,1.9842,2.0000
6.5680,1.9841,2.0000
6.5690,1.9841,2.0000
6.5700,1.9841,2.0000
6.5710,1.9841,2.0000
6.5720,1.9841,2.0000
6.5730,1.9841,2.0000
6.5740,1.9840,2.0000
6.5750,1.9840,2.0000
6.5760,1.9840,2.0000
6.5770,1.9840,2.0000
6.5780,1.9840,2.0000
6.5790,1.9840,2.0000
6.5800,1.9840,2.0000
6.5810,1.9839,2.0000
6.5820,1.9839,2.0000
6.5830,1.9839,2.0000
6.5840,1.9839,2.0000
6.5850,1.9839,2.0000
6.5860,1.9839,2.0000
6.5870,1.9839,2.0000
6.5880,1.9839,2.0000
6.5890,1.9838,2.0000
6.5900,1.9838,2.0000
6.5910,1.9838,2.0000
6.5920,1.9838,2.0000
6.5930,1.9838,2.0000
6.5940,1.9838,2.0000
6.5950,1.9838,2.0000
6.5960,1.9838,2.0000
6.5970,1.9837,2.0000
6.5980,1.9837,2.0000
6.5990,1.9837,2.0000
6.6000,1.9837,2.0000
6.6010,1.9837,2.0000
6.6020,1.9837,2.0000
6.6030,1.9837,2.0000
6.6040,1.9837,2.0000
6.6050,1.9837,2.0000
6.6060,1.9836,2.0000
6.6070,1.9836,2.0000
6.6080,1.9836,2.0000
6.6090,1.9836,2.0000
6.6100,1.9836,2.0000
6.6110,1.9836,2.0000
6.6120,1.9836,2.0000
6.6130,1.9836,2.0000
6.6140,1.9836,2.0000
6.6150,1.9836,2.0000
6.6160,1.9836,2.0000
6.6170,1.9835,2.0000
6.6180,1.9835,2.0000
6.6190,1.9835,2.0000
6.6200,1.9835,2.0000
6.6210,1.9835,2.0000
6.6220,1.9835,2.0000
6.6230,1.9835,2.0000
6.6240,1.9835,2.0000
6.6250,1.9835,2.0000
6.6260,1.9835,2.0000
6.6270,1.9835,2.0000
6.6280,1.9835,2.0000
6.6290,1.9835,2.0000
6.6300,1.9835,2.0000
6.6310,1.9834,2.0000
6.6320,1.9834,2.0000
6.6330,1.9834,2.0000
6.6340,1.9834,2.0000
6.6350,1.9834,2.0000
6.6360,1.9834,2.0000
6.6370,1.9834,2.0000
6.6380,1.9834,2.0000
6.6390,1.9834,2.0000
6.6400,1.9834,2.0000
6.6410,1.9834,2.0000
6.6420,1.9834,2.0000
6.6430,1.9834,2.0000
6.6440,1.9834,2.0000
6.6450,1.9834,2.0000
6.6460,1.9834,2.0000
6.6470,1.9834,2.0000
6.6480,1.9834,2.0000
6.6490,1.9834,2.0000
6.6500,1.9834,2.0000
6.6510,1.9834,2.0000
6.6520,1.9833,2.0000
6.6530,1.9833,2.0000
6.6540,1.9833,2.0000
6.6550,1.9833,2.0000
6.6560,1.9833,2.0000
6.6570,1.9833,2.0000
6.6580,1.9833,2.0000
6.6590,1.9833,2.0000
6.6600,1.9833,2.0000
6.6610,1.9833,2.0000
6.6620,1.9833,2.0000
6.6630,1.9833,2.0000
6.6640,1.9833,2.0000
6.6650,1.9833,2.0000
6.6660,1.9833,2.0000
6.6670,1.9833,2.0000
6.6680,1.9833,2.0000
6.6690,1.9833,2.0000
6.6700,1.9833,2.0000
6.6710,1.9833,2.0000
6.6720,1.9833,2.0000
6.6730,1.9833,2.0000
6.6740,1.9833,2.0000
6.6750,1.9833,2.0000
6.6760,1.9833,2.0000
6.6770,1.9833,2.0000
6.6780,1.9833,2.0000
6.6790,1.9833,2.0000
6.6800,1.9833,2.0000
6.6810,1.9833,2.0000
6.6820,1.9833,2.0000
6.6830,1.9833,2.0000
6.6840,1.9833,2.0000
6.6850,1.9833,2.0000
6.6860,1.9833,2.0000
6.6870,1.9833,2.0000
6.6880,1.9833,2.0000
6.6890,1.9833,2.0000
6.6900,1.9833,2.0000
6.6910,1.9833,2.0000
6.6920,1.9834,2.0000
6.6930,1.9834,2.0000
6.6940,1.9834,2.0000
6.6950,1.9834,2.0000
6.6960,1.9834,2.0000
6.6970,1.9834,2.0000
6.6980,1.9834,2.0000
6.6990,1.9834,2.0000
6.7000,1.9834,2.0000
6.7010,1.9834,2.0000
6.7020,1.9834,2.0000
6.7030,1.9834,2.0000
6.7040,1.9834,2.0000
6.7050,1.9834,2.0000
6.7060,1.9834,2.0000
6.7070,1.9834,2.0000
6.7080,1.9834,2.0000
6.7090,1.9834,2.0000
6.7100,1.9834,2.0000
6.7110,1.9834,2.0000
6.7120,1.9834,2.0000
6.7130,1.9835,2.0000
6.7140,1.9835,2.0000
6.7150,1.9835,2.0000
6.7160,1.9835,2.0000
6.7170,1.9835,2.0000
6.7180,1.9835,2.0000
6.7190,1.9835,2.0000
6.7200,1.9835,2.0000
6.7210,1.9835,2.0000
6.7220,1.9835,2.0000
6.7230,1.9835,2.0000
6.7240,1.9835,2.0000
6.7250,1.9835,2.0000
6.7260,1.9835,2.0000
6.7270,1.9836,2.0000
6.7280,1.9836,2.0000
6.7290,1.9836,2.0000
6.7300,1.9836,2.0000
6.7310,1.9836,2.0000
6.7320,1.9836,2.0000
6.7330,1.9836,2.0000
6.7340,1.9836,2.0000
6.7350,1.9836,2.0000
6.7360,1.9836,2.0000
6.7370,1.9836,2.0000
6.7380,1.9837,2.0000
6.7390,1.9837,2.0000
6.7400,1.9837,2.0000
6.7410,1.9837,2.0000
6.7420,1.9837,2.0000
6.7430,1.9837,2.0000
6.7440,1.9837,2.0000
6.7450,1.9837,2.0000
6.7460,1.9837,2.0000
6.7470,1.9837,2.0000
6.7480,1.9838,2.0000
6.7490,1.9838,2.0000
6.7500,1.9838,2.0000
6.7510,1.9838,2.0000
6.7520,1.9838,2.0000
6.7530,1.9838,2.0000
6.7540,1.9838,2.0000
6.7550,1.9838,2.0000
6.7560,1.9839,2.0000
6.7570,1.9839,2.0000
6.7580,1.9839,2.0000
6.7590,1.9839,2.0000
6.7600,1.9839,2.0000
6.7610,1.9839,2.0000
6.7620,1.9839,2.0000
6.7630,1.9839,2.0000
6.7640,1.9840,2.0000
6.7650,1.9840,2.0000
6.7660,1.9840,2.0000
6.7670,1.9840,2.0000
6.7680,1.9840,2.0000
6.7690,1.9840,2.0000
6.7700,1.9840,2.0000
6.7710,1.9841,2.0000
6.7720,1.9841,2.0000
6.7730,1.9841,2.0000
6.7740,1.9841,2.0000
6.7750,1.9841,2.0000
6.7760,1.9841,2.0000
6.7770,1.9841,2.0000
6.7780,1.9842,2.0000
6.7790,1.9842,2.0000
6.7800,1.9842,2.0000
6.7810,1.9842,2.0000
6.7820,1.9842,2.0000
6.7830,1.9842,2.0000
6.7840,1.9843,2.0000
6.7850,1.9843,2.0000
6.7860,1.9843,2.0000
6.7870,1.9843,2.0000
6.7880,1.9843,2.0000
6.7890,1.9843,2.0000
6.7900,1.9844,2.0000
6.7910,1.9844,2.0000
6.7920,1.9844,2.0000
6.7930,1.9844,2.0000
6.7940,1.9844,2.0000
6.7950,1.9844,2.0000
6.7960,1.9845,2.0000
6.7970,1.9845,2.0000
6.7980,1.9845,2.0000
6.7990,1.9845,2.0000
6.8000,1.9845,2.0000
6.8010,1.9845,2.0000
6.8020,1.9846,2.0000
6.8030,1.9846,2.0000
6.8040,1.9846,2.0000
6.8050,1.9846,2.0000
6.8060,1.9846,2.0000
6.8070,1.9847,2.0000
6.8080,1.9847,2.0000
6.8090,1.9847,2.0000
6.8100,1.9847,2.0000
6.8110,1.9847,2.0000
6.8120,1.9848,2.0000
6.8130,1.9848,2.0000
6.8140,1.9848,2.0000
6.8150,1.9848,2.0000
6.8160,1.9848,2.0000
6.8170,1.9849,2.0000
6.8180,1.9849,2.0000
6.8190,1.9849,2.0000
6.8200,1.9849,2.0000
6.8210,1.9849,2.0000
6.8220,1.9850,2.0000
6.8230,1.9850,2.0000
6.8240,1.9850,2.0000
6.8250,1.9850,2.0000
6.8260,1.9851,2.0000
6.8270,1.9851,2.0000
6.8280,1.9851,2.0000
6.8290,1.9851,2.0000
6.8300,1.9851,2.0000
6.8310,1.9852,2.0000
6.8320,1.9852,2.0000
6.8330,1.9852,2.0000
6.8340,1.9852,2.0000
6.8350,1.9853,2.0000
6.8360,1.9853,2.0000
6.8370,1.9853,2.0000
6.8380,1.9853,2.0000
6.8390,1.9853,2.0000
6.8400,1.9854,2.0000
6.8410,1.9854,2.0000
6.8420,1.9854,2.0000
6.8430,1.9854,2.0000
6.8440,1.9855,2.0000
6.8450,1.9855,2.0000
6.8460,1.9855,2.0000
6.8470,1.9855,2.0000
6.8480,1.9856,2.0000
6.8490,1.9856,2.0000
6.8500,1.9856,2.0000
6.8510,1.9856,2.0000
6.8520,1.9857,2.0000
6.8530,1.9857,2.0000
6.8540,1.9857,2.0000
6.8550,1.9857,2.0000
6.8560,1.9858,2.0000
6.8570,1.9858,2.0000
6.8580,1.9858,2.0000
6.8590,1.9858,2.0000
6.8600,1.9859,2.0000
6.8610,1.9859,2.0000
6.8620,1.9859,2.0000
6.8630,1.9859,2.0000
6.8640,1.9860,2.0000
6.8650,1.9860,2.0000
6.8660,1.9860,2.0000
6.8670,1.9860,2.0000
6.8680,1.9861,2.0000
6.8690,1.9861,2.0000
6.8700,1.9861,2.0000
6.8710,1.9861,2.0000
6.8720,1.9862,2.0000
6.8730,1.9862,2.0000
6.8740,1.9862,2.0000
6.8750,1.9863,2.0000
6.8760,1.9863,2.0000
6.8770,1.9863,2.0000
6.8780,1.9863,2.0000
6.8790,1.9864,2.0000
6.8800,1.9864,2.0000
6.8810,1.9864,2.0000
6.8820,1.9864,2.0000
6.8830,1.9865,2.0000
6.8840,1.9865,2.0000
6.8850,1.9865,2.0000
6.8860,1.9866,2.0000
6.8870,1.9866,2.0000
6.8880,1.9866,2.0000
6.8890,1.9866,2.0000
6.8900,1.9867,2.0000
6.8910,1.9867,2.0000
6.8920,1.9867,2.0000
6.8930,1.9868,2.0000
6.8940,1.9868,2.0000
6.8950,1.9868,2.0000
6.8960,1.9869,2.0000
6.8970,1.9869,2.0000
6.8980,1.9869,2.0000
6.8990,1.9869,2.0000
6.9000,1.9870,2.0000
6.9010,1.9870,2.0000
6.9020,1.9870,2.0000
6.9030,1.9871,2.0000
6.9040,1.9871,2.0000
6.9050,1.9871,2.0000
6.9060,1.9871,2.0000
6.9070,1.9872,2.0000
6.9080,1.9872,2.0000
6.9090,1.9872,2.0000
6.9100,1.9873,2.0000
6.9110,1.9873,2.0000
6.9120,1.9873,2.0000
6.9130,1.9874,2.0000
6.9140,1.9874,2.0000
6.9150,1.9874,2.0000
6.9160,1.9875,2.0000
6.9170,1.9875,2.0000
6.9180,1.9875,2.0000
6.9190,1.9876,2.0000
6.9200,1.9876,2.0000
6.9210,1.9876,2.0000
6.9220,1.9876,2.0000
6.9230,1.9877,2.0000
6.9240,1.9877,2.0000
6.9250,1.9877,2.0000
6.9260,1.9878,2.0000
6.9270,1.9878,2.0000
6.9280,1.9878,2.0000
6.9290,1.9879,2.0000
6.9300,1.9879,2.0000
6.9310,1.9879,2.0000
6.9320,1.9880,2.0000
6.9330,1.9880,2.0000
6.9340,1.9880,2.0000
6.9350,1.9881,2.0000
6.9360,1.9881,2.0000
6.9370,1.9881,2.0000
6.9380,1.9882,2.0000
6.9390,1.9882,2.0000
6.9400,1.9882,2.0000
6.9410,1.9883,2.0000
6.9420,1.9883,2.0000
6.9430,1.9883,2.0000
6.9440,1.9884,2.0000
6.9450,1.9884,2.0000
6.9460,1.9884,2.0000
6.9470,1.9885,2.0000
6.9480,1.9885,2.0000
6.9490,1.9885,2.0000
6.9500,1.9886,2.0000
6.9510,1.9886,2.0000
6.9520,1.9886,2.0000
6.9530,1.9887,2.0000
6.9540,1.9887,2.0000
6.9550,1.9888,2.0000
6.9560,1.9888,2.0000
6.9570,1.9888,2.0000
6.9580,1.9889,2.0000
6.9590,1.9889,2.0000
6.9600,1.9889,2.0000
6.9610,1.9890,2.0000
6.9620,1.9890,2.0000
6.9630,1.9890,2.0000
6.9640,1.9891,2.0000
6.9650,1.9891,2.0000
6.9660,1.9891,2.0000
6.9670,1.9892,2.0000
6.9680,1.9892,2.0000
6.9690,1.9892,2.0000
6.9700,1.9893,2.0000
6.9710,1.9893,2.0000
6.9720,1.9894,2.0000
6.9730,1.9894,2.0000
6.9740,1.9894,2.0000
6.9750,1.9895,2.0000
6.9760,1.9895,2.0000
6.9770,1.9895,2.0000
6.9780,1.9896,2.0000
6.9790,1.9896,2.0000
6.9800,1.9896,2.0000
6.9810,1.9897,2.0000
6.9820,1.9897,2.0000
6.9830,1.9898,2.0000
6.9840,1.9898,2.0000
6.9850,1.9898,2.0000
6.9860,1.9899,2.0000
6.9870,1.9899,2.0000
6.9880,1.9899,2.0000
6.9890,1.9900,2.0000
6.9900,1.9900,2.0000
6.9910,1.9900,2.0000
6.9920,1.9901,2.0000
6.9930,1.9901,2.0000
6.9940,1.9902,2.0000
6.9950,1.9902,2.0000
6.9960,1.9902,2.0000
6.9970,1.9903,2.0000
6.9980,1.9903,2.0000
6.9990,1.9903,2.0000
7.0000,1.9904,2.0000
7.0010,1.9904,2.0000
7.0020,1.9905,2.0000
7.0030,1.9905,2.0000
7.0040,1.9905,2.0000
7.0050,1.9906,2.0000
7.0060,1.9906,2.0000
7.0070,1.9907,2.0000
7.0080,1.9907,2.0000
7.0090,1.9907,2.0000
7.0100,1.9908,2.0000
7.0110,1.9908,2.0000
7.0120,1.9908,2.0000
7.0130,1.9909,2.0000
7.0140,1.9909,2.0000
7.0150,1.9910,2.0000
7.0160,1.9910,2.0000
7.0170,1.9910,2.0000
7.0180,1.9911,2.0000
7.0190,1.9911,2.0000
7.0200,1.9912,2.0000
7.0210,1.9912,2.0000
7.0220,1.9912,2.0000
7.0230,1.9913,2.0000
7.0240,1.9913,2.0000
7.0250,1.9913,2.0000
7.0260,1.9914,2.0000
7.0270,1.9914,2.0000
7.0280,1.9915,2.0000
7.0290,1.9915,2.0000
7.0300,1.9915,2.0000
7.0310,1.9916,2.0000
7.0320,1.9916,2.0000
7.0330,1.9917,2.0000
7.0340,1.9917,2.0000
7.0350,1.9917,2.0000
7.0360,1.9918,2.0000
7.0370,1.9918,2.0000
7.0380,1.9919,2.0000
7.0390,1.9919,2.0000
7.0400,1.9919,2.0000
7.0410,1.9920,2.0000
7.0420,1.9920,2.0000
7.0430,1.9921,2.0000
7.0440,1.9921,2.0000
7.0450,1.9921,2.0000
7.0460,1.9922,2.0000
7.0470,1.9922,2.0000
7.0480,1.9923,2.0000
7.0490,1.9923,2.0000
7.0500,1.9923,2.0000
7.0510,1.9924,2.0000
7.0520,1.9924,2.0000
7.0530,1.9925,2.0000
7.0540,1.9925,2.0000
7.0550,1.9925,2.0000
7.0560,1.9926,2.0000
7.0570,1.9926,2.0000
7.0580,1.9927,2.0000
7.0590,1.9927,2.0000
7.0600,1.9927,2.0000
7.0610,1.9928,2.0000
7.0620,1.9928,2.0000
7.0630,1.9929,2.0000
7.0640,1.9929,2.0000
7.0650,1.9929,2.0000
7.0660,1.9930,2.0000
7.0670,1.9930,2.0000
7.0680,1.9931,2.0000
7.0690,1.9931,2.0000
7.0700,1.9932,2.0000
7.0710,1.9932,2.0000
7.0720,1.9932,2.0000
7.0730,1.9933,2.0000
7.0740,1.9933,2.0000
7.0750,1.9934,2.0000
7.0760,1.9934,2.0000
7.0770,1.9934,2.0000
7.0780,1.9935,2.0000
7.0790,1.9935,2.0000
7.0800,1.9936,2.0000
7.0810,1.9936,2.0000
7.0820,1.9936,2.0000
7.0830,1.9937,2.0000
7.0840,1.9937,2.0000
7.0850,1.9938,2.0000
7.0860,1.9938,2.0000
7.0870,1.9938,2.0000
7.0880,1.9939,2.0000
7.0890,1.9939,2.0000
7.0900,1.9940,2.0000
7.0910,1.9940,2.0000
7.0920,1.9941,2.0000
7.0930,1.9941,2.0000
7.0940,1.9941,2.0000
7.0950,1.9942,2.0000
7.0960,1.9942,2.0000
7.0970,1.9943,2.0000
7.0980,1.9943,2.0000
7.0990,1.9943,2.0000
7.1000,1.9944,2.0000
7.1010,1.9944,2.0000
7.1020,1.9945,2.0000
7.1030,1.9945,2.0000
7.1040,1.9946,2.0000
7.1050,1.9946,2.0000
7.1060,1.9946,2.0000
7.1070,1.9947,2.0000
7.1080,1.9947,2.0000
7.1090,1.9948,2.0000
7.1100,1.9948,2.0000
7.1110,1.9948,2.0000
7.1120,1.9949,2.0000
7.1130,1.9949,2.0000
7.1140,1.9950,2.0000
7.1150,1.9950,2.0000
7.1160,1.9950,2.0000
7.1170,1.9951,2.0000
7.1180,1.9951,2.0000
7.1190,1.9952,2.0000
7.1200,1.9952,2.0000
7.1210,1.9953,2.0000
7.1220,1.9953,2.0000
7.1230,1.9953,2.0000
7.1240,1.9954,2.0000
7.1250,1.9954,2.0000
7.1260,1.9955,2.0000
7.1270,1.9955,2.0000
7.1280,1.9955,2.0000
7.1290,1.9956,2.0000
7.1300,1.9956,2.0000
7.1310,1.9957,2.0000
7.1320,1.9957,2.0000
7.1330,1.9958,2.0000
7.1340,1.9958,2.0000
7.1350,1.9958,2.0000
7.1360,1.9959,2.0000
7.1370,1.9959,2.0000
7.1380,1.9960,2.0000
7.1390,1.9960,2.0000
7.1400,1.9960,2.0000
7.1410,1.9961,2.0000
7.1420,1.9961,2.0000
7.1430,1.9962,2.0000
7.1440,1.9962,2.0000
7.1450,1.9963,2.0000
7.1460,1.9963,2.0000
7.1470,1.9963,2.0000
7.1480,1.9964,2.0000
7.1490,1.9964,2.0000
7.1500,1.9965,2.0000
7.1510,1.9965,2.0000
7.1520,1.9965,2.0000
7.1530,1.9966,2.0000
7.1540,1.9966,2.0000
7.1550,1.9967,2.0000
7.1560,1.9967,2.0000
7.1570,1.9968,2.0000
7.1580,1.9968,2.0000
7.1590,1.9968,2.0000
7.1600,1.9969,2.0000
7.1610,1.9969,2.0000
7.1620,1.9970,2.0000
7.1630,1.9970,2.0000
7.1640,1.9970,2.0000
7.1650,1.9971,2.0000
7.1660,1.9971,2.0000
7.1670,1.9972,2.0000
7.1680,1.9972,2.0000
7.1690,1.9973,2.0000
7.1700,1.9973,2.0000
7.1710,1.9973,2.0000
7.1720,1.9974,2.0000
7.1730,1.9974,2.0000
7.1740,1.9975,2.0000
7.1750,1.9975,2.0000
7.1760,1.9975,2.0000
7.1770,1.9976,2.0000
7.1780,1.9976,2.0000
7.1790,1.9977,2.0000
7.1800,1.9977,2.0000
7.1810,1.9977,2.0000
7.1820,1.9978,2.0000
7.1830,1.9978,2.0000
7.1840,1.9979,2.0000
7.1850,1.9979,2.0000
7.1860,1.9980,2.0000
7.1870,1.9980,2.0000
7.1880,1.9980,2.0000
7.1890,1.9981,2.0000
7.1900,1.9981,2.0000
7.1910,1.9982,2.0000
7.1920,1.9982,2.0000
7.1930,1.9982,2.0000
7.1940,1.9983,2.0000
7.1950,1.9983,2.0000
7.1960,1.9984,2.0000
7.1970,1.9984,2.0000
7.1980,1.9984,2.0000
7.1990,1.9985,2.0000
7.2000,1.9985,2.0000
7.2010,1.9986,2.0000
7.2020,1.9986,2.0000
7.2030,1.9986,2.0000
7.2040,1.9987,2.0000
7.2050,1.9987,2.0000
7.2060,1.9988,2.0000
7.2070,1.9988,2.0000
7.2080,1.9989,2.0000
7.2090,1.9989,2.0000
7.2100,1.9989,2.0000
7.2110,1.9990,2.0000
7.2120,1.9990,2.0000
7.2130,1.9991,2.0000
7.2140,1.9991,2.0000
7.2150,1.9991,2.0000
7.2160,1.9992,2.0000
7.2170,1.9992,2.0000
7.2180,1.9993,2.0000
7.2190,1.9993,2.0000
7.2200,1.9993,2.0000
7.2210,1.9994,2.0000
7.2220,1.9994,2.0000
7.2230,1.9995,2.0000
7.2240,1.9995,2.0000
7.2250,1.9995,2.0000
7.2260,1.9996,2.0000
7.2270,1.9996,2.0000
7.2280,1.9997,2.0000
7.2290,1.9997,2.0000
7.2300,1.9997,2.0000
7.2310,1.9998,2.0000
7.2320,1.9998,2.0000
7.2330,1.9999,2.0000
7.2340,1.9999,2.0000
7.2350,1.9999,2.0000
7.2360,2.0000,2.0000
7.2370,2.0000,2.0000
7.2380,2.0000,2.0000
7.2390,2.0001,2.0000
7.2400,2.0001,2.0000
7.2410,2.0002,2.0000
7.2420,2.0002,2.0000
7.2430,2.0002,2.0000
7.2440,2.0003,2.0000
7.2450,2.0003,2.0000
7.2460,2.0004,2.0000
7.2470,2.0004,2.0000
7.2480,2.0004,2.0000
7.2490,2.0005,2.0000
7.2500,2.0005,2.0000
7.2510,2.0006,2.0000
7.2520,2.0006,2.0000
7.2530,2.0006,2.0000
7.2540,2.0007,2.0000
7.2550,2.0007,2.0000
7.2560,2.0007,2.0000
7.2570,2.0008,2.0000
7.2580,2.0008,2.0000
7.2590,2.0009,2.0000
7.2600,2.0009,2.0000
7.2610,2.0009,2.0000
7.2620,2.0010,2.0000
7.2630,2.0010,2.0000
7.2640,2.0011,2.0000
7.2650,2.0011,2.0000
7.2660,2.0011,2.0000
7.2670,2.0012,2.0000
7.2680,2.0012,2.0000
7.2690,2.0012,2.0000
7.2700,2.0013,2.0000
7.2710,2.0013,2.0000
7.2720,2.0014,2.0000
7.2730,2.0014,2.0000
7.2740,2.0014,2.0000
7.2750,2.0015,2.0000
7.2760,2.0015,2.0000
7.2770,2.0015,2.0000
7.2780,2.0016,2.0000
7.2790,2.0016,2.0000
7.2800,2.0017,2.0000
7.2810,2.0017,2.0000
7.2820,2.0017,2.0000
7.2830,2.0018,2.0000
7.2840,2.0018,2.0000
7.2850,2.0018,2.0000
7.2860,2.0019,2.0000
7.2870,2.0019,2.0000
7.2880,2.0020,2.0000
7.2890,2.0020,2.0000
7.2900,2.0020,2.0000
7.2910,2.0021,2.0000
7.2920,2.0021,2.0000
7.2930,2.0021,2.0000
7.2940,2.0022,2.0000
7.2950,2.0022,2.0000
7.2960,2.0022,2.0000
7.2970,2.0023,2.0000
7.2980,2.0023,2.0000
7.2990,2.0024,2.0000
7.3000,2.0024,2.0000
7.3010,2.0024,2.0000
7.3020,2.0025,2.0000
7.3030,2.0025,2.0000
7.3040,2.0025,2.0000
7.3050,2.0026,2.0000
7.3060,2.0026,2.0000
7.3070,2.0026,2.0000
7.3080,2.0027,2.0000
7.3090,2.0027,2.0000
7.3100,2.0027,2.0000
7.3110,2.0028,2.0000
7.3120,2.0028,2.0000
7.3130,2.0028,2.0000
7.3140,2.0029,2.0000
7.3150,2.0029,2.0000
7.3160,2.0030,2.0000
7.3170,2.0030,2.0000
7.3180,2.0030,2.0000
7.3190,2.0031,2.0000
7.3200,2.0031,2.0000
7.3210,2.0031,2.0000
7.3220,2.0032,2.0000
7.3230,2.0032,2.0000
7.3240,2.0032,2.0000
7.3250,2.0033,2.0000
7.3260,2.0033,2.0000
7.3270,2.0033,2.0000
7.3280,2.0034,2.0000
7.3290,2.0034,2.0000
7.3300,2.0034,2.0000
7.3310,2.0035,2.0000
7.3320,2.0035,2.0000
7.3330,2.0035,2.0000
7.3340,2.0036,2.0000
7.3350,2.0036,2.0000
7.3360,2.0036,2.0000
7.3370,2.0037,2.0000
7.3380,2.0037,2.0000
7.3390,2.0037,2.0000
7.3400,2.0038,2.0000
7.3410,2.0038,2.0000
7.3420,2.0038,2.0000
7.3430,2.0039,2.0000
7.3440,2.0039,2.0000
7.3450,2.0039,2.0000
7.3460,2.0040,2.0000
7.3470,2.0040,2.0000
7.3480,2.0040,2.0000
7.3490,2.0041,2.0000
7.3500,2.0041,2.0000
7.3510,2.0041,2.0000
7.3520,2.0042,2.0000
7.3530,2.0042,2.0000
7.3540,2.0042,2.0000
7.3550,2.0043,2.0000
7.3560,2.0043,2.0000
7.3570,2.0043,2.0000
7.3580,2.0043,2.0000
7.3590,2.0044,2.0000
7.3600,2.0044,2.0000
7.3610,2.0044,2.0000
7.3620,2.0045,2.0000
7.3630,2.0045,2.0000
7.3640,2.0045,2.0000
7.3650,2.0046,2.0000
7.3660,2.0046,2.0000
7.3670,2.0046,2.0000
7.3680,2.0047,2.0000
7.3690,2.0047,2.0000
7.3700,2.0047,2.0000
7.3710,2.0048,2.0000
7.3720,2.0048,2.0000
7.3730,2.0048,2.0000
7.3740,2.0048,2.0000
7.3750,2.0049,2.0000
7.3760,2.0049,2.0000
7.3770,2.0049,2.0000
7.3780,2.0050,2.0000
7.3790,2.0050,2.0000
7.3800,2.0050,2.0000
7.3810,2.0051,2.0000
7.3820,2.0051,2.0000
7.3830,2.0051,2.0000
7.3840,2.0051,2.0000
7.3850,2.0052,2.0000
7.3860,2.0052,2.0000
7.3870,2.0052,2.0000
7.3880,2.0053,2.0000
7.3890,2.0053,2.0000
7.3900,2.0053,2.0000
7.3910,2.0053,2.0000
7.3920,2.0054,2.0000
7.3930,2.0054,2.0000
7.3940,2.0054,2.0000
7.3950,2.0055,2.0000
7.3960,2.0055,2.0000
7.3970,2.0055,2.0000
7.3980,2.0055,2.0000
7.3990,2.0056,2.0000
7.4000,2.0056,2.0000
7.4010,2.0056,2.0000
7.4020,2.0057,2.0000
7.4030,2.0057,2.0000
7.4040,2.0057,2.0000
7.4050,2.0057,2.0000
7.4060,2.0058,2.0000
7.4070,2.0058,2.0000
7.4080,2.0058,2.0000
7.4090,2.0058,2.0000
7.4100,2.0059,2.0000
7.4110,2.0059,2.0000
7.4120,2.0059,2.0000
7.4130,2.0059,2.0000
7.4140,2.0060,2.0000
7.4150,2.0060,2.0000
7.4160,2.0060,2.0000
7.4170,2.0061,2.0000
7.4180,2.0061,2.0000
7.4190,2.0061,2.0000
7.4200,2.0061,2.0000
7.4210,2.0062,2.0000
7.4220,2.0062,2.0000
7.4230,2.0062,2.0000
7.4240,2.0062,2.0000
7.4250,2.0063,2.0000
7.4260,2.0063,2.0000
7.4270,2.0063,2.0000
7.4280,2.0063,2.0000
7.4290,2.0064,2.0000
7.4300,2.0064,2.0000
7.4310,2.0064,2.0000
7.4320,2.0064,2.0000
7.4330,2.0065,2.0000
7.4340,2.0065,2.0000
7.4350,2.0065,2.0000
7.4360,2.0065,2.0000
7.4370,2.0066,2.0000
7.4380,2.0066,2.0000
7.4390,2.0066,2.0000
7.4400,2.0066,2.0000
7.4410,2.0067,2.0000
7.4420,2.0067,2.0000
7.4430,2.0067,2.0000
7.4440,2.0067,2.0000
7.4450,2.0067,2.0000
7.4460,2.0068,2.0000
7.4470,2.0068,2.0000
7.4480,2.0068,2.0000
7.4490,2.0068,2.0000
7.4500,2.0069,2.0000
7.4510,2.0069,2.0000
7.4520,2.0069,2.0000
7.4530,2.0069,2.0000
7.4540,2.0070,2.0000
7.4550,2.0070,2.0000
7.4560,2.0070,2.0000
7.4570,2.0070,2.0000
7.4580,2.0070,2.0000
7.4590,2.0071,2.0000
7.4600,2.0071,2.0000
7.4610,2.0071,2.0000
7.4620,2.0071,2.0000
7.4630,2.0071,2.0000
7.4640,2.0072,2.0000
7.4650,2.0072,2.0000
7.4660,2.0072,2.0000
7.4670,2.0072,2.0000
7.4680,2.0073,2.0000
7.4690,2.0073,2.0000
7.4700,2.0073,2.0000
7.4710,2.0073,2.0000
7.4720,2.0073,2.0000
7.4730,2.0074,2.0000
7.4740,2.0074,2.0000
7.4750,2.0074,2.0000
7.4760,2.0074,2.0000
7.4770,2.0074,2.0000
7.4780,2.0075,2.0000
7.4790,2.0075,2.0000
7.4800,2.0075,2.0000
7.4810,2.0075,2.0000
7.4820,2.0075,2.0000
7.4830,2.0076,2.0000
7.4840,2.0076,2.0000
7.4850,2.0076,2.0000
7.4860,2.0076,2.0000
7.4870,2.0076,2.0000
7.4880,2.0077,2.0000
7.4890,2.0077,2.0000
7.4900,2.0077,2.0000
7.4910,2.0077,2.0000
7.4920,2.0077,2.0000
7.4930,2.0077,2.0000
7.4940,2.0078,2.0000
7.4950,2.0078,2.0000
7.4960,2.0078,2.0000
7.4970,2.0078,2.0000
7.4980,2.0078,2.0000
7.4990,2.0079,2.0000
7.5000,2.0079,2.0000
7.5010,2.0079,2.0000
7.5020,2.0079,2.0000
7.5030,2.0079,2.0000
7.5040,2.0079,2.0000
7.5050,2.0080,2.0000
7.5060,2.0080,2.0000
7.5070,2.0080,2.0000
7.5080,2.0080,2.0000
7.5090,2.0080,2.0000
7.5100,2.0080,2.0000
7.5110,2.0081,2.0000
7.5120,2.0081,2.0000
7.5130,2.0081,2.0000
7.5140,2.0081,2.0000
7.5150,2.0081,2.0000
7.5160,2.0081,2.0000
7.5170,2.0081,2.0000
7.5180,2.0082,2.0000
7.5190,2.0082,2.0000
7.5200,2.0082,2.0000
7.5210,2.0082,2.0000
7.5220,2.0082,2.0000
7.5230,2.0082,2.0000
7.5240,2.0083,2.0000
7.5250,2.0083,2.0000
7.5260,2.0083,2.0000
7.5270,2.0083,2.0000
7.5280,2.0083,2.0000
7.5290,2.0083,2.0000
7.5300,2.0083,2.0000
7.5310,2.0084,2.0000
7.5320,2.0084,2.0000
7.5330,2.0084,2.0000
7.5340,2.0084,2.0000
7.5350,2.0084,2.0000
7.5360,2.0084,2.0000
7.5370,2.0084,2.0000
7.5380,2.0084,2.0000
7.5390,2.0085,2.0000
7.5400,2.0085,2.0000
7.5410,2.0085,2.0000
7.5420,2.0085,2.0000
7.5430,2.0085,2.0000
7.5440,2.0085,2.0000
7.5450,2.0085,2.0000
7.5460,2.0085,2.0000
7.5470,2.0086,2.0000
7.5480,2.0086,2.0000
7.5490,2.0086,2.0000
7.5500,2.0086,2.0000
7.5510,2.0086,2.0000
7.5520,2.0086,2.0000
7.5530,2.0086,2.0000
7.5540,2.0086,2.0000
7.5550,2.0087,2.0000
7.5560,2.0087,2.0000
7.5570,2.0087,2.0000
7.5580,2.0087,2.0000
7.5590,2.0087,2.0000
7.5600,2.0087,2.0000
7.5610,2.0087,2.0000
7.5620,2.0087,2.0000
7.5630,2.0087,2.0000
7.5640,2.0087,2.0000
7.5650,2.0088,2.0000
7.5660,2.0088,2.0000
7.5670,2.0088,2.0000
7.5680,2.0088,2.0000
7.5690,2.0088,2.0000
7.5700,2.0088,2.0000
7.5710,2.0088,2.0000
7.5720,2.0088,2.0000
7.5730,2.0088,2.0000
7.5740,2.0088,2.0000
7.5750,2.0089,2.0000
7.5760,2.0089,2.0000
7.5770,2.0089,2.0000
7.5780,2.0089,2.0000
7.5790,2.0089,2.0000
7.5800,2.0089,2.0000
7.5810,2.0089,2.0000
7.5820,2.0089,2.0000
7.5830,2.0089,2.0000
7.5840,2.0089,2.0000
7.5850,2.0089,2.0000
7.5860,2.0089,2.0000
7.5870,2.0089,2.0000
7.5880,2.0090,2.0000
7.5890,2.0090,2.0000
7.5900,2.0090,2.0000
7.5910,2.0090,2.0000
7.5920,2.0090,2.0000
7.5930,2.0090,2.0000
7.5940,2.0090,2.0000
7.5950,2.0090,2.0000
7.5960,2.0090,2.0000
7.5970,2.0090,2.0000
7.5980,2.0090,2.0000
7.5990,2.0090,2.0000
7.6000,2.0090,2.0000
7.6010,2.0090,2.0000
7.6020,2.0090,2.0000
7.6030,2.0091,2.0000
7.6040,2.0091,2.0000
7.6050,2.0091,2.0000
7.6060,2.0091,2.0000
7.6070,2.0091,2.0000
7.6080,2.0091,2.0000
7.6090,2.0091,2.0000
7.6100,2.0091,2.0000
7.6110,2.0091,2.0000
7.6120,2.0091,2.0000
7.6130,2.0091,2.0000
7.6140,2.0091,2.0000
7.6150,2.0091,2.0000
7.6160,2.0091,2.0000
7.6170,2.0091,2.0000
7.6180,2.0091,2.0000
7.6190,2.0091,2.0000
7.6200,2.0091,2.0000
7.6210,2.0091,2.0000
7.6220,2.0091,2.0000
7.6230,2.0091,2.0000
7.6240,2.0091,2.0000
7.6250,2.0091,2.0000
7.6260,2.0092,2.0000
7.6270,2.0092,2.0000
7.6280,2.0092,2.0000
7.6290,2.0092,2.0000
7.6300,2.0092,2.0000
7.6310,2.0092,2.0000
7.6320,2.0092,2.0000
7.6330,2.0092,2.0000
7.6340,2.0092,2.0000
7.6350,2.0092,2.0000
7.6360,2.0092,2.0000
7.6370,2.0092,2.0000
7.6380,2.0092,2.0000
7.6390,2.0092,2.0000
7.6400,2.0092,2.0000
7.6410,2.0092,2.0000
7.6420,2.0092,2.0000
7.6430,2.0092,2.0000
7.6440,2.0092,2.0000
7.6450,2.0092,2.0000
7.6460,2.0092,2.0000
7.6470,2.0092,2.0000
7.6480,2.0092,2.0000
7.6490,2.0092,2.0000
7.6500,2.0092,2.0000
7.6510,2.0092,2.0000
7.6520,2.0092,2.0000
7.6530,2.0092,2.0000
7.6540,2.0092,2.0000
7.6550,2.0092,2.0000
7.6560,2.0092,2.0000
7.6570,2.0092,2.0000
7.6580,2.0092,2.0000
7.6590,2.0092,2.0000
7.6600,2.0092,2.0000
7.6610,2.0092,2.0000
7.6620,2.0092,2.0000
7.6630,2.0092,2.0000
7.6640,2.0092,2.0000
7.6650,2.0092,2.0000
7.6660,2.0092,2.0000
7.6670,2.0092,2.0000
7.6680,2.0092,2.0000
7.6690,2.0092,2.0000
7.6700,2.0092,2.0000
7.6710,2.0092,2.0000
7.6720,2.0092,2.0000
7.6730,2.0092,2.0000
7.6740,2.0092,2.0000
7.6750,2.0092,2.0000
7.6760,2.0092,2.0000
7.6770,2.0092,2.0000
7.6780,2.0092,2.0000
7.6790,2.0091,2.0000
7.6800,2.0091,2.0000
7.6810,2.0091,2.0000
7.6820,2.0091,2.0000
7.6830,2.0091,2.0000
7.6840,2.0091,2.0000
7.6850,2.0091,2.0000
7.6860,2.0091,2.0000
7.6870,2.0091,2.0000
7.6880,2.0091,2.0000
7.6890,2.0091,2.0000
7.6900,2.0091,2.0000
7.6910,2.0091,2.0000
7.6920,2.0091,2.0000
7.6930,2.0091,2.0000
7.6940,2.0091,2.0000
7.6950,2.0091,2.0000
7.6960,2.0091,2.0000
7.6970,2.0091,2.0000
7.6980,2.0091,2.0000
7.6990,2.0091,2.0000
7.7000,2.0091,2.0000
7.7010,2.0091,2.0000
7.7020,2.0090,2.0000
7.7030,2.0090,2.0000
7.7040,2.0090,2.0000
7.7050,2.0090,2.0000
7.7060,2.0090,2.0000
7.7070,2.0090,2.0000
7.7080,2.0090,2.0000
7.7090,2.0090,2.0000
7.7100,2.0090,2.0000
7.7110,2.0090,2.0000
7.7120,2.0090,2.0000
7.7130,2.0090,2.0000
7.7140,2.0090,2.0000
7.7150,2.0090,2.0000
7.7160,2.0090,2.0000
7.7170,2.0090,2.0000
7.7180,2.0089,2.0000
7.7190,2.0089,2.0000
7.7200,2.0089,2.0000
7.7210,2.0089,2.0000
7.7220,2.0089,2.0000
7.7230,2.0089,2.0000
7.7240,2.0089,2.0000
7.7250,2.0089,2.0000
7.7260,2.0089,2.0000
7.7270,2.0089,2.0000
7.7280,2.0089,2.0000
7.7290,2.0089,2.0000
7.7300,2.0089,2.0000
7.7310,2.0088,2.0000
7.7320,2.0088,2.0000
7.7330,2.0088,2.0000
7.7340,2.0088,2.0000
7.7350,2.0088,2.0000
7.7360,2.0088,2.0000
7.7370,2.0088,2.0000
7.7380,2.0088,2.0000
7.7390,2.0088,2.0000
7.7400,2.0088,2.0000
7.7410,2.0088,2.0000
7.7420,2.0087,2.0000
7.7430,2.0087,2.0000
7.7440,2.0087,2.0000
7.7450,2.0087,2.0000
7.7460,2.0087,2.0000
7.7470,2.0087,2.0000
7.7480,2.0087,2.0000
7.7490,2.0087,2.0000
7.7500,2.0087,2.0000
7.7510,2.0087,2.0000
7.7520,2.0086,2.0000
7.7530,2.0086,2.0000
7.7540,2.0086,2.0000
7.7550,2.0086,2.0000
7.7560,2.0086,2.0000
7.7570,2.0086,2.0000
7.7580,2.0086,2.0000
7.7590,2.0086,2.0000
7.7600,2.0086,2.0000
7.7610,2.0085,2.0000
7.7620,2.0085,2.0000
7.7630,2.0085,2.0000
7.7640,2.0085,2.0000
7.7650,2.0085,2.0000
7.7660,2.0085,2.0000
7.7670,2.0085,2.0000
7.7680,2.0085,2.0000
7.7690,2.0084,2.0000
7.7700,2.0084,2.0000
7.7710,2.0084,2.0000
7.7720,2.0084,2.0000
7.7730,2.0084,2.0000
7.7740,2.0084,2.0000
7.7750,2.0084,2.0000
7.7760,2.0084,2.0000
7.7770,2.0083,2.0000
7.7780,2.0083,2.0000
7.7790,2.0083,2.0000
7.7800,2.0083,2.0000
7.7810,2.0083,2.0000
7.7820,2.0083,2.0000
7.7830,2.0083,2.0000
7.7840,2.0082,2.0000
7.7850,2.0082,2.0000
7.7860,2.0082,2.0000
7.7870,2.0082,2.0000
7.7880,2.0082,2.0000
7.7890,2.0082,2.0000
7.7900,2.0082,2.0000
7.7910,2.0082,2.0000
7.7920,2.0081,2.0000
7.7930,2.0081,2.0000
7.7940,2.0081,2.0000
7.7950,2.0081,2.0000
7.7960,2.0081,2.0000
7.7970,2.0081,2.0000
7.7980,2.0080,2.0000
7.7990,2.0080,2.0000
7.8000,2.0080,2.0000
7.8010,2.0080,2.0000
7.8020,2.0080,2.0000
7.8030,2.0080,2.0000
7.8040,2.0080,2.0000
7.8050,2.0079,2.0000
7.8060,2.0079,2.0000
7.8070,2.0079,2.0000
7.8080,2.0079,2.0000
7.8090,2.0079,2.0000
7.8100,2.0079,2.0000
7.8110,2.0078,2.0000
7.8120,2.0078,2.0000
7.8130,2.0078,2.0000
7.8140,2.0078,2.0000
7.8150,2.0078,2.0000
7.8160,2.0078,2.0000
7.8170,2.0077,2.0000
7.8180,2.0077,2.0000
7.8190,2.0077,2.0000
7.8200,2.0077,2.0000
7.8210,2.0077,2.0000
7.8220,2.0077,2.0000
7.8230,2.0076,2.0000
7.8240,2.0076,2.0000
7.8250,2.0076,2.0000
7.8260,2.0076,2.0000
7.8270,2.0076,2.0000
7.8280,2.0076,2.0000
7.8290,2.0075,2.0000
7.8300,2.0075,2.0000
7.8310,2.0075,2.0000
7.8320,2.0075,2.0000
7.8330,2.0075,2.0000
7.8340,2.0074,2.0000
7.8350,2.0074,2.0000
7.8360,2.0074,2.0000
7.8370,2.0074,2.0000
7.8380,2.0074,2.0000
7.8390,2.0074,2.0000
7.8400,2.0073,2.0000
7.8410,2.0073,2.0000
7.8420,2.0073,2.0000
7.8430,2.0073,2.0000
7.8440,2.0073,2.0000
7.8450,2.0072,2.0000
7.8460,2.0072,2.0000
7.8470,2.0072,2.0000
7.8480,2.0072,2.0000
7.8490,2.0072,2.0000
7.8500,2.0071,2.0000
7.8510,2.0071,2.0000
7.8520,2.0071,2.0000
7.8530,2.0071,2.0000
7.8540,2.0071,2.0000
7.8550,2.0071,2.0000
7.8560,2.0070,2.0000
7.8570,2.0070,2.0000
7.8580,2.0070,2.0000
7.8590,2.0070,2.0000
7.8600,2.0070,2.0000
7.8610,2.0069,2.0000
7.8620,2.0069,2.0000
7.8630,2.0069,2.0000
7.8640,2.0069,2.0000
7.8650,2.0069,2.0000
7.8660,2.0068,2.0000
7.8670,2.0068,2.0000
7.8680,2.0068,2.0000
7.8690,2.0068,2.0000
7.8700,2.0067,2.0000
7.8710,2.0067,2.0000
7.8720,2.0067,2.0000
7.8730,2.0067,2.0000
7.8740,2.0067,2.0000
7.8750,2.0066,2.0000
7.8760,2.0066,2.0000
7.8770,2.0066,2.0000
7.8780,2.0066,2.0000
7.8790,2.0066,2.0000
7.8800,2.0065,2.0000
7.8810,2.0065,2.0000
7.8820,2.0065,2.0000
7.8830,2.0065,2.0000
7.8840,2.0064,2.0000
7.8850,2.0064,2.0000
7.8860,2.0064,2.0000
7.8870,2.0064,2.0000
7.8880,2.0064,2.0000
7.8890,2.0063,2.0000
7.8900,2.0063,2.0000
7.8910,2.0063,2.0000
7.8920,2.0063,2.0000
7.8930,2.0063,2.0000
7.8940,2.0062,2.0000
7.8950,2.0062,2.0000
7.8960,2.0062,2.0000
7.8970,2.0062,2.0000
7.8980,2.0061,2.0000
7.8990,2.0061,2.0000
7.9000,2.0061,2.0000
7.9010,2.0061,2.0000
7.9020,2.0060,2.0000
7.9030,2.0060,2.0000
7.9040,2.0060,2.0000
7.9050,2.0060,2.0000
7.9060,2.0060,2.0000
7.9070,2.0059,2.0000
7.9080,2.0059,2.0000
7.9090,2.0059,2.0000
7.9100,2.0059,2.0000
7.9110,2.0058,2.0000
7.9120,2.0058,2.0000
7.9130,2.0058,2.0000
7.9140,2.0058,2.0000
7.9150,2.0057,2.0000
7.9160,2.0057,2.0000
7.9170,2.0057,2.0000
7.9180,2.0057,2.0000
7.9190,2.0056,2.0000
7.9200,2.0056,2.0000
7.9210,2.0056,2.0000
7.9220,2.0056,2.0000
7.9230,2.0056,2.0000
7.9240,2.0055,2.0000
7.9250,2.0055,2.0000
7.9260,2.0055,2.0000
7.9270,2.0055,2.0000
7.9280,2.0054,2.0000
7.9290,2.0054,2.0000
7.9300,2.0054,2.0000
7.9310,2.0054,2.0000
7.9320,2.0053,2.0000
7.9330,2.0053,2.0000
7.9340,2.0053,2.0000
7.9350,2.0053,2.0000
7.9360,2.0052,2.0000
7.9370,2.0052,2.0000
7.9380,2.0052,2.0000
7.9390,2.0052,2.0000
7.9400,2.0051,2.0000
7.9410,2.0051,2.0000
7.9420,2.0051,2.0000
7.9430,2.0051,2.0000
7.9440,2.0050,2.0000
7.9450,2.0050,2.0000
7.9460,2.0050,2.0000
7.9470,2.0050,2.0000
7.9480,2.0049,2.0000
7.9490,2.0049,2.0000
7.9500,2.0049,2.0000
7.9510,2.0049,2.0000
7.9520,2.0048,2.0000
7.9530,2.0048,2.0000
7.9540,2.0048,2.0000
7.9550,2.0048,2.0000
7.9560,2.0047,2.0000
7.9570,2.0047,2.0000
7.9580,2.0047,2.0000
7.9590,2.0046,2.0000
7.9600,2.0046,2.0000
7.9610,2.0046,2.0000
7.9620,2.0046,2.0000
7.9630,2.0045,2.0000
7.9640,2.0045,2.0000
7.9650,2.0045,2.0000
7.9660,2.0045,2.0000
7.9670,2.0044,2.0000
7.9680,2.0044,2.0000
7.9690,2.0044,2.0000
7.9700,2.0044,2.0000
7.9710,2.0043,2.0000
7.9720,2.0043,2.0000
7.9730,2.0043,2.0000
7.9740,2.0043,2.0000
7.9750,2.0042,2.0000
7.9760,2.0042,2.0000
7.9770,2.0042,2.0000
7.9780,2.0041,2.0000
7.9790,2.0041,2.0000
7.9800,2.0041,2.0000
7.9810,2.0041,2.0000
7.9820,2.0040,2.0000
7.9830,2.0040,2.0000
7.9840,2.0040,2.0000
7.9850,2.0040,2.0000
7.9860,2.0039,2.0000
7.9870,2.0039,2.0000
7.9880,2.0039,2.0000
7.9890,2.0039,2.0000
7.9900,2.0038,2.0000
7.9910,2.0038,2.0000
7.9920,2.0038,2.0000
7.9930,2.0037,2.0000
7.9940,2.0037,2.0000
7.9950,2.0037,2.0000
7.9960,2.0037,2.0000
7.9970,2.0036,2.0000
7.9980,2.0036,2.0000
7.9990,2.0036,2.0000
8.0000,2.0036,2.0000
8.0010,2.0035,2.0000
8.0020,2.0035,2.0000
8.0030,2.0035,2.0000
8.0040,2.0034,2.0000
8.0050,2.0034,2.0000
8.0060,2.0034,2.0000
8.0070,2.0034,2.0000
8.0080,2.0033,2.0000
8.0090,2.0033,2.0000
8.0100,2.0033,2.0000
8.0110,2.0032,2.0000
8.0120,2.0032,2.0000
8.0130,2.0032,2.0000
8.0140,2.0032,2.0000
8.0150,2.0031,2.0000
8.0160,2.0031,2.0000
8.0170,2.0031,2.0000
8.0180,2.0031,2.0000
8.0190,2.0030,2.0000
8.0200,2.0030,2.0000
8.0210,2.0030,2.0000
8.0220,2.0029,2.0000
8.0230,2.0029,2.0000
8.0240,2.0029,2.0000
8.0250,2.0029,2.0000
8.0260,2.0028,2.0000
8.0270,2.0028,2.0000
8.0280,2.0028,2.0000
8.0290,2.0027,2.0000
8.0300,2.0027,2.0000
8.0310,2.0027,2.0000
8.0320,2.0027,2.0000
8.0330,2.0026,2.0000
8.0340,2.0026,2.0000
8.0350,2.0026,2.0000
8.0360,2.0025,2.0000
8.0370,2.0025,2.0000
8.0380,2.0025,2.0000
8.0390,2.0025,2.0000
8.0400,2.0024,2.0000
8.0410,2.0024,2.0000
8.0420,2.0024,2.0000
8.0430,2.0023,2.0000
8.0440,2.0023,2.0000
8.0450,2.0023,2.0000
8.0460,2.0023,2.0000
8.0470,2.0022,2.0000
8.0480,2.0022,2.0000
8.0490,2.0022,2.0000
8.0500,2.0021,2.0000
8.0510,2.0021,2.0000
8.0520,2.0021,2.0000
8.0530,2.0021,2.0000
8.0540,2.0020,2.0000
8.0550,2.0020,2.0000
8.0560,2.0020,2.0000
8.0570,2.0019,2.0000
8.0580,2.0019,2.0000
8.0590,2.0019,2.0000
8.0600,2.0019,2.0000
8.0610,2.0018,2.0000
8.0620,2.0018,2.0000
8.0630,2.0018,2.0000
8.0640,2.0017,2.0000
8.0650,2.0017,2.0000
8.0660,2.0017,2.0000
8.0670,2.0017,2.0000
8.0680,2.0016,2.0000
8.0690,2.0016,2.0000
8.0700,2.0016,2.0000
8.0710,2.0015,2.0000
8.0720,2.0015,2.0000
8.0730,2.0015,2.0000
8.0740,2.0015,2.0000
8.0750,2.0014,2.0000
8.0760,2.0014,2.0000
8.0770,2.0014,2.0000
8.0780,2.0013,2.0000
8.0790,2.0013,2.0000
8.0800,2.0013,2.0000
8.0810,2.0013,2.0000
8.0820,2.0012,2.0000
8.0830,2.0012,2.0000
8.0840,2.0012,2.0000
8.0850,2.0011,2.0000
8.0860,2.0011,2.0000
8.0870,2.0011,2.0000
8.0880,2.0011,2.0000
8.0890,2.0010,2.0000
8.0900,2.0010,2.0000
8.0910,2.0010,2.0000
8.0920,2.0009,2.0000
8.0930,2.0009,2.0000
8.0940,2.0009,2.0000
8.0950,2.0008,2.0000
8.0960,2.0008,2.0000
8.0970,2.0008,2.0000
8.0980,2.0008,2.0000
8.0990,2.0007,2.0000
8.1000,2.0007,2.0000
8.1010,2.0007,2.0000
8.1020,2.0006,2.0000
8.1030,2.0006,2.0000
8.1040,2.0006,2.0000
8.1050,2.0006,2.0000
8.1060,2.0005,2.0000
8.1070,2.0005,2.0000
8.1080,2.0005,2.0000
8.1090,2.0004,2.0000
8.1100,2.0004,2.0000
8.1110,2.0004,2.0000
8.1120,2.0004,2.0000
8.1130,2.0003,2.0000
8.1140,2.0003,2.0000
8.1150,2.0003,2.0000
8.1160,2.0002,2.0000
8.1170,2.0002,2.0000
8.1180,2.0002,2.0000
8.1190,2.0002,2.0000
8.1200,2.0001,2.0000
8.1210,2.0001,2.0000
8.1220,2.0001,2.0000
8.1230,2.0000,2.0000
8.1240,2.0000,2.0000
8.1250,2.0000,2.0000
8.1260,2.0000,2.0000
8.1270,1.9999,2.0000
8.1280,1.9999,2.0000
8.1290,1.9999,2.0000
8.1300,1.9998,2.0000
8.1310,1.9998,2.0000
8.1320,1.9998,2.0000
8.1330,1.9998,2.0000
8.1340,1.9997,2.0000
8.1350,1.9997,2.0000
8.1360,1.9997,2.0000
8.1370,1.9996,2.0000
8.1380,1.9996,2.0000
8.1390,1.9996,2.0000
8.1400,1.9996,2.0000
8.1410,1.9995,2.0000
8.1420,1.9995,2.0000
8.1430,1.9995,2.0000
8.1440,1.9994,2.0000
8.1450,1.9994,2.0000
8.1460,1.9994,2.0000
8.1470,1.9994,2.0000
8.1480,1.9993,2.0000
8.1490,1.9993,2.0000
8.1500,1.9993,2.0000
8.1510,1.9992,2.0000
8.1520,1.9992,2.0000
8.1530,1.9992,2.0000
8.1540,1.9992,2.0000
8.1550,1.9991,2.0000
8.1560,1.9991,2.0000
8.1570,1.9991,2.0000
8.1580,1.9990,2.0000
8.1590,1.9990,2.0000
8.1600,1.9990,2.0000
8.1610,1.9990,2.0000
8.1620,1.9989,2.0000
8.1630,1.9989,2.0000
8.1640,1.9989,2.0000
8.1650,1.9988,2.0000
8.1660,1.9988,2.0000
8.1670,1.9988,2.0000
8.1680,1.9988,2.0000
8.1690,1.9987,2.0000
8.1700,1.9987,2.0000
8.1710,1.9987,2.0000
8.1720,1.9987,2.0000
8.1730,1.9986,2.0000
8.1740,1.9986,2.0000
8.1750,1.9986,2.0000
8.1760,1.9985,2.0000
8.1770,1.9985,2.0000
8.1780,1.9985,2.0000
8.1790,1.9985,2.0000
8.1800,1.9984,2.0000
8.1810,1.9984,2.0000
8.1820,1.9984,2.0000
8.1830,1.9983,2.0000
8.1840,1.9983,2.0000
8.1850,1.9983,2.0000
8.1860,1.9983,2.0000
8.1870,1.9982,2.0000
8.1880,1.9982,2.0000
8.1890,1.9982,2.0000
8.1900,1.9982,2.0000
8.1910,1.9981,2.0000
8.1920,1.9981,2.0000
8.1930,1.9981,2.0000
8.1940,1.9980,2.0000
8.1950,1.9980,2.0000
8.1960,1.9980,2.0000
8.1970,1.9980,2.0000
8.1980,1.9979,2.0000
8.1990,1.9979,2.0000
8.2000,1.9979,2.0000
8.2010,1.9979,2.0000
8.2020,1.9978,2.0000
8.2030,1.9978,2.0000
8.2040,1.9978,2.0000
8.2050,1.9977,2.0000
8.2060,1.9977,2.0000
8.2070,1.9977,2.0000
8.2080,1.9977,2.0000
8.2090,1.9976,2.0000
8.2100,1.9976,2.0000
8.2110,1.9976,2.0000
8.2120,1.9976,2.0000
8.2130,1.9975,2.0000
8.2140,1.9975,2.0000
8.2150,1.9975,2.0000
8.2160,1.9975,2.0000
8.2170,1.9974,2.0000
8.2180,1.9974,2.0000
8.2190,1.9974,2.0000
8.2200,1.9973,2.0000
8.2210,1.9973,2.0000
8.2220,1.9973,2.0000
8.2230,1.9973,2.0000
8.2240,1.9972,2.0000
8.2250,1.9972,2.0000
8.2260,1.9972,2.0000
8.2270,1.9972,2.0000
8.2280,1.9971,2.0000
8.2290,1.9971,2.0000
8.2300,1.9971,2.0000
8.2310,1.9971,2.0000
8.2320,1.9970,2.0000
8.2330,1.9970,2.0000
8.2340,1.9970,2.0000
8.2350,1.9970,2.0000
8.2360,1.9969,2.0000
8.2370,1.9969,2.0000
8.2380,1.9969,2.0000
8.2390,1.9969,2.0000
8.2400,1.9968,2.0000
8.2410,1.9968,2.0000
8.2420,1.9968,2.0000
8.2430,1.9968,2.0000
8.2440,1.9967,2.0000
8.2450,1.9967,2.0000
8.2460,1.9967,2.0000
8.2470,1.9966,2.0000
8.2480,1.9966,2.0000
8.2490,1.9966,2.0000
8.2500,1.9966,2.0000
8.2510,1.9965,2.0000
8.2520,1.9965,2.0000
8.2530,1.9965,2.0000
8.2540,1.9965,2.0000
8.2550,1.9964,2.0000
8.2560,1.9964,2.0000
8.2570,1.9964,2.0000
8.2580,1.9964,2.0000
8.2590,1.9964,2.0000
8.2600,1.9963,2.0000
8.2610,1.9963,2.0000
8.2620,1.9963,2.0000
8.2630,1.9963,2.0000
8.2640,1.9962,2.0000
8.2650,1.9962,2.0000
8.2660,1.9962,2.0000
8.2670,1.9962,2.0000
8.2680,1.9961,2.0000
8.2690,1.9961,2.0000
8.2700,1.9961,2.0000
8.2710,1.9961,2.0000
8.2720,1.9960,2.0000
8.2730,1.9960,2.0000
8.2740,1.9960,2.0000
8.2750,1.9960,2.0000
8.2760,1.9959,2.0000
8.2770,1.9959,2.0000
8.2780,1.9959,2.0000
8.2790,1.9959,2.0000
8.2800,1.9958,2.0000
8.2810,1.9958,2.0000
8.2820,1.9958,2.0000
8.2830,1.9958,2.0000
8.2840,1.9957,2.0000
8.2850,1.9957,2.0000
8.2860,1.9957,2.0000
8.2870,1.9957,2.0000
8.2880,1.9957,2.0000
8.2890,1.9956,2.0000
8.2900,1.9956,2.0000
8.2910,1.9956,2.0000
8.2920,1.9956,2.0000
8.2930,1.9955,2.0000
8.2940,1.9955,2.0000
8.2950,1.9955,2.0000
8.2960,1.9955,2.0000
8.2970,1.9954,2.0000
8.2980,1.9954,2.0000
8.2990,1.9954,2.0000
8.3000,1.9954,2.0000
8.3010,1.9954,2.0000
8.3020,1.9953,2.0000
8.3030,1.9953,2.0000
8.3040,1.9953,2.0000
8.3050,1.9953,2.0000
8.3060,1.9952,2.0000
8.3070,1.9952,2.0000
8.3080,1.9952,2.0000
8.3090,1.9952,2.0000
8.3100,1.9952,2.0000
8.3110,1.9951,2.0000
8.3120,1.9951,2.0000
8.3130,1.9951,2.0000
8.3140,1.9951,2.0000
8.3150,1.9951,2.0000
8.3160,1.9950,2.0000
8.3170,1.9950,2.0000
8.3180,1.9950,2.0000
8.3190,1.9950,2.0000
8.3200,1.9949,2.0000
8.3210,1.9949,2.0000
8.3220,1.9949,2.0000
8.3230,1.9949,2.0000
8.3240,1.9949,2.0000
8.3250,1.9948,2.0000
8.3260,1.9948,2.0000
8.3270,1.9948,2.0000
8.3280,1.9948,2.0000
8.3290,1.9948,2.0000
8.3300,1.9947,2.0000
8.3310,1.9947,2.0000
8.3320,1.9947,2.0000
8.3330,1.9947,2.0000
8.3340,1.9947,2.0000
8.3350,1.9946,2.0000
8.3360,1.9946,2.0000
8.3370,1.9946,2.0000
8.3380,1.9946,2.0000
8.3390,1.9946,2.0000
8.3400,1.9945,2.0000
8.3410,1.9945,2.0000
8.3420,1.9945,2.0000
8.3430,1.9945,2.0000
8.3440,1.9945,2.0000
8.3450,1.9944,2.0000
8.3460,1.9944,2.0000
8.3470,1.9944,2.0000
8.3480,1.9944,2.0000
8.3490,1.9944,2.0000
8.3500,1.9943,2.0000
8.3510,1.9943,2.0000
8.3520,1.9943,2.0000
8.3530,1.9943,2.0000
8.3540,1.9943,2.0000
8.3550,1.9942,2.0000
8.3560,1.9942,2.0000
8.3570,1.9942,2.0000
8.3580,1.9942,2.0000
8.3590,1.9942,2.0000
8.3600,1.9941,2.0000
8.3610,1.9941,2.0000
8.3620,1.9941,2.0000
8.3630,1.9941,2.0000
8.3640,1.9941,2.0000
8.3650,1.9941,2.0000
8.3660,1.9940,2.0000
8.3670,1.9940,2.0000
8.3680,1.9940,2.0000
8.3690,1.9940,2.0000
8.3700,1.9940,2.0000
8.3710,1.9939,2.0000
8.3720,1.9939,2.0000
8.3730,1.9939,2.0000
8.3740,1.9939,2.0000
8.3750,1.9939,2.0000
8.3760,1.9939,2.0000
8.3770,1.9938,2.0000
8.3780,1.9938,2.0000
8.3790,1.9938,2.0000
8.3800,1.9938,2.0000
8.3810,1.9938,2.0000
8.3820,1.9937,2.0000
8.3830,1.9937,2.0000
8.3840,1.9937,2.0000
8.3850,1.9937,2.0000
8.3860,1.9937,2.0000
8.3870,1.9937,2.0000
8.3880,1.9936,2.0000
8.3890,1.9936,2.0000
8.3900,1.9936,2.0000
8.3910,1.9936,2.0000
8.3920,1.9936,2.0000
8.3930,1.9936,2.0000
8.3940,1.9935,2.0000
8.3950,1.9935,2.0000
8.3960,1.9935,2.0000
8.3970,1.9935,2.0000
8.3980,1.9935,2.0000
8.3990,1.9935,2.0000
8.4000,1.9935,2.0000
8.4010,1.9934,2.0000
8.4020,1.9934,2.0000
8.4030,1.9934,2.0000
8.4040,1.9934,2.0000
8.4050,1.9934,2.0000
8.4060,1.9934,2.0000
8.4070,1.9933,2.0000
8.4080,1.9933,2.0000
8.4090,1.9933,2.0000
8.4100,1.9933,2.0000
8.4110,1.9933,2.0000
8.4120,1.9933,2.0000
8.4130,1.9933,2.0000
8.4140,1.9932,2.0000
8.4150,1.9932,2.0000
8.4160,1.9932,2.0000
8.4170,1.9932,2.0000
8.4180,1.9932,2.0000
8.4190,1.9932,2.0000
8.4200,1.9932,2.0000
8.4210,1.9931,2.0000
8.4220,1.9931,2.0000
8.4230,1.9931,2.0000
8.4240,1.9931,2.0000
8.4250,1.9931,2.0000
8.4260,1.9931,2.0000
8.4270,1.9931,2.0000
8.4280,1.9930,2.0000
8.4290,1.9930,2.0000
8.4300,1.9930,2.0000
8.4310,1.9930,2.0000
8.4320,1.9930,2.0000
8.4330,1.9930,2.0000
8.4340,1.9930,2.0000
8.4350,1.9929,2.0000
8.4360,1.9929,2.0000
8.4370,1.9929,2.0000
8.4380,1.9929,2.0000
8.4390,1.9929,2.0000
8.4400,1.9929,2.0000
8.4410,1.9929,2.0000
8.4420,1.9929,2.0000
8.4430,1.9928,2.0000
8.4440,1.9928,2.0000
8.4450,1.9928,2.0000
8.4460,1.9928,2.0000
8.4470,1.9928,2.0000
8.4480,1.9928,2.0000
8.4490,1.9928,2.0000
8.4500,1.9928,2.0000
8.4510,1.9927,2.0000
8.4520,1.9927,2.0000
8.4530,1.9927,2.0000
8.4540,1.9927,2.0000
8.4550,1.9927,2.0000
8.4560,1.9927,2.0000
8.4570,1.9927,2.0000
8.4580,1.9927,2.0000
8.4590,1.9927,2.0000
8.4600,1.9926,2.0000
8.4610,1.9926,2.0000
8.4620,1.9926,2.0000
8.4630,1.9926,2.0000
8.4640,1.9926,2.0000
8.4650,1.9926,2.0000
8.4660,1.9926,2.0000
8.4670,1.9926,2.0000
8.4680,1.9926,2.0000
8.4690,1.9926,2.0000
8.4700,1.9925,2.0000
8.4710,1.9925,2.0000
8.4720,1.9925,2.0000
8.4730,1.9925,2.0000
8.4740,1.9925,2.0000
8.4750,1.9925,2.0000
8.4760,1.9925,2.0000
8.4770,1.9925,2.0000
8.4780,1.9925,2.0000
8.4790,1.9925,2.0000
8.4800,1.9924,2.0000
8.4810,1.9924,2.0000
8.4820,1.9924,2.0000
8.4830,1.9924,2.0000
8.4840,1.9924,2.0000
8.4850,1.9924,2.0000
8.4860,1.9924,2.0000
8.4870,1.9924,2.0000
8.4880,1.9924,2.0000
8.4890,1.9924,2.0000
8.4900,1.9924,2.0000
8.4910,1.9923,2.0000
8.4920,1.9923,2.0000
8.4930,1.9923,2.0000
8.4940,1.9923,2.0000
8.4950,1.9923,2.0000
8.4960,1.9923,2.0000
8.4970,1.9923,2.0000
8.4980,1.9923,2.0000
8.4990,1.9923,2.0000
8.5000,1.9923,2.0000
8.5010,1.9923,2.0000
8.5020,1.9923,2.0000
8.5030,1.9922,2.0000
8.5040,1.9922,2.0000
8.5050,1.9922,2.0000
8.5060,1.9922,2.0000
8.5070,1.9922,2.0000
8.5080,1.9922,2.0000
8.5090,1.9922,2.0000
8.5100,1.9922,2.0000
8.5110,1.9922,2.0000
8.5120,1.9922,2.0000
8.5130,1.9922,2.0000
8.5140,1.9922,2.0000
8.5150,1.9922,2.0000
8.5160,1.9922,2.0000
8.5170,1.9922,2.0000
8.5180,1.9921,2.0000
8.5190,1.9921,2.0000
8.5200,1.9921,2.0000
8.5210,1.9921,2.0000
8.5220,1.9921,2.0000
8.5230,1.9921,2.0000
8.5240,1.9921,2.0000
8.5250,1.9921,2.0000
8.5260,1.9921,2.0000
8.5270,1.9921,2.0000
8.5280,1.9921,2.0000
8.5290,1.9921,2.0000
8.5300,1.9921,2.0000
8.5310,1.9921,2.0000
8.5320,1.9921,2.0000
8.5330,1.9921,2.0000
8.5340,1.9921,2.0000
8.5350,1.9921,2.0000
8.5360,1.9920,2.0000
8.5370,1.9920,2.0000
8.5380,1.9920,2.0000
8.5390,1.9920,2.0000
8.5400,1.9920,2.0000
8.5410,1.9920,2.0000
8.5420,1.9920,2.0000
8.5430,1.9920,2.0000
8.5440,1.9920,2.0000
8.5450,1.9920,2.0000
8.5460,1.9920,2.0000
8.5470,1.9920,2.0000
8.5480,1.9920,2.0000
8.5490,1.9920,2.0000
8.5500,1.9920,2.0000
8.5510,1.9920,2.0000
8.5520,1.9920,2.0000
8.5530,1.9920,2.0000
8.5540,1.9920,2.0000
8.5550,1.9920,2.0000
8.5560,1.9920,2.0000
8.5570,1.9920,2.0000
8.5580,1.9920,2.0000
8.5590,1.9920,2.0000
8.5600,1.9920,2.0000
8.5610,1.9920,2.0000
8.5620,1.9920,2.0000
8.5630,1.9919,2.0000
8.5640,1.9919,2.0000
8.5650,1.9919,2.0000
8.5660,1.9919,2.0000
8.5670,1.9919,2.0000
8.5680,1.9919,2.0000
8.5690,1.9919,2.0000
8.5700,1.9919,2.0000
8.5710,1.9919,2.0000
8.5720,1.9919,2.0000
8.5730,1.9919,2.0000
8.5740,1.9919,2.0000
8.5750,1.9919,2.0000
8.5760,1.9919,2.0000
8.5770,1.9919,2.0000
8.5780,1.9919,2.0000
8.5790,1.9919,2.0000
8.5800,1.9919,2.0000
8.5810,1.9919,2.0000
8.5820,1.9919,2.0000
8.5830,1.9919,2.0000
8.5840,1.9919,2.0000
8.5850,1.9919,2.0000
8.5860,1.9919,2.0000
8.5870,1.9919,2.0000
8.5880,1.9919,2.0000
8.5890,1.9919,2.0000
8.5900,1.9919,2.0000
8.5910,1.9919,2.0000
8.5920,1.9919,2.0000
8.5930,1.9919,2.0000
8.5940,1.9919,2.0000
8.5950,1.9919,2.0000
8.5960,1.9919,2.0000
8.5970,1.9919,2.0000
8.5980,1.9919,2.0000
8.5990,1.9919,2.0000
8.6000,1.9919,2.0000
8.6010,1.9919,2.0000
8.6020,1.9919,2.0000
8.6030,1.9919,2.0000
8.6040,1.9919,2.0000
8.6050,1.9919,2.0000
8.6060,1.9919,2.0000
8.6070,1.9919,2.0000
8.6080,1.9919,2.0000
8.6090,1.9919,2.0000
8.6100,1.9919,2.0000
8.6110,1.9919,2.0000
8.6120,1.9919,2.0000
8.6130,1.9919,2.0000
8.6140,1.9919,2.0000
8.6150,1.9919,2.0000
8.6160,1.9919,2.0000
8.6170,1.9919,2.0000
8.6180,1.9919,2.0000
8.6190,1.9919,2.0000
8.6200,1.9919,2.0000
8.6210,1.9919,2.0000
8.6220,1.9920,2.0000
8.6230,1.9920,2.0000
8.6240,1.9920,2.0000
8.6250,1.9920,2.0000
8.6260,1.9920,2.0000
8.6270,1.9920,2.0000
8.6280,1.9920,2.0000
8.6290,1.9920,2.0000
8.6300,1.9920,2.0000
8.6310,1.9920,2.0000
8.6320,1.9920,2.0000
8.6330,1.9920,2.0000
8.6340,1.9920,2.0000
8.6350,1.9920,2.0000
8.6360,1.9920,2.0000
8.6370,1.9920,2.0000
8.6380,1.9920,2.0000
8.6390,1.9920,2.0000
8.6400,1.9920,2.0000
8.6410,1.9920,2.0000
8.6420,1.9920,2.0000
8.6430,1.9920,2.0000
8.6440,1.9920,2.0000
8.6450,1.9920,2.0000
8.6460,1.9920,2.0000
8.6470,1.9920,2.0000
8.6480,1.9920,2.0000
8.6490,1.9920,2.0000
8.6500,1.9921,2.0000
8.6510,1.9921,2.0000
8.6520,1.9921,2.0000
8.6530,1.9921,2.0000
8.6540,1.9921,2.0000
8.6550,1.9921,2.0000
8.6560,1.9921,2.0000
8.6570,1.9921,2.0000
8.6580,1.9921,2.0000
8.6590,1.9921,2.0000
8.6600,1.9921,2.0000
8.6610,1.9921,2.0000
8.6620,1.9921,2.0000
8.6630,1.9921,2.0000
8.6640,1.9921,2.0000
8.6650,1.9921,2.0000
8.6660,1.9921,2.0000
8.6670,1.9921,2.0000
8.6680,1.9921,2.0000
8.6690,1.9922,2.0000
8.6700,1.9922,2.0000
8.6710,1.9922,2.0000
8.6720,1.9922,2.0000
8.6730,1.9922,2.0000
8.6740,1.9922,2.0000
8.6750,1.9922,2.0000
8.6760,1.9922,2.0000
8.6770,1.9922,2.0000
8.6780,1.9922,2.0000
8.6790,1.9922,2.0000
8.6800,1.9922,2.0000
8.6810,1.9922,2.0000
8.6820,1.9922,2.0000
8.6830,1.9922,2.0000
8.6840,1.9923,2.0000
8.6850,1.9923,2.0000
8.6860,1.9923,2.0000
8.6870,1.9923,2.0000
8.6880,1.9923,2.0000
8.6890,1.9923,2.0000
8.6900,1.9923,2.0000
8.6910,1.9923,2.0000
8.6920,1.9923,2.0000
8.6930,1.9923,2.0000
8.6940,1.9923,2.0000
8.6950,1.9923,2.0000
8.6960,1.9923,2.0000
8.6970,1.9924,2.0000
8.6980,1.9924,2.0000
8.6990,1.9924,2.0000
8.7000,1.9924,2.0000
8.7010,1.9924,2.0000
8.7020,1.9924,2.0000
8.7030,1.9924,2.0000
8.7040,1.9924,2.0000
8.7050,1.9924,2.0000
8.7060,1.9924,2.0000
8.7070,1.9924,2.0000
8.7080,1.9925,2.0000
8.7090,1.9925,2.0000
8.7100,1.9925,2.0000
8.7110,1.9925,2.0000
8.7120,1.9925,2.0000
8.7130,1.9925,2.0000
8.7140,1.9925,2.0000
8.7150,1.9925,2.0000
8.7160,1.9925,2.0000
8.7170,1.9925,2.0000
8.7180,1.9925,2.0000
8.7190,1.9926,2.0000
8.7200,1.9926,2.0000
8.7210,1.9926,2.0000
8.7220,1.9926,2.0000
8.7230,1.9926,2.0000
8.7240,1.9926,2.0000
8.7250,1.9926,2.0000
8.7260,1.9926,2.0000
8.7270,1.9926,2.0000
8.7280,1.9926,2.0000
8.7290,1.9927,2.0000
8.7300,1.9927,2.0000
8.7310,1.9927,2.0000
8.7320,1.9927,2.0000
8.7330,1.9927,2.0000
8.7340,1.9927,2.0000
8.7350,1.9927,2.0000
8.7360,1.9927,2.0000
8.7370,1.9927,2.0000
8.7380,1.9928,2.0000
8.7390,1.9928,2.0000
8.7400,1.9928,2.0000
8.7410,1.9928,2.0000
8.7420,1.9928,2.0000
8.7430,1.9928,2.0000
8.7440,1.9928,2.0000
8.7450,1.9928,2.0000
8.7460,1.9928,2.0000
8.7470,1.9929,2.0000
8.7480,1.9929,2.0000
8.7490,1.9929,2.0000
8.7500,1.9929,2.0000
8.7510,1.9929,2.0000
8.7520,1.9929,2.0000
8.7530,1.9929,2.0000
8.7540,1.9929,2.0000
8.7550,1.9930,2.0000
8.7560,1.9930,2.0000
8.7570,1.9930,2.0000
8.7580,1.9930,2.0000
8.7590,1.9930,2.0000
8.7600,1.9930,2.0000
8.7610,1.9930,2.0000
8.7620,1.9930,2.0000
8.7630,1.9931,2.0000
8.7640,1.9931,2.0000
8.7650,1.9931,2.0000
8.7660,1.9931,2.0000
8.7670,1.9931,2.0000
8.7680,1.9931,2.0000
8.7690,1.9931,2.0000
8.7700,1.9931,2.0000
8.7710,1.9932,2.0000
8.7720,1.9932,2.0000
8.7730,1.9932,2.0000
8.7740,1.9932,2.0000
8.7750,1.9932,2.0000
8.7760,1.9932,2.0000
8.7770,1.9932,2.0000
8.7780,1.9933,2.0000
8.7790,1.9933,2.0000
8.7800,1.9933,2.0000
8.7810,1.9933,2.0000
8.7820,1.9933,2.0000
8.7830,1.9933,2.0000
8.7840,1.9933,2.0000
8.7850,1.9934,2.0000
8.7860,1.9934,2.0000
8.7870,1.9934,2.0000
8.7880,1.9934,2.0000
8.7890,1.9934,2.0000
8.7900,1.9934,2.0000
8.7910,1.9934,2.0000
8.7920,1.9935,2.0000
8.7930,1.9935,2.0000
8.7940,1.9935,2.0000
8.7950,1.9935,2.0000
8.7960,1.9935,2.0000
8.7970,1.9935,2.0000
8.7980,1.9935,2.0000
8.7990,1.9936,2.0000
8.8000,1.9936,2.0000
8.8010,1.9936,2.0000
8.8020,1.9936,2.0000
8.8030,1.9936,2.0000
8.8040,1.9936,2.0000
8.8050,1.9936,2.0000
8.8060,1.9937,2.0000
8.8070,1.9937,2.0000
8.8080,1.9937,2.0000
8.8090,1.9937,2.0000
8.8100,1.9937,2.0000
8.8110,1.9937,2.0000
8.8120,1.9938,2.0000
8.8130,1.9938,2.0000
8.8140,1.9938,2.0000
8.8150,1.9938,2.0000
8.8160,1.9938,2.0000
8.8170,1.9938,2.0000
8.8180,1.9939,2.0000
8.8190,1.9939,2.0000
8.8200,1.9939,2.0000
8.8210,1.9939,2.0000
8.8220,1.9939,2.0000
8.8230,1.9939,2.0000
8.8240,1.9939,2.0000
8.8250,1.9940,2.0000
8.8260,1.9940,2.0000
8.8270,1.9940,2.0000
8.8280,1.9940,2.0000
8.8290,1.9940,2.0000
8.8300,1.9940,2.0000
8.8310,1.9941,2.0000
8.8320,1.9941,2.0000
8.8330,1.9941,2.0000
8.8340,1.9941,2.0000
8.8350,1.9941,2.0000
8.8360,1.9941,2.0000
8.8370,1.9942,2.0000
8.8380,1.9942,2.0000
8.8390,1.9942,2.0000
8.8400,1.9942,2.0000
8.8410,1.9942,2.0000
8.8420,1.9943,2.0000
8.8430,1.9943,2.0000
8.8440,1.9943,2.0000
8.8450,1.9943,2.0000
8.8460,1.9943,2.0000
8.8470,1.9943,2.0000
8.8480,1.9944,2.0000
8.8490,1.9944,2.0000
8.8500,1.9944,2.0000
8.8510,1.9944,2.0000
8.8520,1.9944,2.0000
8.8530,1.9944,2.0000
8.8540,1.9945,2.0000
8.8550,1.9945,2.0000
8.8560,1.9945,2.0000
8.8570,1.9945,2.0000
8.8580,1.9945,2.0000
8.8590,1.9945,2.0000
8.8600,1.9946,2.0000
8.8610,1.9946,2.0000
8.8620,1.9946,2.0000
8.8630,1.9946,2.0000
8.8640,1.9946,2.0000
8.8650,1.9947,2.0000
8.8660,1.9947,2.0000
8.8670,1.9947,2.0000
8.8680,1.9947,2.0000
8.8690,1.9947,2.0000
8.8700,1.9948,2.0000
8.8710,1.9948,2.0000
8.8720,1.9948,2.0000
8.8730,1.9948,2.0000
8.8740,1.9948,2.0000
8.8750,1.9948,2.0000
8.8760,1.9949,2.0000
8.8770,1.9949,2.0000
8.8780,1.9949,2.0000
8.8790,1.9949,2.0000
8.8800,1.9949,2.0000
8.8810,1.9950,2.0000
8.8820,1.9950,2.0000
8.8830,1.9950,2.0000
8.8840,1.9950,2.0000
8.8850,1.9950,2.0000
8.8860,1.9951,2.0000
8.8870,1.9951,2.0000
8.8880,1.9951,2.0000
8.8890,1.9951,2.0000
8.8900,1.9951,2.0000
8.8910,1.9951,2.0000
8.8920,1.9952,2.0000
8.8930,1.9952,2.0000
8.8940,1.9952,2.0000
8.8950,1.9952,2.0000
8.8960,1.9952,2.0000
8.8970,1.9953,2.0000
8.8980,1.9953,2.0000
8.8990,1.9953,2.0000
8.9000,1.9953,2.0000
8.9010,1.9953,2.0000
8.9020,1.9954,2.0000
8.9030,1.9954,2.0000
8.9040,1.9954,2.0000
8.9050,1.9954,2.0000
8.9060,1.9954,2.0000
8.9070,1.9955,2.0000
8.9080,1.9955,2.0000
8.9090,1.9955,2.0000
8.9100,1.9955,2.0000
8.9110,1.9955,2.0000
8.9120,1.9956,2.0000
8.9130,1.9956,2.0000
8.9140,1.9956,2.0000
8.9150,1.9956,2.0000
8.9160,1.9956,2.0000
8.9170,1.9957,2.0000
8.9180,1.9957,2.0000
8.9190,1.9957,2.0000
8.9200,1.9957,2.0000
8.9210,1.9957,2.0000
8.9220,1.9958,2.0000
8.9230,1.9958,2.0000
8.9240,1.9958,2.0000
8.9250,1.9958,2.0000
8.9260,1.9958,2.0000
8.9270,1.9959,2.0000
8.9280,1.9959,2.0000
8.9290,1.9959,2.0000
8.9300,1.9959,2.0000
8.9310,1.9959,2.0000
8.9320,1.9960,2.0000
8.9330,1.9960,2.0000
8.9340,1.9960,2.0000
8.9350,1.9960,2.0000
8.9360,1.9960,2.0000
8.9370,1.9961,2.0000
8.9380,1.9961,2.0000
8.9390,1.9961,2.0000
8.9400,1.9961,2.0000
8.9410,1.9962,2.0000
8.9420,1.9962,2.0000
8.9430,1.9962,2.0000
8.9440,1.9962,2.0000
8.9450,1.9962,2.0000
8.9460,1.9963,2.0000
8.9470,1.9963,2.0000
8.9480,1.9963,2.0000
8.9490,1.9963,2.0000
8.9500,1.9963,2.0000
8.9510,1.9964,2.0000
8.9520,1.9964,2.0000
8.9530,1.9964,2.0000
8.9540,1.9964,2.0000
8.9550,1.9964,2.0000
8.9560,1.9965,2.0000
8.9570,1.9965,2.0000
8.9580,1.9965,2.0000
8.9590,1.9965,2.0000
8.9600,1.9966,2.0000
8.9610,1.9966,2.0000
8.9620,1.9966,2.0000
8.9630,1.9966,2.0000
8.9640,1.9966,2.0000
8.9650,1.9967,2.0000
8.9660,1.9967,2.0000
8.9670,1.9967,2.0000
8.9680,1.9967,2.0000
8.9690,1.9967,2.0000
8.9700,1.9968,2.0000
8.9710,1.9968,2.0000
8.9720,1.9968,2.0000
8.9730,1.9968,2.0000
8.9740,1.9969,2.0000
8.9750,1.9969,2.0000
8.9760,1.9969,2.0000
8.9770,1.9969,2.0000
8.9780,1.9969,2.0000
8.9790,1.9970,2.0000
8.9800,1.9970,2.0000
8.9810,1.9970,2.0000
8.9820,1.9970,2.0000
8.9830,1.9970,2.0000
8.9840,1.9971,2.0000
8.9850,1.9971,2.0000
8.9860,1.9971,2.0000
8.9870,1.9971,2.0000
8.9880,1.9972,2.0000
8.9890,1.9972,2.0000
8.9900,1.9972,2.0000
8.9910,1.9972,2.0000
8.9920,1.9972,2.0000
8.9930,1.9973,2.0000
8.9940,1.9973,2.0000
8.9950,1.9973,2.0000
8.9960,1.9973,2.0000
8.9970,1.9974,2.0000
8.9980,1.9974,2.0000
8.9990,1.9974,2.0000
9.0000,1.9974,2.0000
9.0010,1.9974,2.0000
9.0020,1.9975,2.0000
9.0030,1.9975,2.0000
9.0040,1.9975,2.0000
9.0050,1.9975,2.0000
9.0060,1.9975,2.0000
9.0070,1.9976,2.0000
9.0080,1.9976,2.0000
9.0090,1.9976,2.0000
9.0100,1.9976,2.0000
9.0110,1.9977,2.0000
9.0120,1.9977,2.0000
9.0130,1.9977,2.0000
9.0140,1.9977,2.0000
9.0150,1.9977,2.0000
9.0160,1.9978,2.0000
9.0170,1.9978,2.0000
9.0180,1.9978,2.0000
9.0190,1.9978,2.0000
9.0200,1.9979,2.0000
9.0210,1.9979,2.0000
9.0220,1.9979,2.0000
9.0230,1.9979,2.0000
9.0240,1.9979,2.0000
9.0250,1.9980,2.0000
9.0260,1.9980,2.0000
9.0270,1.9980,2.0000
9.0280,1.9980,2.0000
9.0290,1.9981,2.0000
9.0300,1.9981,2.0000
9.0310,1.9981,2.0000
9.0320,1.9981,2.0000
9.0330,1.9981,2.0000
9.0340,1.9982,2.0000
9.0350,1.9982,2.0000
9.0360,1.9982,2.0000
9.0370,1.9982,2.0000
9.0380,1.9983,2.0000
9.0390,1.9983,2.0000
9.0400,1.9983,2.0000
9.0410,1.9983,2.0000
9.0420,1.9983,2.0000
9.0430,1.9984,2.0000
9.0440,1.9984,2.0000
9.0450,1.9984,2.0000
9.0460,1.9984,2.0000
9.0470,1.9985,2.0000
9.0480,1.9985,2.0000
9.0490,1.9985,2.0000
9.0500,1.9985,2.0000
9.0510,1.9985,2.0000
9.0520,1.9986,2.0000
9.0530,1.9986,2.0000
9.0540,1.9986,2.0000
9.0550,1.9986,2.0000
9.0560,1.9987,2.0000
9.0570,1.9987,2.0000
9.0580,1.9987,2.0000
9.0590,1.9987,2.0000
9.0600,1.9987,2.0000
9.0610,1.9988,2.0000
9.0620,1.9988,2.0000
9.0630,1.9988,2.0000
9.0640,1.9988,2.0000
9.0650,1.9989,2.0000
9.0660,1.9989,2.0000
9.0670,1.9989,2.0000
9.0680,1.9989,2.0000
9.0690,1.9989,2.0000
9.0700,1.9990,2.0000
9.0710,1.9990,2.0000
9.0720,1.9990,2.0000
9.0730,1.9990,2.0000
9.0740,1.9990,2.0000
9.0750,1.9991,2.0000
9.0760,1.9991,2.0000
9.0770,1.9991,2.0000
9.0780,1.9991,2.0000
9.0790,1.9992,2.0000
9.0800,1.9992,2.0000
9.0810,1.9992,2.0000
9.0820,1.9992,2.0000
9.0830,1.9992,2.0000
9.0840,1.9993,2.0000
9.0850,1.9993,2.0000
9.0860,1.9993,2.0000
9.0870,1.9993,2.0000
9.0880,1.9994,2.0000
9.0890,1.9994,2.0000
9.0900,1.9994,2.0000
9.0910,1.9994,2.0000
9.0920,1.9994,2.0000
9.0930,1.9995,2.0000
9.0940,1.9995,2.0000
9.0950,1.9995,2.0000
9.0960,1.9995,2.0000
9.0970,1.9996,2.0000
9.0980,1.9996,2.0000
9.0990,1.9996,2.0000
9.1000,1.9996,2.0000
9.1010,1.9996,2.0000
9.1020,1.9997,2.0000
9.1030,1.9997,2.0000
9.1040,1.9997,2.0000
9.1050,1.9997,2.0000
9.1060,1.9997,2.0000
9.1070,1.9998,2.0000
9.1080,1.9998,2.0000
9.1090,1.9998,2.0000
9.1100,1.9998,2.0000
9.1110,1.9999,2.0000
9.1120,1.9999,2.0000
9.1130,1.9999,2.0000
9.1140,1.9999,2.0000
9.1150,1.9999,2.0000
9.1160,2.0000,2.0000
9.1170,2.0000,2.0000
9.1180,2.0000,2.0000
9.1190,2.0000,2.0000
9.1200,2.0001,2.0000
9.1210,2.0001,2.0000
9.1220,2.0001,2.0000
9.1230,2.0001,2.0000
9.1240,2.0001,2.0000
9.1250,2.0002,2.0000
9.1260,2.0002,2.0000
9.1270,2.0002,2.0000
9.1280,2.0002,2.0000
9.1290,2.0002,2.0000
9.1300,2.0003,2.0000
9.1310,2.0003,2.0000
9.1320,2.0003,2.0000
9.1330,2.0003,2.0000
9.1340,2.0003,2.0000
9.1350,2.0004,2.0000
9.1360,2.0004,2.0000
9.1370,2.0004,2.0000
9.1380,2.0004,2.0000
9.1390,2.0005,2.0000
9.1400,2.0005,2.0000
9.1410,2.0005,2.0000
9.1420,2.0005,2.0000
9.1430,2.0005,2.0000
9.1440,2.0006,2.0000
9.1450,2.0006,2.0000
9.1460,2.0006,2.0000
9.1470,2.0006,2.0000
9.1480,2.0006,2.0000
9.1490,2.0007,2.0000
9.1500,2.0007,2.0000
9.1510,2.0007,2.0000
9.1520,2.0007,2.0000
9.1530,2.0007,2.0000
9.1540,2.0008,2.0000
9.1550,2.0008,2.0000
9.1560,2.0008,2.0000
9.1570,2.0008,2.0000
9.1580,2.0009,2.0000
9.1590,2.0009,2.0000
9.1600,2.0009,2.0000
9.1610,2.0009,2.0000
9.1620,2.0009,2.0000
9.1630,2.0010,2.0000
9.1640,2.0010,2.0000
9.1650,2.0010,2.0000
9.1660,2.0010,2.0000
9.1670,2.0010,2.0000
9.1680,2.0011,2.0000
9.1690,2.0011,2.0000
9.1700,2.0011,2.0000
9.1710,2.0011,2.0000
9.1720,2.0011,2.0000
9.1730,2.0012,2.0000
9.1740,2.0012,2.0000
9.1750,2.0012,2.0000
9.1760,2.0012,2.0000
9.1770,2.0012,2.0000
9.1780,2.0013,2.0000
9.1790,2.0013,2.0000
9.1800,2.0013,2.0000
9.1810,2.0013,2.0000
9.1820,2.0013,2.0000
9.1830,2.0014,2.0000
9.1840,2.0014,2.0000
9.1850,2.0014,2.0000
9.1860,2.0014,2.0000
9.1870,2.0014,2.0000
9.1880,2.0015,2.0000
9.1890,2.0015,2.0000
9.1900,2.0015,2.0000
9.1910,2.0015,2.0000
9.1920,2.0015,2.0000
9.1930,2.0016,2.0000
9.1940,2.0016,2.0000
9.1950,2.0016,2.0000
9.1960,2.0016,2.0000
9.1970,2.0016,2.0000
9.1980,2.0017,2.0000
9.1990,2.0017,2.0000
9.2000,2.0017,2.0000
9.2010,2.0017,2.0000
9.2020,2.0017,2.0000
9.2030,2.0018,2.0000
9.2040,2.0018,2.0000
9.2050,2.0018,2.0000
9.2060,2.0018,2.0000
9.2070,2.0018,2.0000
9.2080,2.0018,2.0000
9.2090,2.0019,2.0000
9.2100,2.0019,2.0000
9.2110,2.0019,2.0000
9.2120,2.0019,2.0000
9.2130,2.0019,2.0000
9.2140,2.0020,2.0000
9.2150,2.0020,2.0000
9.2160,2.0020,2.0000
9.2170,2.0020,2.0000
9.2180,2.0020,2.0000
9.2190,2.0021,2.0000
9.2200,2.0021,2.0000
9.2210,2.0021,2.0000
9.2220,2.0021,2.0000
9.2230,2.0021,2.0000
9.2240,2.0021,2.0000
9.2250,2.0022,2.0000
9.2260,2.0022,2.0000
9.2270,2.0022,2.0000
9.2280,2.0022,2.0000
9.2290,2.0022,2.0000
9.2300,2.0023,2.0000
9.2310,2.0023,2.0000
9.2320,2.0023,2.0000
9.2330,2.0023,2.0000
9.2340,2.0023,2.0000
9.2350,2.0024,2.0000
9.2360,2.0024,2.0000
9.2370,2.0024,2.0000
9.2380,2.0024,2.0000
9.2390,2.0024,2.0000
9.2400,2.0024,2.0000
9.2410,2.0025,2.0000
9.2420,2.0025,2.0000
9.2430,2.0025,2.0000
9.2440,2.0025,2.0000
9.2450,2.0025,2.0000
9.2460,2.0025,2.0000
9.2470,2.0026,2.0000
9.2480,2.0026,2.0000
9.2490,2.0026,2.0000
9.2500,2.0026,2.0000
9.2510,2.0026,2.0000
9.2520,2.0027,2.0000
9.2530,2.0027,2.0000
9.2540,2.0027,2.0000
9.2550,2.0027,2.0000
9.2560,2.0027,2.0000
9.2570,2.0027,2.0000
9.2580,2.0028,2.0000
9.2590,2.0028,2.0000
9.2600,2.0028,2.0000
9.2610,2.0028,2.0000
9.2620,2.0028,2.0000
9.2630,2.0028,2.0000
9.2640,2.0029,2.0000
9.2650,2.0029,2.0000
9.2660,2.0029,2.0000
9.2670,2.0029,2.0000
9.2680,2.0029,2.0000
9.2690,2.0029,2.0000
9.2700,2.0030,2.0000
9.2710,2.0030,2.0000
9.2720,2.0030,2.0000
9.2730,2.0030,2.0000
9.2740,2.0030,2.0000
9.2750,2.0030,2.0000
9.2760,2.0031,2.0000
9.2770,2.0031,2.0000
9.2780,2.0031,2.0000
9.2790,2.0031,2.0000
9.2800,2.0031,2.0000
9.2810,2.0031,2.0000
9.2820,2.0032,2.0000
9.2830,2.0032,2.0000
9.2840,2.0032,2.0000
9.2850,2.0032,2.0000
9.2860,2.0032,2.0000
9.2870,2.0032,2.0000
9.2880,2.0032,2.0000
9.2890,2.0033,2.0000
9.2900,2.0033,2.0000
9.2910,2.0033,2.0000
9.2920,2.0033,2.0000
9.2930,2.0033,2.0000
9.2940,2.0033,2.0000
9.2950,2.0034,2.0000
9.2960,2.0034,2.0000
9.2970,2.0034,2.0000
9.2980,2.0034,2.0000
9.2990,2.0034,2.0000
9.3000,2.0034,2.0000
9.3010,2.0034,2.0000
9.3020,2.0035,2.0000
9.3030,2.0035,2.0000
9.3040,2.0035,2.0000
9.3050,2.0035,2.0000
9.3060,2.0035,2.0000
9.3070,2.0035,2.0000
9.3080,2.0036,2.0000
9.3090,2.0036,2.0000
9.3100,2.0036,2.0000
9.3110,2.0036,2.0000
9.3120,2.0036,2.0000
9.3130,2.0036,2.0000
9.3140,2.0036,2.0000
9.3150,2.0037,2.0000
9.3160,2.0037,2.0000
9.3170,2.0037,2.0000
9.3180,2.0037,2.0000
9.3190,2.0037,2.0000
9.3200,2.0037,2.0000
9.3210,2.0037,2.0000
9.3220,2.0038,2.0000
9.3230,2.0038,2.0000
9.3240,2.0038,2.0000
9.3250,2.0038,2.0000
9.3260,2.0038,2.0000
9.3270,2.0038,2.0000
9.3280,2.0038,2.0000
9.3290,2.0039,2.0000
9.3300,2.0039,2.0000
9.3310,2.0039,2.0000
9.3320,2.0039,2.0000
9.3330,2.0039,2.0000
9.3340,2.0039,2.0000
9.3350,2.0039,2.0000
9.3360,2.0039,2.0000
9.3370,2.0040,2.0000
9.3380,2.0040,2.0000
9.3390,2.0040,2.0000
9.3400,2.0040,2.0000
9.3410,2.0040,2.0000
9.3420,2.0040,2.0000
9.3430,2.0040,2.0000
9.3440,2.0041,2.0000
9.3450,2.0041,2.0000
9.3460,2.0041,2.0000
9.3470,2.0041,2.0000
9.3480,2.0041,2.0000
9.3490,2.0041,2.0000
9.3500,2.0041,2.0000
9.3510,2.0041,2.0000
9.3520,2.0042,2.0000
9.3530,2.0042,2.0000
9.3540,2.0042,2.0000
9.3550,2.0042,2.0000
9.3560,2.0042,2.0000
9.3570,2.0042,2.0000
9.3580,2.0042,2.0000
9.3590,2.0042,2.0000
9.3600,2.0042,2.0000
9.3610,2.0043,2.0000
9.3620,2.0043,2.0000
9.3630,2.0043,2.0000
9.3640,2.0043,2.0000
9.3650,2.0043,2.0000
9.3660,2.0043,2.0000
9.3670,2.0043,2.0000
9.3680,2.0043,2.0000
9.3690,2.0044,2.0000
9.3700,2.0044,2.0000
9.3710,2.0044,2.0000
9.3720,2.0044,2.0000
9.3730,2.0044,2.0000
9.3740,2.0044,2.0000
9.3750,2.0044,2.0000
9.3760,2.0044,2.0000
9.3770,2.0044,2.0000
9.3780,2.0045,2.0000
9.3790,2.0045,2.0000
9.3800,2.0045,2.0000
9.3810,2.0045,2.0000
9.3820,2.0045,2.0000
9.3830,2.0045,2.0000
9.3840,2.0045,2.0000
9.3850,2.0045,2.0000
9.3860,2.0045,2.0000
9.3870,2.0046,2.0000
9.3880,2.0046,2.0000
9.3890,2.0046,2.0000
9.3900,2.0046,2.0000
9.3910,2.0046,2.0000
9.3920,2.0046,2.0000
9.3930,2.0046,2.0000
9.3940,2.0046,2.0000
9.3950,2.0046,2.0000
9.3960,2.0046,2.0000
9.3970,2.0047,2.0000
9.3980,2.0047,2.0000
9.3990,2.0047,2.0000
9.4000,2.0047,2.0000
9.4010,2.0047,2.0000
9.4020,2.0047,2.0000
9.4030,2.0047,2.0000
9.4040,2.0047,2.0000
9.4050,2.0047,2.0000
9.4060,2.0047,2.0000
9.4070,2.0047,2.0000
9.4080,2.0048,2.0000
9.4090,2.0048,2.0000
9.4100,2.0048,2.0000
9.4110,2.0048,2.0000
9.4120,2.0048,2.0000
9.4130,2.0048,2.0000
9.4140,2.0048,2.0000
9.4150,2.0048,2.0000
9.4160,2.0048,2.0000
9.4170,2.0048,2.0000
9.4180,2.0048,2.0000
9.4190,2.0049,2.0000
9.4200,2.0049,2.0000
9.4210,2.0049,2.0000
9.4220,2.0049,2.0000
9.4230,2.0049,2.0000
9.4240,2.0049,2.0000
9.4250,2.0049,2.0000
9.4260,2.0049,2.0000
9.4270,2.0049,2.0000
9.4280,2.0049,2.0000
9.4290,2.0049,2.0000
9.4300,2.0049,2.0000
9.4310,2.0050,2.0000
9.4320,2.0050,2.0000
9.4330,2.0050,2.0000
9.4340,2.0050,2.0000
9.4350,2.0050,2.0000
9.4360,2.0050,2.0000
9.4370,2.0050,2.0000
9.4380,2.0050,2.0000
9.4390,2.0050,2.0000
9.4400,2.0050,2.0000
9.4410,2.0050,2.0000
9.4420,2.0050,2.0000
9.4430,2.0050,2.0000
9.4440,2.0050,2.0000
9.4450,2.0051,2.0000
9.4460,2.0051,2.0000
9.4470,2.0051,2.0000
9.4480,2.0051,2.0000
9.4490,2.0051,2.0000
9.4500,2.0051,2.0000
9.4510,2.0051,2.0000
9.4520,2.0051,2.0000
9.4530,2.0051,2.0000
9.4540,2.0051,2.0000
9.4550,2.0051,2.0000
9.4560,2.0051,2.0000
9.4570,2.0051,2.0000
9.4580,2.0051,2.0000
9.4590,2.0051,2.0000
9.4600,2.0051,2.0000
9.4610,2.0052,2.0000
9.4620,2.0052,2.0000
9.4630,2.0052,2.0000
9.4640,2.0052,2.0000
9.4650,2.0052,2.0000
9.4660,2.0052,2.0000
9.4670,2.0052,2.0000
9.4680,2.0052,2.0000
9.4690,2.0052,2.0000
9.4700,2.0052,2.0000
9.4710,2.0052,2.0000
9.4720,2.0052,2.0000
9.4730,2.0052,2.0000
9.4740,2.0052,2.0000
9.4750,2.0052,2.0000
9.4760,2.0052,2.0000
9.4770,2.0052,2.0000
9.4780,2.0052,2.0000
9.4790,2.0052,2.0000
9.4800,2.0053,2.0000
9.4810,2.0053,2.0000
9.4820,2.0053,2.0000
9.4830,2.0053,2.0000
9.4840,2.0053,2.0000
9.4850,2.0053,2.0000
9.4860,2.0053,2.0000
9.4870,2.0053,2.0000
9.4880,2.0053,2.0000
9.4890,2.0053,2.0000
9.4900,2.0053,2.0000
9.4910,2.0053,2.0000
9.4920,2.0053,2.0000
9.4930,2.0053,2.0000
9.4940,2.0053,2.0000
9.4950,2.0053,2.0000
9.4960,2.0053,2.0000
9.4970,2.0053,2.0000
9.4980,2.0053,2.0000
9.4990,2.0053,2.0000
9.5000,2.0053,2.0000
9.5010,2.0053,2.0000
9.5020,2.0053,2.0000
9.5030,2.0053,2.0000
9.5040,2.0053,2.0000
9.5050,2.0054,2.0000
9.5060,2.0054,2.0000
9.5070,2.0054,2.0000
9.5080,2.0054,2.0000
9.5090,2.0054,2.0000
9.5100,2.0054,2.0000
9.5110,2.0054,2.0000
9.5120,2.0054,2.0000
9.5130,2.0054,2.0000
9.5140,2.0054,2.0000
9.5150,2.0054,2.0000
9.5160,2.0054,2.0000
9.5170,2.0054,2.0000
9.5180,2.0054,2.0000
9.5190,2.0054,2.0000
9.5200,2.0054,2.0000
9.5210,2.0054,2.0000
9.5220,2.0054,2.0000
9.5230,2.0054,2.0000
9.5240,2.0054,2.0000
9.5250,2.0054,2.0000
9.5260,2.0054,2.0000
9.5270,2.0054,2.0000
9.5280,2.0054,2.0000
9.5290,2.0054,2.0000
9.5300,2.0054,2.0000
9.5310,2.0054,2.0000
9.5320,2.0054,2.0000
9.5330,2.0054,2.0000
9.5340,2.0054,2.0000
9.5350,2.0054,2.0000
9.5360,2.0054,2.0000
9.5370,2.0054,2.0000
9.5380,2.0054,2.0000
9.5390,2.0054,2.0000
9.5400,2.0054,2.0000
9.5410,2.0054,2.0000
9.5420,2.0054,2.0000
9.5430,2.0054,2.0000
9.5440,2.0054,2.0000
9.5450,2.0054,2.0000
9.5460,2.0054,2.0000
9.5470,2.0054,2.0000
9.5480,2.0054,2.0000
9.5490,2.0054,2.0000
9.5500,2.0054,2.0000
9.5510,2.0054,2.0000
9.5520,2.0054,2.0000
9.5530,2.0054,2.0000
9.5540,2.0054,2.0000
9.5550,2.0054,2.0000
9.5560,2.0054,2.0000
9.5570,2.0054,2.0000
9.5580,2.0054,2.0000
9.5590,2.0054,2.0000
9.5600,2.0054,2.0000
9.5610,2.0054,2.0000
9.5620,2.0054,2.0000
9.5630,2.0054,2.0000
9.5640,2.0054,2.0000
9.5650,2.0054,2.0000
9.5660,2.0054,2.0000
9.5670,2.0054,2.0000
9.5680,2.0054,2.0000
9.5690,2.0054,2.0000
9.5700,2.0054,2.0000
9.5710,2.0054,2.0000
9.5720,2.0054,2.0000
9.5730,2.0054,2.0000
9.5740,2.0054,2.0000
9.5750,2.0054,2.0000
9.5760,2.0054,2.0000
9.5770,2.0054,2.0000
9.5780,2.0054,2.0000
9.5790,2.0054,2.0000
9.5800,2.0054,2.0000
9.5810,2.0054,2.0000
9.5820,2.0054,2.0000
9.5830,2.0054,2.0000
9.5840,2.0054,2.0000
9.5850,2.0054,2.0000
9.5860,2.0054,2.0000
9.5870,2.0054,2.0000
9.5880,2.0054,2.0000
9.5890,2.0054,2.0000
9.5900,2.0054,2.0000
9.5910,2.0054,2.0000
9.5920,2.0054,2.0000
9.5930,2.0054,2.0000
9.5940,2.0054,2.0000
9.5950,2.0054,2.0000
9.5960,2.0054,2.0000
9.5970,2.0054,2.0000
9.5980,2.0054,2.0000
9.5990,2.0054,2.0000
9.6000,2.0054,2.0000
9.6010,2.0054,2.0000
9.6020,2.0054,2.0000
9.6030,2.0054,2.0000
9.6040,2.0054,2.0000
9.6050,2.0054,2.0000
9.6060,2.0054,2.0000
9.6070,2.0053,2.0000
9.6080,2.0053,2.0000
9.6090,2.0053,2.0000
9.6100,2.0053,2.0000
9.6110,2.0053,2.0000
9.6120,2.0053,2.0000
9.6130,2.0053,2.0000
9.6140,2.0053,2.0000
9.6150,2.0053,2.0000
9.6160,2.0053,2.0000
9.6170,2.0053,2.0000
9.6180,2.0053,2.0000
9.6190,2.0053,2.0000
9.6200,2.0053,2.0000
9.6210,2.0053,2.0000
9.6220,2.0053,2.0000
9.6230,2.0053,2.0000
9.6240,2.0053,2.0000
9.6250,2.0053,2.0000
9.6260,2.0053,2.0000
9.6270,2.0053,2.0000
9.6280,2.0053,2.0000
9.6290,2.0053,2.0000
9.6300,2.0053,2.0000
9.6310,2.0053,2.0000
9.6320,2.0053,2.0000
9.6330,2.0052,2.0000
9.6340,2.0052,2.0000
9.6350,2.0052,2.0000
9.6360,2.0052,2.0000
9.6370,2.0052,2.0000
9.6380,2.0052,2.0000
9.6390,2.0052,2.0000
9.6400,2.0052,2.0000
9.6410,2.0052,2.0000
9.6420,2.0052,2.0000
9.6430,2.0052,2.0000
9.6440,2.0052,2.0000
9.6450,2.0052,2.0000
9.6460,2.0052,2.0000
9.6470,2.0052,2.0000
9.6480,2.0052,2.0000
9.6490,2.0052,2.0000
9.6500,2.0052,2.0000
9.6510,2.0052,2.0000
9.6520,2.0051,2.0000
9.6530,2.0051,2.0000
9.6540,2.0051,2.0000
9.6550,2.0051,2.0000
9.6560,2.0051,2.0000
9.6570,2.0051,2.0000
9.6580,2.0051,2.0000
9.6590,2.0051,2.0000
9.6600,2.0051,2.0000
9.6610,2.0051,2.0000
9.6620,2.0051,2.0000
9.6630,2.0051,2.0000
9.6640,2.0051,2.0000
9.6650,2.0051,2.0000
9.6660,2.0051,2.0000
9.6670,2.0051,2.0000
9.6680,2.0051,2.0000
9.6690,2.0050,2.0000
9.6700,2.0050,2.0000
9.6710,2.0050,2.0000
9.6720,2.0050,2.0000
9.6730,2.0050,2.0000
9.6740,2.0050,2.0000
9.6750,2.0050,2.0000
9.6760,2.0050,2.0000
9.6770,2.0050,2.0000
9.6780,2.0050,2.0000
9.6790,2.0050,2.0000
9.6800,2.0050,2.0000
9.6810,2.0050,2.0000
9.6820,2.0050,2.0000
9.6830,2.0049,2.0000
9.6840,2.0049,2.0000
9.6850,2.0049,2.0000
9.6860,2.0049,2.0000
9.6870,2.0049,2.0000
9.6880,2.0049,2.0000
9.6890,2.0049,2.0000
9.6900,2.0049,2.0000
9.6910,2.0049,2.0000
9.6920,2.0049,2.0000
9.6930,2.0049,2.0000
9.6940,2.0049,2.0000
9.6950,2.0049,2.0000
9.6960,2.0048,2.0000
9.6970,2.0048,2.0000
9.6980,2.0048,2.0000
9.6990,2.0048,2.0000
9.7000,2.0048,2.0000
9.7010,2.0048,2.0000
9.7020,2.0048,2.0000
9.7030,2.0048,2.0000
9.7040,2.0048,2.0000
9.7050,2.0048,2.0000
9.7060,2.0048,2.0000
9.7070,2.0048,2.0000
9.7080,2.0047,2.0000
9.7090,2.0047,2.0000
9.7100,2.0047,2.0000
9.7110,2.0047,2.0000
9.7120,2.0047,2.0000
9.7130,2.0047,2.0000
9.7140,2.0047,2.0000
9.7150,2.0047,2.0000
9.7160,2.0047,2.0000
9.7170,2.0047,2.0000
9.7180,2.0047,2.0000
9.7190,2.0047,2.0000
9.7200,2.0046,2.0000
9.7210,2.0046,2.0000
9.7220,2.0046,2.0000
9.7230,2.0046,2.0000
9.7240,2.0046,2.0000
9.7250,2.0046,2.0000
9.7260,2.0046,2.0000
9.7270,2.0046,2.0000
9.7280,2.0046,2.0000
9.7290,2.0046,2.0000
9.7300,2.0045,2.0000
9.7310,2.0045,2.0000
9.7320,2.0045,2.0000
9.7330,2.0045,2.0000
9.7340,2.0045,2.0000
9.7350,2.0045,2.0000
9.7360,2.0045,2.0000
9.7370,2.0045,2.0000
9.7380,2.0045,2.0000
9.7390,2.0045,2.0000
9.7400,2.0045,2.0000
9.7410,2.0044,2.0000
9.7420,2.0044,2.0000
9.7430,2.0044,2.0000
9.7440,2.0044,2.0000
9.7450,2.0044,2.0000
9.7460,2.0044,2.0000
9.7470,2.0044,2.0000
9.7480,2.0044,2.0000
9.7490,2.0044,2.0000
9.7500,2.0043,2.0000
9.7510,2.0043,2.0000
9.7520,2.0043,2.0000
9.7530,2.0043,2.0000
9.7540,2.0043,2.0000
9.7550,2.0043,2.0000
9.7560,2.0043,2.0000
9.7570,2.0043,2.0000
9.7580,2.0043,2.0000
9.7590,2.0043,2.0000
9.7600,2.0042,2.0000
9.7610,2.0042,2.0000
9.7620,2.0042,2.0000
9.7630,2.0042,2.0000
9.7640,2.0042,2.0000
9.7650,2.0042,2.0000
9.7660,2.0042,2.0000
9.7670,2.0042,2.0000
9.7680,2.0042,2.0000
9.7690,2.0041,2.0000
9.7700,2.0041,2.0000
9.7710,2.0041,2.0000
9.7720,2.0041,2.0000
9.7730,2.0041,2.0000
9.7740,2.0041,2.0000
9.7750,2.0041,2.0000
9.7760,2.0041,2.0000
9.7770,2.0041,2.0000
9.7780,2.0040,2.0000
9.7790,2.0040,2.0000
9.7800,2.0040,2.0000
9.7810,2.0040,2.0000
9.7820,2.0040,2.0000
9.7830,2.0040,2.0000
9.7840,2.0040,2.0000
9.7850,2.0040,2.0000
9.7860,2.0039,2.0000
9.7870,2.0039,2.0000
9.7880,2.0039,2.0000
9.7890,2.0039,2.0000
9.7900,2.0039,2.0000
9.7910,2.0039,2.0000
9.7920,2.0039,2.0000
9.7930,2.0039,2.0000
9.7940,2.0038,2.0000
9.7950,2.0038,2.0000
9.7960,2.0038,2.0000
9.7970,2.0038,2.0000
9.7980,2.0038,2.0000
9.7990,2.0038,2.0000
9.8000,2.0038,2.0000
9.8010,2.0038,2.0000
9.8020,2.0037,2.0000
9.8030,2.0037,2.0000
9.8040,2.0037,2.0000
9.8050,2.0037,2.0000
9.8060,2.0037,2.0000
9.8070,2.0037,2.0000
9.8080,2.0037,2.0000
9.8090,2.0037,2.0000
9.8100,2.0036,2.0000
9.8110,2.0036,2.0000
9.8120,2.0036,2.0000
9.8130,2.0036,2.0000
9.8140,2.0036,2.0000
9.8150,2.0036,2.0000
9.8160,2.0036,2.0000
9.8170,2.0036,2.0000
9.8180,2.0035,2.0000
9.8190,2.0035,2.0000
9.8200,2.0035,2.0000
9.8210,2.0035,2.0000
9.8220,2.0035,2.0000
9.8230,2.0035,2.0000
9.8240,2.0035,2.0000
9.8250,2.0035,2.0000
9.8260,2.0034,2.0000
9.8270,2.0034,2.0000
9.8280,2.0034,2.0000
9.8290,2.0034,2.0000
9.8300,2.0034,2.0000
9.8310,2.0034,2.0000
9.8320,2.0034,2.0000
9.8330,2.0033,2.0000
9.8340,2.0033,2.0000
9.8350,2.0033,2.0000
9.8360,2.0033,2.0000
9.8370,2.0033,2.0000
9.8380,2.0033,2.0000
9.8390,2.0033,2.0000
9.8400,2.0033,2.0000
9.8410,2.0032,2.0000
9.8420,2.0032,2.0000
9.8430,2.0032,2.0000
9.8440,2.0032,2.0000
9.8450,2.0032,2.0000
9.8460,2.0032,2.0000
9.8470,2.0032,2.0000
9.8480,2.0031,2.0000
9.8490,2.0031,2.0000
9.8500,2.0031,2.0000
9.8510,2.0031,2.0000
9.8520,2.0031,2.0000
9.8530,2.0031,2.0000
9.8540,2.0031,2.0000
9.8550,2.0030,2.0000
9.8560,2.0030,2.0000
9.8570,2.0030,2.0000
9.8580,2.0030,2.0000
9.8590,2.0030,2.0000
9.8600,2.0030,2.0000
9.8610,2.0030,2.0000
9.8620,2.0029,2.0000
9.8630,2.0029,2.0000
9.8640,2.0029,2.0000
9.8650,2.0029,2.0000
9.8660,2.0029,2.0000
9.8670,2.0029,2.0000
9.8680,2.0029,2.0000
9.8690,2.0028,2.0000
9.8700,2.0028,2.0000
9.8710,2.0028,2.0000
9.8720,2.0028,2.0000
9.8730,2.0028,2.0000
9.8740,2.0028,2.0000
9.8750,2.0028,2.0000
9.8760,2.0027,2.0000
9.8770,2.0027,2.0000
9.8780,2.0027,2.0000
9.8790,2.0027,2.0000
9.8800,2.0027,2.0000
9.8810,2.0027,2.0000
9.8820,2.0027,2.0000
9.8830,2.0026,2.0000
9.8840,2.0026,2.0000
9.8850,2.0026,2.0000
9.8860,2.0026,2.0000
9.8870,2.0026,2.0000
9.8880,2.0026,2.0000
9.8890,2.0025,2.0000
9.8900,2.0025,2.0000
9.8910,2.0025,2.0000
9.8920,2.0025,2.0000
9.8930,2.0025,2.0000
9.8940,2.0025,2.0000
9.8950,2.0025,2.0000
9.8960,2.0024,2.0000
9.8970,2.0024,2.0000
9.8980,2.0024,2.0000
9.8990,2.0024,2.0000
9.9000,2.0024,2.0000
9.9010,2.0024,2.0000
9.9020,2.0024,2.0000
9.9030,2.0023,2.0000
9.9040,2.0023,2.0000
9.9050,2.0023,2.0000
9.9060,2.0023,2.0000
9.9070,2.0023,2.0000
9.9080,2.0023,2.0000
9.9090,2.0022,2.0000
9.9100,2.0022,2.0000
9.9110,2.0022,2.0000
9.9120,2.0022,2.0000
9.9130,2.0022,2.0000
9.9140,2.0022,2.0000
9.9150,2.0022,2.0000
9.9160,2.0021,2.0000
9.9170,2.0021,2.0000
9.9180,2.0021,2.0000
9.9190,2.0021,2.0000
9.9200,2.0021,2.0000
9.9210,2.0021,2.0000
9.9220,2.0020,2.0000
9.9230,2.0020,2.0000
9.9240,2.0020,2.0000
9.9250,2.0020,2.0000
9.9260,2.0020,2.0000
9.9270,2.0020,2.0000
9.9280,2.0020,2.0000
9.9290,2.0019,2.0000
9.9300,2.0019,2.0000
9.9310,2.0019,2.0000
9.9320,2.0019,2.0000
9.9330,2.0019,2.0000
9.9340,2.0019,2.0000
9.9350,2.0018,2.0000
9.9360,2.0018,2.0000
9.9370,2.0018,2.0000
9.9380,2.0018,2.0000
9.9390,2.0018,2.0000
9.9400,2.0018,2.0000
9.9410,2.0018,2.0000
9.9420,2.0017,2.0000
9.9430,2.0017,2.0000
9.9440,2.0017,2.0000
9.9450,2.0017,2.0000
9.9460,2.0017,2.0000
9.9470,2.0017,2.0000
9.9480,2.0016,2.0000
9.9490,2.0016,2.0000
9.9500,2.0016,2.0000
9.9510,2.0016,2.0000
9.9520,2.0016,2.0000
9.9530,2.0016,2.0000
9.9540,2.0015,2.0000
9.9550,2.0015,2.0000
9.9560,2.0015,2.0000
9.9570,2.0015,2.0000
9.9580,2.0015,2.0000
9.9590,2.0015,2.0000
9.9600,2.0015,2.0000
9.9610,2.0014,2.0000
9.9620,2.0014,2.0000
9.9630,2.0014,2.0000
9.9640,2.0014,2.0000
9.9650,2.0014,2.0000
9.9660,2.0014,2.0000
9.9670,2.0013,2.0000
9.9680,2.0013,2.0000
9.9690,2.0013,2.0000
9.9700,2.0013,2.0000
9.9710,2.0013,2.0000
9.9720,2.0013,2.0000
9.9730,2.0012,2.0000
9.9740,2.0012,2.0000
9.9750,2.0012,2.0000
9.9760,2.0012,2.0000
9.9770,2.0012,2.0000
9.9780,2.0012,2.0000
9.9790,2.0011,2.0000
9.9800,2.0011,2.0000
9.9810,2.0011,2.0000
9.9820,2.0011,2.0000
9.9830,2.0011,2.0000
9.9840,2.0011,2.0000
9.9850,2.0011,2.0000
9.9860,2.0010,2.0000
9.9870,2.0010,2.0000
9.9880,2.0010,2.0000
9.9890,2.0010,2.0000
9.9900,2.0010,2.0000
9.9910,2.0010,2.0000
9.9920,2.0009,2.0000
9.9930,2.0009,2.0000
9.9940,2.0009,2.0000
9.9950,2.0009,2.0000
9.9960,2.0009,2.0000
9.9970,2.0009,2.0000
9.9980,2.0008,2.0000
9.9990,2.0008,2.0000
